,Unnamed: 0,domain,middle_layer_entropy,weighted_shortcut_score,shortcut_drift,shortcut_reliance,early_to_deep_edge_importance,path_depth_entropy,deep_shallow_ratio,logit_contribution_diff_deep_vs_shallow,logit_contribution_ratio_deep_vs_shallow,logit_contribution_ratio_deep_vs_shallow_1,logit_contribution_ratio_deep_vs_shallow_2,logit_contribution_ratio_deep_vs_shallow_4,logit_contribution_ratio_deep_vs_shallow_5,logit_contribution_ratio_deep_vs_shallow_signed,deep_logit_contribution,deep_logit_contribution_signed,deep_logit_contribution_normed,deep_logit_contribution_signed_normed,largest_edge_score,middle_layer_score_ratio,std_entropy_across_layers,logit_contribution_peak_layer,algebraic_connectivity,spectral_gap,graph_energy,laplacian_energy,normed_laplacian_energy,laplacian_spectral_entropy,modularity,community_size_variance,avg_clustering,kirchhoff_index,avg_path_length,effective_path_depth,node_importance_entropy,avg_betweenness,spectral_radius,avg_edge_flow_centrality,edge_score_gini,normed_algebraic_connectivity,normed_spectral_gap,normed_graph_energy,normed_kirchhoff_index,normed_avg_path_length,normed_avg_betweenness,normed_spectral_radius,attention_mlp_ratio,layerwise_score_variance,weighted_path_depth,layerwise_score_entropy,tail_shortcut_mass,tail_pos,tail_neg,backbone_chain_mass,inflow_from_10,inflow_from_11,inflow_from_8,inflow_from_9,mass_pos_frac,mass_neg_frac,signed_algebraic_connectivity,signed_spectral_radius,frustration_mass_frac,avg_clustering_pos,avg_clustering_neg,modularity_pos,modularity_neg,avg_path_length_abs,node_importance_entropy_pos,node_importance_entropy_neg,edge_score_gini_abs,normed_mass_pos_frac,normed_mass_neg_frac,normed_signed_algebraic_connectivity,normed_signed_spectral_radius,normed_frustration_mass_frac,normed_avg_clustering_pos,normed_avg_clustering_neg,normed_modularity_pos,normed_modularity_neg,normed_avg_path_length_abs,normed_node_importance_entropy_pos,normed_node_importance_entropy_neg,normed_edge_score_gini_abs,pos_low_layer_nodes,pos_low_layer_edges,pos_low_layer_density,pos_low_layer_gcc_frac,pos_low_layer_lambda2_norm,pos_low_layer_aspl_abs,pos_low_layer_res_connectivity,pos_low_layer_volume,pos_high_layer_nodes,pos_high_layer_edges,pos_high_layer_density,pos_high_layer_gcc_frac,pos_high_layer_lambda2_norm,pos_high_layer_aspl_abs,pos_high_layer_res_connectivity,pos_high_layer_volume,pos_between_cut_weight,pos_between_cut_weight_frac_of_sign,pos_between_conductance_sym,neg_low_layer_nodes,neg_low_layer_edges,neg_low_layer_density,neg_low_layer_gcc_frac,neg_low_layer_lambda2_norm,neg_low_layer_aspl_abs,neg_low_layer_res_connectivity,neg_low_layer_volume,neg_high_layer_nodes,neg_high_layer_edges,neg_high_layer_density,neg_high_layer_gcc_frac,neg_high_layer_lambda2_norm,neg_high_layer_aspl_abs,neg_high_layer_res_connectivity,neg_high_layer_volume,neg_between_cut_weight,neg_between_cut_weight_frac_of_sign,neg_between_conductance_sym,between_net_cut_sign,L_p,L1,L2,Linf,L0,srcc,pearson,cosine,residual_norm_L2,residual_norm_Linf,kendall_tau_c,kendall_tau_b,abs_srcc,abs_pearson,abs_cosine,abs_residual_norm_L2,abs_residual_norm_Linf,abs_kendall_tau_c,abs_kendall_tau_b,weighted_jaccard,binary_jaccard,spec_L2,spec_Linf,degree_dist_L1,ged_approx,trim_srcc_w,trim_srcc,trim_tau_b,trim_rbo,trim_sign_agree_w,inflow_from_7,model_id,AC,ANE,ATC,EMD,acc,alphaReQ,f1,l2,rankme,bacc,mcs_approx,laplacian_spectral_dist,netlsd_dist,motif_counts_dist,degree_distribution_dist
0,0,hospital0_slide8,7.369624857477513,0.117546409368515,4.92440151374658,4.92440151374658,0.0002373211755184,1.4320626258850098,0.1808104322757655,0.0140901208798318,84.32612862629433,217.4289351089709,175.45001282874284,86.8597924827254,32.59001952721464,-859.8359711153598,0.0146876732059411,0.0143254376975221,0.040421325993033,0.4498205962697646,0.0087891332805156,0.2174635827541351,1.7400357723236084,22,0.0001510677710314,-0.0001786269110742,0.0019632528009316,1271.6663362115603,5.101693288751297,2.904755617346237,0.4187874309990176,0.2222222222222222,0.0366857026219239,2493083.018452825,0.0006241835016168,0.9119398278989024,2.542826752128504,0.0167325428194993,0.0340761718228197,0.0091707589731305,0.5645720570764199,0.0004157456035061,-0.0004915896554212,0.0148692103877491,905901.3283248184,0.0017177823207179,0.0167325428194993,0.0937792247684167,0.5980135798454285,2.462075099174399e-05,4.924400806427002,2.851698875427246,0.6199504733085632,1.0,0.0,0.2038943405621943,0.0600102507129737,0.8565848192736765,0.018464113868589,0.0649408161447607,0.9999999999868234,0.0,0.0001526886388324,0.0387373782652173,0.0477780935621601,0.037923752211961,0.0,0.3931188702680124,0.0,5609.075536389798,2.435254594109876,0.0,0.5661849067256887,0.999999999999,0.0,0.0020118935168319,0.5104209506798068,0.0477780935627419,0.037923752211961,0.0,0.3931188702680122,0.0,425.68958127977,2.4352545941098764,0.0,0.566184906725717,25,53,0.1766666666666666,1.0,0.463642509988766,322.4462528274937,0.0005096055278589,1.2205499543912623,21,43,0.2047619047619047,1.0,0.2415452329535271,434.9312673274162,0.0004321975930446,0.5714906288941527,0.1039797083572925,0.0548410314043658,0.1819447303247923,0,0,0.0,0.0,0.0,,0.0,0.0,0,0,0.0,0.0,0.0,,0.0,0.0,0.0,0.0,0.0,1.0,0.0098327910527586,0.0758930072188377,0.0131642995402216,0.0087891332805156,138,0.6494830021296616,0.6746730853580153,0.6747062394244044,0.0122100798447522,0.0052867636550217,0.5299702102893498,0.5299702117947137,0.7451150456328689,0.8122907153953651,0.8149589965665066,0.0094441940882968,0.0038070166483521,0.5624045095680904,0.5624045127633542,0.4375664431893553,0.425,0.2425600875382243,0.1655485453868538,1.1256542814074737,,0.5388610496262435,0.3230947080030247,0.2163728427751841,29.223624107105408,0.9999999999957248,,0,0.9643707871437072,-0.0869587883353233,96.175,2.2097513675689697,0.912,0.9258779871442918,0.9089508652687072,479.09810160932346,184.6029510498047,0.9305900031801956,,0.515452950671929,0.0219922457463624,0.0830100000917524,0.0761589971636804
1,1,hospital0_slide9,7.334659770242343,0.1362523883581161,5.530432747016242,5.530432747016242,0.0001141844768426,1.0437402725219729,0.0649693510737374,0.0048463567039895,64.7779078958499,257.4123433446677,165.91846018538638,65.70924546026914,29.914038330110195,-1326.2302779390056,0.004993129687449,0.0048809190677445,0.0180076178786582,0.1762792959301363,0.0130218062549829,0.2190013080835342,1.6841716766357422,22,5.771593728414978e-05,-0.0001446678722182,0.002180273056066,1378.7701326197707,4.8230190325463695,2.545191295872287,0.2613892581104924,9.1875,0.0169397754873268,2437121.48747998,0.0004623365670888,0.5757454086977575,1.95936766500001,0.0150089360615676,0.041586012945257,0.0078470380194518,0.6186495516830356,0.0002081518947433,-0.0005217431286835,0.0283582962401536,675760.1183915472,0.001667411789435,0.0150089360615676,0.1499795022122635,0.7866493463516235,2.722892713791225e-05,5.53043270111084,2.669677495956421,0.667718231678009,1.0,0.0,0.1219640085005582,0.0905454315223522,0.9094545684776478,,,0.999999999984284,0.0,5.773524178806092e-05,0.0468798216945477,0.0148489727253156,0.0179971520929689,0.0,0.2249804774662807,0.0,7690.614893599378,1.8468627626961125,0.0,0.6340387145435968,0.999999999999,0.0,0.0009073578309342,0.7367557839889041,0.0148489727255341,0.0179971520929689,0.0,0.2249804774662805,0.0,489.354359705714,1.8468627626961127,0.0,0.6340387145436371,26,67,0.2061538461538461,1.0,0.4869271843719134,311.8399964180359,0.0004676670614861,1.6061165677669784,13,22,0.282051282051282,1.0,0.106940254089644,664.3393436624973,0.0005498054246702,0.1962916760489836,0.0987958780920191,0.051964897905266,0.5033116028178656,0,0,0.0,0.0,0.0,,0.0,0.0,0,0,0.0,0.0,0.0,,0.0,0.0,0.0,0.0,0.0,1.0,0.0137581452727317,0.063630074262619,0.0158758535981178,0.0130218062549829,136,0.4565866653539269,0.7822429231436214,0.7822142646355934,0.0106936536634584,0.0056050466373562,0.3566223485262661,0.3566223495395841,0.6619029999882059,0.8728021050324873,0.8738194043471308,0.0085535387000625,0.0056050466373562,0.4833284275564892,0.4833284303015992,0.3386489191708229,0.3476190476190476,0.1660100314730094,0.1237482329781343,1.1793679911870607,,0.4971880787841898,0.2759006739613759,0.1811142923194565,26.922323750931945,0.9999999999951762,,0,0.9725519418716432,-0.0735997408628463,97.5577731092437,2.1898553371429443,0.9419642857142856,0.8908483150250728,0.9004554152488708,479.09810160932346,200.97427368164065,0.8685967336438158,,0.5301212079411972,0.028272969245255,0.2547595006428949,0.0536845988388963
2,2,hospital1_slide18,7.444464171186674,-0.0683145746588707,4.9777420531625145,4.9777420531625145,0.0,0.0,0.0197671190411496,0.0014554277032639,8.395087975119187,23.33543578634811,17.377233301662887,9.588316648420948,4.384702722627659,-192.776683199088,0.0018870780514816,-0.0013143913898829,0.0042068765834939,57.868800463730864,0.0110333878546953,0.2096215635538101,1.7118343114852903,22,0.0001435779523168,-0.0001390164387717,0.0021516648691454,1181.3989806013492,4.484640982917261,2.578074741619798,0.2795340708620145,2.25,0.0137521780246569,1995471.6701457563,0.0005358119278403,0.5526525997242465,2.078791887271079,0.0126442231705389,0.0398486277475127,0.0073270887570788,0.5918109411781697,0.0003200801076844,-0.0003099110513978,0.01069341624463,895106.3715125251,0.0011944921315395,0.0126442231705389,0.0888350380149746,5.600021839141846,8.596301995567046e-06,4.9777421951293945,2.778475046157837,0.6858410239219666,1.0,0.0,0.1537998922783388,,,,,0.9999999999843052,0.0,0.0001436340081616,0.0427683268847856,0.0281625828506985,0.0147205093517482,0.0,0.2616460650479594,0.0,6238.167551427342,1.998859837702585,0.0,0.5968010283912539,0.999999999999,0.0,0.0022543093539694,0.6712410283887682,0.0281625828511123,0.0147205093517482,0.0,0.2616460650479592,0.0,397.4667484821632,1.9988598377025848,0.0,0.5968010283912952,29,70,0.1724137931034483,1.0,0.4363611073099951,356.2108129651449,0.0004090409845246,1.6344531174563084,9,11,0.3055555555555556,1.0,0.4518368516844813,418.8232021472695,0.000862850851855,0.1186721466027911,0.1234373679704503,0.0657784429166372,1.0401545055353971,0,0,0.0,0.0,0.0,,0.0,0.0,0,0,0.0,0.0,0.0,,0.0,0.0,0.0,0.0,0.0,1.0,0.012780575081706,0.0637153014540672,0.0153956664726138,0.0110333878546953,116,0.1537624683853524,0.7438716567469525,0.7436817913050119,0.013406252623278,0.0074790329672396,0.1191447474707722,0.1191447478093381,0.6264047404187959,0.8097323818639756,0.812458263726476,0.0119945566126457,0.0074790329672396,0.4510496963323463,0.4510496988953762,0.2444829627785241,0.1535087719298245,0.2727888777633159,0.1890710241310632,1.15128555980073,267.0,0.2983685603975537,0.1171196879840264,0.0847383635183764,23.664576866192267,0.9999999999965692,,0,0.9836907386779784,-0.0410934388637542,98.50980392156865,2.05210018157959,0.9050980392156864,0.953615916861148,0.7164192795753479,479.09810160932346,108.06935119628906,0.6601123595505618,,0.3574721216219518,0.1039714980714625,0.5138317088759932,0.1007885498205391
3,3,hospital1_slide19,7.378990206234269,0.1913405656814575,5.14469124555379,5.14469124555379,0.0,0.0,0.0053998868376875,0.0011061109581902,8.044962403215486,14.058821068107278,12.61305799991939,9.326342361930854,4.471726493510954,64.62557442086931,0.0014643082866143,0.0004765200132794,0.0015420162496327,0.0084416093623097,0.0319982729852199,0.2108711749315261,1.644720196723938,22,0.0005456123085633,-0.0002817756175546,0.0177042116611808,1127.3596134989798,4.141451191916355,2.514393236369356,0.2690378098991185,42.25,0.0233246629815871,706150.1913219749,0.0014611305618283,0.5445501771270194,1.9366385733082263,0.0120545646861436,0.117098624318589,0.0073131546815757,0.592077364820898,0.0005745670186425,-0.0002967289978319,0.0196331368350151,670564.4645064175,0.0015386703079544,0.0120545646861436,0.1233128524360484,0.8355754613876343,0.000160791692906,5.144690990447998,2.6987521648406982,0.6591826677322388,1.0,0.0,0.1424792049750101,,,,,0.9999999999944372,0.0,0.0005485896533812,0.1319672784644422,0.0579244538149191,0.025282138512763,0.0,0.23459766658137,0.0,1997.548455448128,1.8203474307799616,0.0,0.6053227888438326,0.999999999999,0.0,0.0030515734056803,0.7340784407799266,0.0579244538151834,0.025282138512763,0.0,0.2345976665813697,0.0,359.10472045230495,1.8203474307799616,0.0,0.6053227888438457,31,75,0.1612903225806451,1.0,0.3603367476732789,305.5128487804649,0.0004432428536916,1.734973622627256,8,10,0.3571428571428571,1.0,0.578755992997743,433.9688182525278,0.0008184231344639,0.0862143050728077,0.0894060361499684,0.046794890930047,1.0370208989617822,0,0,0.0,0.0,0.0,,0.0,0.0,0,0,0.0,0.0,0.0,,0.0,0.0,0.0,0.0,0.0,1.0,0.0371838696300983,0.1797727346420288,0.0440939255058765,0.0319982729852199,126,0.365501979916051,0.8139534354616246,0.8138673970601794,0.0418841350657023,0.0255123716779053,0.2833330995401654,0.2833331003450717,0.6435082890182684,0.8338498456547832,0.8357204250881382,0.0415281063183314,0.0255123716779053,0.4671240784667912,0.4671240811213388,0.1382612179707655,0.2352941176470588,0.1641817444623674,0.109273091995545,1.0380936988247933,,0.4925141728116077,0.3505129441920883,0.2653614181744853,21.806402470154225,0.9999999999981874,,0,0.9681437611579896,-0.0876188427209854,97.13954387321222,2.118005752563477,0.9605720912253576,0.9269280565693132,0.8281094431877136,479.09810160932346,148.6994171142578,0.8082967487433989,,0.3482312003789954,0.0266463022867006,0.2761448509847102,0.0560850699110521
4,4,hospital2_slide20,7.231933739607134,0.0480319373309612,6.010022373073208,6.010022373073208,0.0,0.0,0.0066164519828386,0.0005226922943286,4.696446711737779,4.519824367035008,6.4466247826512,5.006254479859075,3.022754952091716,342.00044907697685,0.000707905030822,-0.0002186487276958,0.0016731703802624,-0.0180806275555359,0.0143831614404916,0.2361747324466705,1.61976420879364,22,0.0003673787613452,-3.232203798187827e-05,0.0023353250738783,1386.1837010264226,3.750546079548892,2.5576521381378576,0.2387782777860772,14.0,0.0156732099389769,925434.6894866128,0.0005187865534191,0.5632291700930502,2.0258043898121407,0.0084616324535679,0.0431878733109311,0.0051331067686207,0.5475678771727079,0.0008683160148524,-7.639458180787491e-05,0.0130459250394256,391545.2889494528,0.0012261750787067,0.0084616324535679,0.1020764568065578,0.5747697949409485,6.425949322874658e-06,6.010022163391113,2.605543613433838,0.7019143104553223,1.0,0.0,0.1076731422666728,,,,,0.9999999999855002,0.0,0.0003705622284353,0.0478716763907555,0.1596025204076175,0.0178255259208999,0.0,0.2202049052790988,0.0,4354.268185971006,1.9380106775005232,0.0,0.5560003840528974,0.999999999999,0.0,0.0053730590682687,0.6941272617844774,0.1596025204097721,0.0178255259208999,0.0,0.2202049052790988,0.0,300.2995689601478,1.938010677500524,0.0,0.5560003840529326,28,76,0.201058201058201,1.0,0.4514698326684149,325.1134292011693,0.0005684237822924,1.5861803473196112,5,5,0.5,1.0,0.5844200878342671,264.77479962634544,0.0021122031014561,0.0740339397928596,0.1698928564437643,0.0928321912965332,2.294796912323042,0,0,0.0,0.0,0.0,,0.0,0.0,0,0,0.0,0.0,0.0,,0.0,0.0,0.0,0.0,0.0,1.0,0.0149560403078794,0.0689667165279388,0.0169000122696161,0.0143831614404916,125,0.2253063717304425,0.6761525082240988,0.6760484282887569,0.015595719850787,0.007897260133177,0.1715880622014632,0.1715880623639634,0.593310862623981,0.7548079221824063,0.7579613783729577,0.0140682430388044,0.007897260133177,0.423624282920262,0.4236242853274506,0.2005082616581765,0.198237885462555,0.3358658350608434,0.1451663880161293,1.136481746566092,269.0,0.1456882420323786,0.0389476853817296,0.0316652361285151,18.19661390382234,0.999999999996508,,0,0.994438648223877,-0.0205977074801921,99.63254593175851,2.1497395038604736,0.9923884514435696,0.8352104156717991,0.5303474068641663,479.09810160932346,196.57911682128903,0.5181220078127294,,0.4317199468140874,0.0396675610433737,0.1492827458784354,0.1387178963507531
5,5,hospital2_slide21,7.217594545240276,0.2859606444835663,5.274425486963581,5.274425486963581,0.0004737514245789,0.0,0.0028474416338231,0.0005381324018927,6.272567477755046,6.0091428755983705,9.25177354471015,6.772909935409698,3.736194683969608,83.60731224363712,0.000691261903654,-0.0003310710401223,0.0008871244324637,-0.0043798039159094,0.0558748543262481,0.2078298032283783,1.6123648881912231,22,0.0006498485504468,-6.456663664237798e-05,0.0245703689363355,1614.240509789996,4.093860681565387,2.340562210746568,0.2416409774494979,46.22222222222223,0.0046764917259741,656240.8130777337,0.0010422811632979,0.4668598418199484,1.7296229223797612,0.0095226805753121,0.1472562506704163,0.005288395356307,0.6330910451059211,0.0008339790726759,-8.286120755601344e-05,0.0404666897493529,511352.3182227608,0.0013376050378668,0.0095226805753121,0.1889803894024477,0.921744167804718,0.0001077549459296,5.274425029754639,2.525952816009521,0.702818751335144,1.0,0.0,0.1205115137532401,,,,,0.9999999999941576,0.0,0.0006502266955369,0.1494788831354034,0.0649129074008634,0.0049739043757426,0.0,0.2361850413804415,0.0,2349.9682619532173,1.728978229608409,0.0,0.6357114201787021,0.999999999999,0.0,0.003798989199975,0.8733395084414468,0.0649129074011777,0.0049739043757426,0.0,0.2361850413804416,0.0,402.21543604191993,1.728978229608409,0.0,0.6357114201787145,30,81,0.1862068965517241,1.0,0.3492311295237035,378.4214205171263,0.0003930743619328,1.674478238448333,8,14,0.5,1.0,0.6048827063678825,429.53764660300936,0.0013565719333623,0.1066650232870419,0.1094283691323123,0.0578811018559977,1.0259067664367734,0,0,0.0,0.0,0.0,,0.0,0.0,0,0,0.0,0.0,0.0,,0.0,0.0,0.0,0.0,0.0,1.0,0.0572149716317653,0.1711578220129013,0.0614504441618919,0.0558748543262481,136,0.2483825764956952,0.7366713701324803,0.7366131753591821,0.0564365124472998,0.0493889530189335,0.1875910884513571,0.1875910886290128,0.5976004961936688,0.7562609913148218,0.7571819517950757,0.0561233474454346,0.0493889530189335,0.4275383137054805,0.4275383161347229,0.1321755103883921,0.2094017094017094,0.0934808645674592,0.0667430172965161,1.2220557707775994,,0.356273705960303,0.1706885137973303,0.1294055798535306,17.21741937207683,0.9999999999978676,,0,0.9965847134590148,-0.0155972326174378,99.89171629669734,2.137904405593872,0.9972929074174336,0.8551112332348555,0.6868217587471008,479.09810160932346,154.1558074951172,0.6495928338762215,,0.5781578780363653,0.0252807102306696,0.2771937517777322,0.0892792925662286
6,6,hospital2_slide22,7.310949978715785,-0.2517568469047546,6.078212402242622,6.078212402242622,0.0,0.0,0.0077769002279717,0.0021808140278878,5.732672501947443,12.302255070113231,12.408991080027675,6.187908100858484,3.178439761690327,13.851291529530696,0.002851391710692,-0.0013313868164459,0.001913893519741,0.038332762343608,0.0241946931928396,0.2547326683998108,1.599694013595581,22,0.0013551067310028,-4.565896764324533e-05,0.0193908005473654,1399.7504856522346,3.652458791472062,2.82209503655353,0.2246572222730315,16.222222222222225,0.0268693894094015,363159.9649541772,0.0018092476441727,0.7645075790968046,2.251253916579484,0.0101673101673101,0.1146732875631097,0.0056964859596438,0.5176361372673851,0.0009095672832844,-3.064698257543427e-05,0.008736116347246,541049.0411852561,0.001214393263051,0.0101673101673101,0.0769703744700283,,2.090417365252506e-05,6.078212738037109,2.656524181365967,0.6865984797477722,1.0,0.0,0.1690519818229294,,,,,0.9999999999956132,0.0,0.0014535949741657,0.1231042317494844,0.1107656316762084,0.0300488158699942,0.0,0.214554142459789,0.0,1186.8872797806755,2.197752438984748,0.0,0.5093508103709188,0.999999999999,0.0,0.0063764584935194,0.5400190823979121,0.1107656316765835,0.0300488158699942,0.0,0.2145541424597891,0.0,270.5660809278113,2.197752438984748,0.0,0.5093508103709264,29,66,0.1625615763546798,1.0,0.5465311180650139,282.6366248905172,0.0003984323548262,1.4529710769282305,8,11,0.3928571428571428,1.0,0.5474139441616029,303.5180055789509,0.0014788903682379,0.1227856299357046,0.2121216465680325,0.1186443396223512,1.7275771332452154,0,0,0.0,0.0,0.0,,0.0,0.0,0,0,0.0,0.0,0.0,,0.0,0.0,0.0,0.0,0.0,1.0,0.0293764825910329,0.2279627174139022,0.0392641648650169,0.0241946931928396,132,0.1768613930454297,0.1933942519275945,0.1932698318315578,0.0576789461909703,0.0252452696440741,0.1352391883584231,0.1352391887426605,0.5963310781100432,0.529286708675968,0.5368006894067825,0.052894376401189,0.0223641303600743,0.4257404192179801,0.4257404216370071,0.0644599562446693,0.1673640167364016,0.369778671040732,0.1663915412142533,1.0309216038331437,,0.4062836285912636,0.2634188797926078,0.1902671488240405,17.25982921115789,0.9999999999988212,,0,0.9558313488960266,-0.1122906729578971,95.65,2.193301200866699,0.4975,0.8846126723629745,0.4324712753295898,479.09810160932346,165.66690063476562,0.5677603240496758,,0.8102260218382786,0.0450174616928964,0.2924557293283439,0.1100892553843968
7,7,hospital2_slide23,7.364896739868646,-0.4881095886230469,5.039409221509245,5.039409221509245,0.0,0.0,0.0059714837610815,0.0019345885397576,16.67770021708741,42.13155109872238,38.52511426070053,18.364267115229204,7.726997684243403,98.18420212007774,0.0022661254435547,0.0006125331920543,0.0019947584210257,-0.0211483031203897,0.0841878876090049,0.2215661257505417,1.6076340675354004,22,0.0006725841451866,-5.630156461871791e-05,0.0520109404097388,1411.0773611010864,4.6649171250930745,2.1248205191040594,0.2429416955901402,23.25,0.0047095605563475,665726.6726266413,0.0010648239300464,0.4357121469591963,1.5730363249665211,0.0077248300932511,0.2136003148001758,0.0045188110070142,0.7287145443375889,0.0005920459607834,-4.955976791333981e-05,0.0403006712758766,756287.9069691794,0.0009373172404821,0.0077248300932511,0.1880228685915624,,5.9122285165358335e-05,5.039409160614014,2.5748214721679688,0.6722610592842102,1.0,0.0,0.1495486760953686,,,,,0.999999999995593,0.0,0.0006842905781049,0.2152081658747907,0.2641097415902353,0.0049400165927991,0.0,0.2383330097481312,0.0,2280.81620607702,1.5876423829956037,0.0,0.7207736786145148,0.999999999999,0.0,0.0030156473377313,0.948415707075264,0.2641097415911352,0.0049400165927991,0.0,0.238333009748131,0.0,517.547599376042,1.5876423829956037,0.0,0.7207736786145255,33,78,0.1477272727272727,1.0,0.263885949572606,525.6111213623694,0.0002375062378124,1.7812319392938836,5,6,0.6,1.0,0.7825081172191509,338.5425556022547,0.0024725745432522,0.0484876514407463,0.0851402046326847,0.04446289218598,1.7559152093957189,0,0,0.0,0.0,0.0,,0.0,0.0,0,0,0.0,0.0,0.0,,0.0,0.0,0.0,0.0,0.0,1.0,0.0851893946528434,0.2269133329391479,0.0907918065786361,0.0841878876090049,129,0.1119855729846107,0.6567240675267275,0.6565202308357445,0.0940504538541234,0.0777019863016903,0.0847177884339987,0.0847177886746963,0.608630685539238,0.7285814407207183,0.7294428320554056,0.0930069462855915,0.0777019863016903,0.4360871593492168,0.4360871618270333,0.0810474307846551,0.099601593625498,0.1742359434237913,0.1030581201468809,1.20283632655011,,0.4471416354608992,0.1710270033907378,0.1300988476780984,19.446579111973765,0.9999999999984804,,0,0.9118107557296752,-0.1984075605869293,89.4,2.1810014247894287,0.6475,0.8991776293159387,0.6075654625892639,479.09810160932346,173.33493041992188,0.6589259796806967,,0.5757472006858594,0.1339152191162681,0.3240253154603008,0.0869254233040303
8,8,hospital2_slide24,7.293955865745301,0.0945334583520889,5.336583513560631,5.336583513560631,0.0,0.8091915249824524,0.0054894755664699,0.0009204041901611,5.821885487963742,13.31382880001338,12.452919288370529,6.381609393536999,4.348033057311673,-14.478430322603453,0.001218127333658,-0.0003452444516085,0.0021556154735501,-0.007633570893566,0.0536334216594696,0.1835701018571853,1.6298165321350098,22,9.746684145951004e-05,-9.799133377653852e-05,0.0209196165751274,1247.7074927404317,5.167323653373733,1.947681725255534,0.1931359332489673,121.0,0.0044730836478098,1675365.8392779646,0.0006359738874786,0.3092984397161155,1.278259254289232,0.010214161529951,0.1381584762666251,0.0061205580278491,0.7480653153648041,0.0001724793370039,-0.0001734074738597,0.0655109739535768,946737.278549242,0.0011254325294622,0.010214161529951,0.244488087012407,0.984612226486206,7.928808190627024e-05,5.336583614349365,2.396617889404297,0.7277789115905762,1.0,0.0,0.0746602040627943,1.0,,,,0.9999999999924972,0.0,9.751346946611884e-05,0.140050264340841,0.0018711296003362,0.0046567256466801,0.0,0.1857327208422094,0.0,4599.318090673637,1.2988134024054183,0.0,0.7478047002477634,0.999999999999,0.0,0.0007316168049791,1.0507587053820364,0.0018711296003484,0.0046567256466801,0.0,0.1857327208422093,0.0,613.0196315168853,1.298813402405418,0.0,0.7478047002477856,31,82,0.1763440860215053,1.0,0.3577652286191868,576.6854402922772,0.0002365672794367,1.8492858962639136,6,5,0.3333333333333333,1.0,0.3400651400149304,827.6814727933422,0.0004832777018072,0.0312626702465663,0.0597257167447603,0.0307820998609316,1.910448348580212,0,0,0.0,0.0,0.0,,0.0,0.0,0,0,0.0,0.0,0.0,,0.0,0.0,0.0,0.0,0.0,1.0,0.0549547299742698,0.1332848966121673,0.0588496997952461,0.0536334216594696,122,0.170503800685844,0.7180824040069442,0.7179810388828146,0.0563765041589548,0.0471475203521549,0.1278278007535925,0.1278278009957413,0.600499605490946,0.7489222212050447,0.7485943860262964,0.0559117580931167,0.0471475203521549,0.4289412534059157,0.4289412558426791,0.1336868205969965,0.1695652173913043,0.1373040813696366,0.0926565372392473,1.2973986354954958,269.0,0.2774979842412138,-0.0333505917099105,-0.0186602870813397,18.4185753443334,0.9999999999972238,,0,0.9968305826187134,-0.0154382977634668,99.95,2.1461572647094727,0.97825,0.9325152204090232,0.4945027232170105,479.09810160932346,159.91131591796875,0.5,,0.1765871548093112,0.0239292353518517,1.1514464454980973,0.0764549664184854
9,9,hospital2_slide25,7.390861447628456,0.0324097946286201,5.797751943119592,5.797751943119592,0.0004262216389179,0.0,0.0129816903818165,0.0034344681926796,8.29026493381523,22.09974384870361,18.292694039047635,9.135935788032072,4.7271755207052815,61.71360506664812,0.0043039772044721,-0.0033804819013312,0.0034082159766052,-0.1310988723682852,0.0572750344872474,0.2133863717317581,1.6244441270828247,22,0.0008754037809292,-7.843244451852271e-05,0.0311712768905257,1208.0062371638717,3.609705493658112,2.3176610479809767,0.1968384972057782,61.55555555555555,0.0087011049733481,461972.0502776897,0.0014009738312114,0.4117006672997661,1.5979259261105931,0.0075375604787369,0.1634371064542663,0.0048462103287917,0.6351839985577762,0.0006932177618043,-6.210932630469645e-05,0.0195468633940187,583383.91173733,0.0011094079527538,0.0075375604787369,0.129423132202299,1.7821694612503052,7.396412547677755e-05,5.797751426696777,2.6338882446289062,0.7069915533065796,1.0,0.0,0.1249005638239161,,,,,0.9999999999948708,0.0,0.0008757615576878,0.1652188131456188,0.187794065984933,0.009036177649385,0.0,0.1896070081506263,0.0,1825.553431330136,1.59756641432046,0.0,0.6340046400731683,0.999999999999,0.0,0.0044920790463874,0.8474635157084385,0.1877940659857084,0.009036177649385,0.0,0.1896070081506265,0.0,355.9041370720721,1.59756641432046,0.0,0.6340046400731812,30,74,0.1701149425287356,1.0,0.4488353225538132,359.2385517187465,0.0003441647820381,1.7361460777446458,5,4,0.4,1.0,1.0000000000000002,370.2061606947768,0.0013505988097595,0.0504272619088992,0.1067133301732276,0.0563640635482799,2.116183313026465,0,0,0.0,0.0,0.0,,0.0,0.0,0,0,0.0,0.0,0.0,,0.0,0.0,0.0,0.0,0.0,1.0,0.0589619278907775,0.1949568539857864,0.0646260157227516,0.0572750344872474,110,0.1349285897196041,0.7037767048370485,0.7036404739333771,0.0638371956151119,0.0507891331799328,0.1024845569683312,0.102484557259555,0.6155677102614088,0.7671590952443229,0.7696302889140992,0.0628491435606679,0.0507891331799328,0.4415287929868697,0.4415287954945747,0.0944632551203208,0.1422222222222222,0.2652753549018112,0.140556886255696,1.164407849072674,270.0,0.4522575997112221,0.2237085766570748,0.163784441863394,18.311355098012783,0.9999999999986152,,0,0.979932427406311,-0.0607170909643173,98.675,2.1746826171875,0.76475,0.8666809949183503,0.4552644491195678,479.09810160932346,177.42413330078125,0.511117354379196,,0.3738876423370222,0.0220021768671595,0.4809208602171707,0.0886197822717907
10,10,hospital2_slide26,7.167836620550517,0.389824628829956,5.511890237538872,5.511890237538872,0.0,0.0,0.0026464223772981,0.0005683637740681,4.497094864517372,5.302868605927069,6.694736259663891,4.87454106224064,2.9071444365163472,11.311573609754827,0.0007922331787995,-0.0002717129590052,0.0010783633678894,-0.0029446782367742,0.0759104862809181,0.1865871697664261,1.6095796823501587,22,0.0004944359823544,-0.0002116274774316,0.0454899001326037,1357.1131577091512,3.753499766937329,1.8988264070288083,0.1741904612803752,132.25,0.0045060827951552,593574.5243385154,0.0007970859659039,0.2789937171351237,1.2040426522637917,0.0123717008797653,0.2022016142477783,0.0067359919954259,0.7674840986969179,0.000673013686656,-0.0002880619415468,0.0842835146703467,436075.2322990573,0.0010849731661988,0.0123717008797653,0.2752316953254179,1.0145245790481567,0.0002876989892683,5.511890888214111,2.347384691238404,0.7370232939720154,1.0,0.0,0.0775641010584167,,,,,0.9999999999948828,0.0,0.0004958336422409,0.20398366365013,0.0362036163804597,0.0046867832750126,0.0,0.1692854236870493,0.0,2529.406509464166,1.2327926509267186,0.0,0.76313579279833,0.999999999999,0.0,0.0025372999162809,1.0438334324451986,0.0362036163806087,0.0046867832750126,0.0,0.1692854236870494,0.0,494.2911298140243,1.2327926509267186,0.0,0.7631357927983451,27,72,0.2051282051282051,1.0,0.3922677278025196,511.06999448173656,0.0002469624585261,1.8226274431515963,6,8,0.5333333333333333,1.0,0.4193845276269569,629.4353472070553,0.0011948769333009,0.0445333906388987,0.0664195831047523,0.0343505667126078,1.4914557852403147,0,0,0.0,0.0,0.0,,0.0,0.0,0,0,0.0,0.0,0.0,,0.0,0.0,0.0,0.0,0.0,1.0,0.0785283893346786,0.1954178065061569,0.0853059813380241,0.0759104862809181,121,0.2387358475489631,0.7552545245986382,0.7551787328264752,0.0800557970994372,0.0694245849736034,0.1795869761073181,0.1795869766176022,0.5975919105519224,0.7699996228447554,0.7692926191756236,0.0798487821362688,0.0694245849736034,0.4276244210434892,0.427624423472223,0.1124568178339115,0.1964285714285714,0.2665889030348426,0.1326986853544565,1.3503373666713203,272.0,0.3390927477918515,0.0417721694526487,0.0373822340069397,19.396653416533137,0.9999999999977658,,0,0.996886432170868,-0.0149129489436745,99.8427260812582,2.1383676528930664,0.8689384010484927,0.8903066524938533,0.4649368822574615,479.09810160932346,159.0005645751953,0.4992469879518072,,0.8330590975034708,0.0435294790385824,0.2821731795216823,0.0776365151220314
11,11,hospital2_slide27,7.298203447480048,0.4089537560939789,5.518047751787712,5.518047751787712,0.0008416610071435,0.0,0.0022407090918433,0.0005317091933658,4.496776984715591,3.866861985961676,6.510076187602263,4.846778220411493,2.533764112073894,15.414468893807417,0.0007369898441993,-0.0003295557251021,0.0007164564479239,-0.003774266686661,0.0688872262835502,0.2071020156145095,1.6058498620986938,20,0.0010236660183986,-6.864191294159031e-05,0.0394187719017896,1568.1742113619823,3.8114595064284575,2.2354039514264867,0.2094845621056479,64.0,0.0063645498295558,471715.8039959642,0.001216191788932,0.3957067949813949,1.6336928472735042,0.0099206349206349,0.1862237549180153,0.0054488462051487,0.6469930022648565,0.0009951433818429,-6.672932718223179e-05,0.0372527075959567,485236.050043914,0.0011823047524861,0.0099206349206349,0.1810349628358341,0.8769224286079407,0.0001981216773856,5.51804780960083,2.503483295440674,0.7139796018600464,1.0,0.0,0.0933962679164612,,,,,0.9999999999952816,0.0,0.0010259821435296,0.1910259827842096,0.1416969511121752,0.0068970346710522,0.0,0.1914787145525046,0.0,1978.156940320113,1.628809760222151,0.0,0.6481975005626789,0.999999999999,0.0,0.0048408579945489,0.901311647341348,0.141696951112702,0.0068970346710522,0.0,0.1914787145525046,0.0,419.2549544219336,1.628809760222151,0.0,0.648197500562689,29,83,0.2044334975369458,1.0,0.450129741285052,420.135769464243,0.0004150398374095,1.716050280830648,7,11,0.5238095238095238,1.0,0.6720701556437425,454.8368006966843,0.001258828740858,0.080019691385349,0.1019650138920015,0.053721356370298,1.2742490270422426,0,0,0.0,0.0,0.0,,0.0,0.0,0,0,0.0,0.0,0.0,,0.0,0.0,0.0,0.0,0.0,1.0,0.071830578148365,0.2119422107934951,0.0781800225377082,0.0688872262835502,134,0.2248167951968397,0.7379814387798804,0.7379103183469274,0.0755461209469834,0.0624013249762356,0.1700706461519593,0.1700706466352033,0.5919731900401224,0.7773641622457627,0.7781784702109766,0.0749521867385115,0.0624013249762356,0.4227582728731576,0.4227582748751069,0.1068739120145215,0.2217391304347826,0.1912142097964219,0.0966112330943554,1.2014976115770628,,0.4171489241060653,0.2231359591178391,0.1637538591037556,16.764432427785746,0.9999999999983332,,0,0.9955020546913148,-0.0157911982387304,99.7,2.141218662261963,0.97725,0.8512840447301617,0.5690017342567444,479.09810160932346,176.6604766845703,0.5406881871149279,,0.841755920354361,0.016003760017282,0.4865625195763832,0.0674339114350517
12,12,hospital2_slide28,7.280183996929321,-0.1764844805002212,5.306766600476315,5.306766600476315,0.0002722785866353,1.3122916221618652,0.048635786759564,0.0105010585572742,56.3994218499709,225.31708839492984,127.28945978948896,57.2688642690343,23.745590567265523,-557.1161175420037,0.0108554647665641,0.0105205293612016,0.0139773444990565,4.764292644683081,0.0485206544399261,0.2216881662607193,1.6319760084152222,22,0.0001835726426801,-0.0003674273079054,0.0153399955770327,1215.6276998072665,5.838711575933903,2.3910948469831714,0.3246935686851037,6.5600000000000005,0.0070338190573432,1078768.56995346,0.0010607584613936,0.6073391005460148,1.8963540031057888,0.0156107524528577,0.1174295450708822,0.0081528804368012,0.6408964110633425,0.0002363670904722,-0.0004730973097797,0.0254321645338818,837817.1328043387,0.0013658265574497,0.0156107524528577,0.1512016125767446,,1.4068125892663376e-05,5.306766510009766,2.654967784881592,0.666903555393219,1.0,0.0,0.1265176612016691,0.1194586571712174,0.8325204786281939,,0.0480208642005886,0.9999999999926414,0.0,0.0001840534524731,0.1190125807651138,0.0288103875003984,0.0072122494547347,0.0,0.3204689193049778,0.0,3728.9530302682624,1.8787163023349165,0.0,0.6384004180530756,0.999999999999,0.0,0.0013543506934002,0.8757497841887081,0.0288103875005816,0.0072122494547347,0.0,0.3204689193049779,0.0,506.75698892149353,1.8787163023349165,0.0,0.6384004180530941,24,58,0.2101449275362318,1.0,0.3328931660536605,402.2040590648276,0.0004259474254616,1.52317964855279,15,26,0.2476190476190476,1.0,0.0973776400761074,560.1940651557467,0.0004414176540225,0.2532982293010711,0.1117610610730693,0.0591879866308562,0.4412232228446801,0,0,0.0,0.0,0.0,,0.0,0.0,0,0,0.0,0.0,0.0,,0.0,0.0,0.0,0.0,0.0,1.0,0.0486743040382862,0.1358979195356369,0.050521045923233,0.0485206544399261,119,0.2802399248311001,0.6335074466293105,0.6333505010927606,0.0523119512141916,0.0420347531326115,0.2164840792752944,0.2164840798902928,0.6237090057573493,0.6994247206051561,0.7012701040689087,0.0512875579304196,0.0420347531326115,0.4492083018629955,0.4492083044155618,0.207736993050444,0.2146118721461187,0.278905736955388,0.1789064408907735,1.1470924016967448,,0.4697643575838369,0.1967719047305372,0.1384845091452034,19.240984473316946,0.9999999999978136,,0,0.8862766027450562,-0.2573662400245666,86.6,2.1656806468963623,0.60275,0.8987834496769939,0.5667523145675659,479.09810160932346,180.0482635498047,0.7643132601601899,,0.4213859350085341,0.0144475153524648,0.2712340656169321,0.0420049256294306
13,13,hospital2_slide29,7.345404336438245,-0.0396099686622619,5.1597946917677415,5.1597946917677415,0.0,0.0,0.0046461280226021,0.0011098048762132,5.999298477771645,10.29986981440156,9.672226130650175,6.881901423156545,3.4306361708332007,7.114385364996167,0.001527736372509,-0.0002248163534659,0.001488039481019,-0.0066382277085308,0.055813293904066,0.2172985821962356,1.6044865846633911,22,0.0004557597267876,-3.742449984144979e-05,0.0301851843493005,1044.5214111342823,3.474101234361367,2.0669130874490227,0.2077978537186393,28.666666666666668,0.0064747235073526,631754.6252693043,0.0011415880502626,0.3822560032118589,1.4895327053369212,0.010752688172043,0.157925010364115,0.0067917073965461,0.6979177703247426,0.0004439195145065,-3.645224082616502e-05,0.028637188931808,648604.7822257745,0.0011119306342483,0.010752688172043,0.1538222604606701,1.3366726636886597,7.708273187745363e-05,5.159794807434082,2.5927743911743164,0.6865320205688477,1.0,0.0,0.1191433135312564,,,,,0.999999999994515,0.0,0.000456467827735,0.1631789846455415,0.0024899183151964,0.0072376932009498,0.0,0.1853760968249492,0.0,2296.2074473871903,1.4723405487521233,0.0,0.6939010130930531,0.999999999999,0.0,0.0025037047345652,0.8950291162155903,0.0024899183152076,0.0072376932009498,0.0,0.1853760968249493,0.0,418.6375538088288,1.4723405487521228,0.0,0.6939010130930698,27,70,0.1994301994301994,1.0,0.445088227719983,416.055190365907,0.0003262028287359,1.7912753517022315,5,4,0.4,1.0,0.9999999999999996,388.1011121802639,0.0012883240586225,0.0382696431487233,0.0852275025745223,0.0445105111385899,2.227026320661301,0,0,0.0,0.0,0.0,,0.0,0.0,0,0,0.0,0.0,0.0,,0.0,0.0,0.0,0.0,0.0,1.0,0.0596727915108203,0.1823169440031051,0.0666524246335029,0.055813293904066,108,0.1841645661320236,0.7592999159767355,0.7591586818839225,0.0682390435758591,0.0493273925967514,0.139972043132881,0.1399720432654397,0.6073653389098879,0.789869221676843,0.7909329035925355,0.0677635727380068,0.0493273925967514,0.4350612163374469,0.4350612183976561,0.1094559692694079,0.1751152073732718,0.4049205408544473,0.2103120344940677,1.2717375082753757,273.0,0.3928295307517473,0.1856774285783519,0.1422674614214192,17.618549861438513,0.9999999999983292,,0,0.9473537802696228,-0.1297793686389923,94.55,2.1735260486602783,0.54125,0.8967051434080595,0.4539990127086639,479.09810160932346,187.73843383789065,0.5665743340145813,,0.2819301324377004,0.006944806969914,0.3310403706333959,0.1185548668305782
14,14,hospital3_slide30,7.25739851404386,0.2443006187677383,5.428120589482932,5.428120589482932,0.0,0.0,0.0079881473483155,0.0015163475874802,15.085798361060224,47.641292319535545,37.69937554068219,16.514150421420585,6.407093997998479,-80.36179025146467,0.0017777691761011,-0.001341203707966,0.0031585905083712,-0.0271346587298191,0.0419248044490814,0.2000971585512161,1.630326747894287,22,0.0001739959953146,-0.0001562354923693,0.0223938031919044,1092.1871037556557,4.092752524789183,1.9407894731015367,0.1415365100910671,37.25,0.0116304304277059,1655252.6766885908,0.0006386296657857,0.2542220504600154,1.2040004867900551,0.0146791528370475,0.1366326859062146,0.008262906869718,0.7785403962064659,0.0003091408750028,-0.0002775855664943,0.0706906875389881,931637.8467901656,0.0011346613539758,0.0146791528370475,0.2427570099013637,1.0696797370910645,0.0002034255012404,5.428121089935303,2.4241838455200195,0.692832887172699,1.0,0.0,0.1094080716610756,,,,,0.9999999999934156,0.0,0.0001745695627829,0.1448013643704493,0.0232549672822775,0.0129963841411962,0.0,0.1321795009557919,0.0,3964.601955652672,1.1794075113960392,0.0,0.7634092594024896,0.999999999999,0.0,0.0011494473595753,0.9534396677471672,0.0232549672824073,0.0129963841411962,0.0,0.1321795009557925,0.0,602.1144198045815,1.1794075113960392,0.0,0.7634092594025101,31,79,0.1698924731182795,1.0,0.4191861139496008,564.0495506698747,0.0002024235029104,1.871669853163205,7,9,0.4285714285714285,1.0,0.5812520625192241,728.0998161107002,0.0006002451698165,0.050924876239637,0.0387026352985789,0.0197331806971916,0.7599946854353875,0,0,0.0,0.0,0.0,,0.0,0.0,0,0,0.0,0.0,0.0,,0.0,0.0,0.0,0.0,0.0,1.0,0.0469517968595027,0.1518725901842117,0.0544174797832965,0.0419248044490814,129,0.2212055018235079,0.8132088950895909,0.8130999723721408,0.0474448046234589,0.0354389031417667,0.167896129943975,0.1678961304210746,0.6278926151753429,0.8307519727659358,0.8302281630640315,0.0471720811263451,0.0354389031417667,0.4523084661675317,0.4523084687375165,0.1585129946342469,0.2376681614349775,0.1751052265835989,0.1257590069941633,1.259774527817137,,0.382872931360408,0.089387804841223,0.0809890492589869,22.5040977151774,0.9999999999971938,,0,0.9978126287460328,-0.0084597487002611,99.9,2.161486387252808,0.998,0.950396131585052,0.6661658883094788,479.09810160932346,158.93309020996094,0.642481485456692,,0.3690689009608867,0.0284060186676843,0.4957475990201369,0.0546809308323326
15,15,hospital3_slide31,7.407695120151981,0.0407813861966133,5.527532535287483,5.527532535287483,0.0,0.0,0.0146871563697975,0.0006893183201852,7.988837763000283,22.375186712351933,14.585810029259276,8.879683648813495,5.032910725547527,-69.37098677333836,0.0008758154064025,-0.0006104435941551,0.0036899585541213,-0.1623356305733563,0.0045506097376346,0.2306616902351379,1.6825134754180908,22,7.900534192809737e-05,-6.0577475082970766e-05,0.0005499457551999,875.1748846853582,3.043148738621771,2.396272089595324,0.1434538219228582,2.25,0.0400452040282614,2782231.4871939,0.0003187133798664,0.4343569723975913,1.737411581883613,0.0090114858260019,0.0199138156498967,0.006316844919786,0.5746180413486768,0.000332864497157,-0.0002552244112729,0.0097620700273133,660362.2383946237,0.0013427999892332,0.0090114858260019,0.0839006864472723,0.9444929361343384,9.43114991969196e-06,5.527532577514648,2.718169689178467,0.671488881111145,1.0,0.0,0.1369731975111142,,,,,0.9999999999692262,0.0,7.915851025580834e-05,0.0232812880992768,0.0338590982152235,0.0442998283569655,0.0,0.1117543957198538,0.0,8604.704153239582,1.6085512341353143,0.0,0.5890635496943395,0.999999999999,0.0,0.0024360150800184,0.7164557380983638,0.0338590982162316,0.0442998283569655,0.0,0.1117543957198541,0.0,279.61056873147913,1.6085512341353143,0.0,0.5890635496944427,27,65,0.1851851851851851,1.0,0.4612208772854786,286.5230895386214,0.0005053652347446,1.716466685516414,5,4,0.4,1.0,0.9999999999999996,308.6777386740131,0.0016198123069964,0.0435223096899059,0.1200055023968403,0.0638329008674427,2.757333037972316,0,0,0.0,0.0,0.0,,0.0,0.0,0,0,0.0,0.0,0.0,,0.0,0.0,0.0,0.0,0.0,1.0,0.0053078029304742,0.0324950814247131,0.0068472549319267,0.0045506097376346,104,0.2664999993496246,0.6186947863849613,0.6185871715487581,0.0103434398979662,0.0042375167831778,0.2066228283523072,0.2066228289392129,0.6346443777488314,0.7236299440846137,0.7279646854058416,0.008995565087002,0.0042375167831778,0.4587476590761619,0.4587476616816632,0.2108891793984666,0.1784037558685446,0.4206435394155644,0.1838339538503281,1.1456304080165591,257.0,0.2196348864123299,0.050617910523511,0.029375321679788,21.855348863010835,0.9999999999949846,,0,0.9941084384918212,-0.0155988791957497,99.3075591459896,2.169469356536865,0.9838430467397576,0.8713590134842141,0.8484784960746765,479.09810160932346,163.5071258544922,0.7723577235772358,,0.4327921301633496,0.0315268596999122,0.2720256300175145,0.0596759555831886
16,16,hospital3_slide32,7.353128058720929,0.157813549041748,4.594210510601659,4.594210510601659,0.0,1.113240122795105,0.1237067107770193,0.0098684977439233,60.844826351255264,295.5656127810988,183.43038820840653,61.87804692983874,26.434455800220054,-371.3805928332218,0.0102037887181722,0.0099072110697306,0.0299433644891569,0.2211132064782314,0.0135066276416182,0.2205993384122848,1.7318660020828247,22,0.0001240128511024,-0.0001761053600609,0.003022518911338,1445.4283124327258,5.412627420426871,2.731656103763741,0.3972340962932494,27.25,0.0214029489549174,2627913.2110060444,0.0005716998924181,0.7622661655164213,2.252378207541993,0.0158322353974527,0.0483515982280093,0.0084335093435194,0.5930380265510072,0.0003639201386087,-0.0005167874578102,0.0260284201605484,895512.4346386677,0.0016776737449117,0.0158322353974527,0.1418894889222505,0.7486684918403625,2.915626282629092e-05,4.594210147857666,2.761507987976074,0.6554656028747559,1.0,0.0,0.1643254239380109,0.0531515123160804,0.9105247491225624,,0.0363237385613572,0.9999999999868936,0.0,0.0001247799100598,0.0505661409223711,0.0476337970901208,0.0223268986376859,0.0,0.3814186309957323,0.0,6898.948980902878,2.2181478703136475,0.0,0.5886950333018101,0.999999999999,0.0,0.0016354094075371,0.6627376356307206,0.0476337970906975,0.0223268986376859,0.0,0.3814186309957323,0.0,526.3820969705223,2.2181478703136475,0.0,0.5886950333018375,28,69,0.1825396825396825,1.0,0.4551282097046544,375.99273570931246,0.0003917004964325,1.3952238679537623,18,39,0.2549019607843137,1.0,0.156288882286418,435.1197884885831,0.0006641345320609,0.4631729685696147,0.0708015817383112,0.0366999998901654,0.1528620764656515,0,0,0.0,0.0,0.0,,0.0,0.0,0,0,0.0,0.0,0.0,,0.0,0.0,0.0,0.0,0.0,1.0,0.016165692359209,0.0762988850474357,0.0190485715866088,0.0135066276416182,145,0.6833518247601521,0.90920833550147,0.909185156693648,0.0099655546447456,0.0070207263343036,0.5554422146691024,0.5554422162474667,0.7493169720713122,0.9116299303529714,0.9123506776484916,0.0098808905482572,0.0070207263343036,0.5663609678806841,0.5663609705626563,0.4674609940539079,0.4974358974358974,0.0930189963378061,0.0747876118834941,1.0983744766863566,,0.6256523791872822,0.4645966579632574,0.3203952023095283,31.1593738512448,0.9999999999954944,,0,0.9928674697875975,-0.0224206522107124,99.475,2.174875497817993,0.982,0.9079660987076208,0.9751869440078736,479.09810160932346,172.51925659179688,0.9638664739186592,,0.3387038149467546,0.0158084983071526,0.0699391779743489,0.0741271383369721
17,17,hospital3_slide33,7.409753844464697,0.043906882405281,5.766938601972643,5.766938601972643,0.0,0.0,0.0184475935258596,0.0010456684555397,17.43261777512513,48.460393935428826,36.21176552345297,19.220468699463023,7.1705262470034,930.3960453895536,0.0012230723318964,-0.001117986912817,0.0049669337721031,-0.1336694287338616,0.0084513071924448,0.2221374660730362,1.677310347557068,22,0.0001916437469347,-2.4366295762975123e-05,0.0010075282597108,1247.5494310081235,3.4481936068404453,2.486382829052469,0.1891737669898201,25.0,0.016023396371893,2323692.62609103,0.0003016667085513,0.5128001955261983,1.8056591672085407,0.0088468720821662,0.0284267120793134,0.0054058101227912,0.6035318842902478,0.0007782652870655,-9.895151691738336e-05,0.0166158764733005,572197.1327803493,0.0012250685455491,0.0088468720821662,0.11544088330488,0.8007864952087402,1.2988478374609258e-05,5.766938209533691,2.6799540519714355,0.6805201768875122,1.0,0.0,0.0871221252558994,,,,,0.9999999999772988,0.0,0.0001922414025606,0.0331340428230134,0.0856983658232418,0.0187959836832046,0.0,0.1630997113212886,0.0,7230.232769568791,1.6566686836193538,0.0,0.6203143644504926,0.999999999999,0.0,0.0043641180793781,0.7521838344953367,0.0856983658251015,0.0187959836832046,0.0,0.163099711321289,0.0,318.49506891886364,1.6566686836193536,0.0,0.6203143644505561,30,71,0.1632183908045977,1.0,0.3965111753514267,341.89032290831926,0.0003547137864163,1.6526834144510116,6,6,0.4,1.0,0.4274000784929984,382.2697711746744,0.0013843303555164,0.057115184129009,0.1451007007099896,0.0782256485651426,2.540492566429322,0,0,0.0,0.0,0.0,,0.0,0.0,0,0,0.0,0.0,0.0,,0.0,0.0,0.0,0.0,0.0,1.0,0.0088142976164817,0.044050458818674,0.0102842971682548,0.0084513071924448,126,0.27083672091221,0.6992745139724565,0.6991793197845432,0.009743199291064,0.0035546744475141,0.1993132004235875,0.2093132010179398,0.6260813223644566,0.7808765558240345,0.7838090261379834,0.008287046859574,0.0029692037496715,0.4595962713478925,0.4595962739557999,0.2832145335168408,0.2697674418604651,0.2451628071000484,0.129309706282158,1.1997320860892573,,0.279816822928072,0.0898620174358874,0.0531650778047426,23.20710316624801,0.999999999995031,,0,0.9976315498352052,-0.0093880146741867,99.85,2.1603591442108154,0.9955,0.884657369127863,0.5897809863090515,479.09810160932346,179.2763671875,0.5525059823635955,,0.3453301790260069,0.0276449818459064,0.2172370668292765,0.0754629116648121
18,18,hospital3_slide34,7.214426693988615,0.1731416583061218,5.711731460803692,5.711731460803692,0.0001870218402473,0.7810345888137817,0.0069055241688273,0.0008119724250139,12.334631189315989,28.33056336869096,24.10568099939133,13.44620754034976,6.146290284565978,-405.74506549391697,0.0009632415337677,0.0006286147110046,0.0021255049485339,0.0209513191321491,0.0176936145871877,0.2321174293756485,1.653041124343872,22,0.0001030355992681,-0.0002787424229943,0.0048492155572382,1414.4308784221907,4.064377313705943,2.467547250857783,0.1911358158927508,18.25,0.0211303442054254,1669903.932994594,0.0006112660055981,0.4753997438804037,1.8326757213490747,0.012604709973131,0.0624872232762522,0.0067935449060675,0.597461126134392,0.0002273606920368,-0.0006150793529168,0.0236117219582832,756769.1299641442,0.0013488334400998,0.012604709973131,0.1378857268333621,0.764326810836792,4.864617949351669e-05,5.711731910705566,2.5514864921569824,0.6961812973022461,1.0,0.0,0.1200598385495763,,1.0,,,0.9999999999889672,0.0,0.0001031120798668,0.0690836334858927,0.0054142477294529,0.0228429429126247,0.0,0.1615661167714404,0.0,4412.182406412071,1.7251718490665306,0.0,0.6111838079445958,0.999999999999,0.0,0.0011376176662131,0.7621877281615472,0.0054142477295072,0.0228429429126247,0.0,0.1615661167714403,0.0,399.9140644427567,1.7251718490665304,0.0,0.6111838079446221,30,81,0.1862068965517241,1.0,0.4828962604903636,321.464340674282,0.0004471641405523,1.696034102371263,8,10,0.3571428571428571,1.0,0.1918703292810823,681.5508394821272,0.0005134475338268,0.0701883936528005,0.1168887519879682,0.0620721436990861,1.6653572749674168,0,0,0.0,0.0,0.0,,0.0,0.0,0,0,0.0,0.0,0.0,,0.0,0.0,0.0,0.0,0.0,1.0,0.0198050457984209,0.0906386077404022,0.023082211613655,0.0176936145871877,133,0.3814053686774977,0.8256085521977522,0.82552638887938,0.0167327001846557,0.0112077132798731,0.2931844562317222,0.2931844570648456,0.6548610215644229,0.8376152252071895,0.8393014072716625,0.0164517144176375,0.0112077132798731,0.4512613244614473,0.4512613270258508,0.2510680821152237,0.2903225806451613,0.2322311089426867,0.1186655752730312,1.1064704142310395,,0.3155805170393871,0.1727961424183364,0.140206325002236,24.24172690910945,0.9999999999966274,,0,0.9934647083282472,-0.0197064504027366,99.49367088607596,2.180738925933838,0.9934177215189872,0.862386358394143,0.9584063291549684,479.09810160932346,196.4310607910156,0.942861301211758,,0.6856970989983866,0.0398061395664139,0.1853207265146938,0.0507053597373908
19,19,hospital3_slide35,7.258353814809544,0.2293775677680969,5.444589851141226,5.444589851141226,0.0002166443591704,0.0,0.007307056273148,0.0010158847995285,6.310854738312507,15.547082016431686,9.817458727776804,7.044558877861275,4.597160920812468,-81.15535633637016,0.0013475185738656,-0.0011151476791297,0.0023496462449652,-0.0297760979847534,0.0298033412545919,0.2239058464765548,1.639559030532837,22,0.0004835327811872,-8.259867013154864e-05,0.0102835711948304,1200.615187921554,3.204365918835897,2.1829164826052647,0.1923150044577293,4.666666666666667,0.0195630854859645,574160.4775199314,0.000694827681331,0.3690930150140456,1.5859482759780312,0.0136699507389162,0.0909984815370907,0.0075620084694494,0.6813654523701215,0.0008431303585494,-0.000144026297444,0.0312666666769716,329279.3456127762,0.0012115627643652,0.0136699507389162,0.1586729729240297,0.96174293756485,0.0001369908713968,5.444589614868164,2.5591416358947754,0.6734126806259155,1.0,0.0,0.1419319916656775,,,,,0.9999999999913988,0.0,0.0004847206002226,0.0970031441774437,0.0041427001027908,0.0208571671145913,0.0,0.1632435415299101,0.0,2926.5968129666976,1.5235587451644903,0.0,0.6831301799219897,0.999999999999,0.0,0.0041691054745545,0.8343287643509016,0.0041427001028223,0.0208571671145913,0.0,0.1632435415299101,0.0,340.26046413288606,1.52355874516449,0.0,0.683130179922017,24,62,0.2246376811594203,1.0,0.4152720637336086,331.9249731099996,0.0005083213931165,1.7484208721744496,6,10,0.6666666666666666,1.0,0.7137701753304804,425.3593119833846,0.0019487364844533,0.0666869884092934,0.0924460697081287,0.0484631486638932,1.3862684747545968,0,0,0.0,0.0,0.0,,0.0,0.0,0,0,0.0,0.0,0.0,,0.0,0.0,0.0,0.0,0.0,1.0,0.0310015883296728,0.1162648946046829,0.0351642183959484,0.0298033412545919,110,0.3019572210842942,0.7478475689789487,0.7477686186919998,0.0296998864722028,0.0233174399472773,0.2308928854619225,0.2308928856805866,0.6313105285474806,0.7774833032314253,0.77921374591068,0.0291651313203576,0.0233174399472773,0.4560977193183205,0.456097721910208,0.2012190930925806,0.2536585365853658,0.5398969844002058,0.2454026308487062,1.2987338611419077,274.0,0.3691199815744616,0.1759110850699699,0.1399511890572677,21.76028215341505,0.9999999999972085,,0,0.9978734254837036,-0.0087771462276577,99.9,2.1691970825195312,0.9725,0.8912315589075804,0.5494683980941772,479.09810160932346,176.1542510986328,0.5299145299145299,,0.8558922974382432,0.0652462656002049,0.2144940273291862,0.0850918439356546
20,20,hospital3_slide36,7.327392444929038,0.0377246811985969,5.627101955865851,5.627101955865851,0.0001056746623362,0.0,0.0163134978701677,0.0009014661261952,7.139561741215978,16.883442864178832,11.704064316352126,7.852402851605918,4.631461546961188,-53.89830259995031,0.0011529621042996,-0.0008820020435109,0.0042801382142422,-0.2263341091413488,0.0079237548634409,0.2265405505895614,1.6579686403274536,22,0.0001917174203625,-7.489780114193468e-06,0.0009565099720518,1129.947046253994,3.6839977101429455,2.5759495768805465,0.192271528097034,3.6875,0.0257507489458607,2656719.5687982384,0.0003399930580025,0.441372646381346,1.9029649217399576,0.0084801400590874,0.0276331225588616,0.0053017158280316,0.5665640638119384,0.0007117097243735,-2.780420366231594e-05,0.0131817219886301,715656.1195382858,0.0012621511689509,0.0084801400590874,0.1025820290415541,0.5378878116607666,1.2853001862822566e-05,5.627101898193359,2.6741793155670166,0.6616423726081848,1.0,0.0,0.1503669669098357,,,,,0.999999999977596,0.0,0.000193206321529,0.0325744179130292,0.2283952526247331,0.0283580638222028,0.0,0.1772839816117964,0.0,6542.037834006003,1.7454064895376904,0.0,0.58021881493374,0.999999999999,0.0,0.0043286171534161,0.7298010904870158,0.2283952526296216,0.0283580638222028,0.0,0.1772839816117966,0.0,292.0015839734498,1.7454064895376908,0.0,0.5802188149337992,31,78,0.1677419354838709,1.0,0.4646731148821131,273.12005466031377,0.0005215177661744,1.7330748856541105,7,9,0.4285714285714285,1.0,0.5819059376397215,415.3120981734707,0.0013197050293911,0.0700609993701501,0.0984320574878699,0.0517636289965179,1.404947950682637,0,0,0.0,0.0,0.0,,0.0,0.0,0,0,0.0,0.0,0.0,,0.0,0.0,0.0,0.0,0.0,1.0,0.0082239024341106,0.0446346476674079,0.0095613365992903,0.0079237548634409,133,0.203545402812016,0.4910356727563204,0.4909501302522502,0.0127273884742795,0.0062487098621204,0.1567547364848859,0.1567547364848448,0.6205138641865267,0.6295649975072937,0.6348679675625992,0.0107934366565643,0.0062487098621204,0.4468346971757506,0.4468346988684263,0.2027752910023401,0.1965811965811965,0.270555578729149,0.1413473577111691,1.1888666760746376,,0.2081466021076051,0.0080425493933575,0.0016038492381716,19.29181327579737,0.9999999999953608,,0,0.9988716244697572,-0.0065646590664982,100.0,2.156638860702514,0.99925,0.8859794480207952,0.4998124241828918,479.09810160932346,169.72201538085938,0.5,,0.6675980367530557,0.0588918916396357,0.3219568446854601,0.0680797685726747
21,21,hospital3_slide37,7.376295886842882,0.0570730902254581,6.239664844960226,6.239664844960226,0.0,0.0,0.0205459696382677,0.0012300907296491,8.160285414336132,20.554097241214045,13.5358314219954,9.038803534439948,4.93776586260137,-91.7942655441671,0.0015528097126065,-0.0012171679556871,0.0053518489768567,-0.1829270065255334,0.0085786785930395,0.2100846767425537,1.6817727088928225,22,0.0002402519460913,-1.9416664970716286e-05,0.0010889828990923,1345.8971008766716,3.186861033910168,2.563494468971523,0.197949267481767,6.888888888888888,0.0183461280021551,1579919.7187102984,0.0003939697900459,0.5061133701668357,1.9023872026706952,0.0090797682709447,0.029642885948005,0.0053226048278274,0.5510026182021677,0.0008280451758034,-6.692092238450953e-05,0.0129358601688157,458403.470672886,0.0013578445173355,0.0090797682709447,0.1021662869548514,0.8257052898406982,9.688478712632786e-06,6.239665508270264,2.702789306640625,0.6921882629394531,1.0,0.0,0.0975240314501297,,,,,0.9999999999782996,0.0,0.0002448532516629,0.0331575360478185,0.0509732823083951,0.0204069297486923,0.0,0.1642510229294864,0.0,5813.194544286226,1.7887624091264904,0.0,0.5642508207240904,0.999999999999,0.0,0.0053134335773226,0.7195345137596114,0.0509732823094503,0.0204069297486923,0.0,0.1642510229294863,0.0,267.883199442395,1.7887624091264906,0.0,0.564250820724145,27,68,0.1937321937321937,1.0,0.433136828984904,274.04589634644407,0.0005981433093871,1.5452919992615253,7,9,0.4285714285714285,1.0,0.4954493837110116,366.1586004768071,0.0013920962582015,0.0925825480814111,0.1810627263285316,0.0995431392546386,1.9556895989654204,0,0,0.0,0.0,0.0,,0.0,0.0,0,0,0.0,0.0,0.0,,0.0,0.0,0.0,0.0,0.0,1.0,0.0089333401992917,0.0460819266736507,0.0103542460128664,0.0085786785930395,125,0.2348369872182543,0.6764422095660517,0.6763325432844209,0.0103814642088865,0.0035376665182411,0.1820031707680225,0.1820031712852092,0.6355264802381478,0.7705537759124199,0.773883544297358,0.0086801754790913,0.0035376665182411,0.4597206881978071,0.4597206899392968,0.2315903852175634,0.2035398230088495,0.5013291637905652,0.2312614138172776,1.1303397496886585,,0.2533031156908398,0.0762475534497808,0.0446626202358313,21.698783944885744,0.9999999999954332,,0,0.9969246983528136,-0.0115639045834541,99.925,2.168032646179199,0.99325,0.8533932340464309,0.8133654594421387,479.09810160932346,174.13046264648438,0.734567327310575,,0.4369024581960491,0.040528573674597,0.3681170874376762,0.0775704657787567
22,22,hospital3_slide38,7.285033050232698,0.1688685715198516,4.650741506417433,4.650741506417433,0.0004424776125233,1.2975833415985107,0.1620435969581901,0.0140150693034186,46.97415480665614,188.5423622663424,122.51636445032898,48.31905068139641,19.88921131971379,-440.4085930895612,0.0147299226264578,0.01408226204083,0.0325151205029138,0.3076508231213197,0.0086232423782348,0.2210174053907394,1.7317742109298706,22,0.0002247486134218,-0.0002079753986393,0.0023779636705535,1617.93908792145,5.001963614810423,3.0778424826698467,0.4232445629954749,15.1875,0.0434795132528668,1631193.590999883,0.0007472272403185,1.0044161430271277,2.733181542343712,0.0151984965938454,0.0369840955327204,0.0077141788252899,0.4912107943896162,0.000496116036599,-0.0004590903919788,0.0115871787630553,738957.159132891,0.0016494491875449,0.0151984965938454,0.0816396711956236,0.5244454741477966,2.6740730390883986e-05,4.650741100311279,2.8788886070251465,0.6269805431365967,1.0,0.0,0.2463424437130937,0.0689870482521646,0.8986342082792145,,0.0323787434686208,0.9999999999892034,0.0,0.0002260647808482,0.0424506515523568,0.0733514096175009,0.0462180432837804,0.0,0.4122492109035947,0.0,4425.8384168957655,2.621802858798762,0.0,0.5075248039968783,0.999999999999,0.0,0.0024407224559507,0.4583210977172148,0.0733514096182195,0.0462180432837804,0.0,0.4122492109035945,0.0,409.9303422828646,2.6218028587987625,0.0,0.5075248039968966,24,62,0.2246376811594203,1.0,0.4516775625472577,267.4752788264813,0.0007000508627679,1.1727436517389471,21,47,0.2238095238095238,1.0,0.1795465965431395,386.0822698353251,0.0005435906993345,0.6202886442083335,0.1034838520263594,0.0545652364399471,0.1668317693586581,0,0,0.0,0.0,0.0,,0.0,0.0,0,0,0.0,0.0,0.0,,0.0,0.0,0.0,0.0,0.0,1.0,0.0098986998200416,0.0926220789551734,0.0136642688885331,0.0086232423782348,151,0.5823035587194824,0.7305213134929985,0.7305826921296749,0.0121660881862167,0.0049213405582122,0.4641401283914407,0.464140129710263,0.7027365145089034,0.8157135370037656,0.8184668922068632,0.0103429126567529,0.0049213405582122,0.52147727096304,0.5214772739260369,0.4305227641938732,0.4123222748815165,0.118089611556864,0.092427241704905,0.9856966579913644,,0.6117712234910799,0.4103379459088625,0.2870100284672276,28.291081185622826,0.9999999999963826,,0,0.9581215381622314,-0.1011124402284622,95.475,2.204641819000244,0.8945,0.9465730206826822,0.8439900875091553,479.09810160932346,171.45460510253906,0.9357258517261464,,0.5378399151653988,0.0279575988833279,0.2049039783985451,0.060099086224418
23,23,hospital3_slide39,7.309630496258604,0.1121444031596183,4.304835908502145,4.304835908502145,0.0005722148634959,1.3850440979003906,0.1945211898364159,0.0160527085115802,47.098540959383904,194.2909973924472,113.0829400102342,48.31006651878917,20.842477042825323,-329.74165628165446,0.0168228362679201,0.0161909041055423,0.037338646760783,0.3523736082059348,0.0101439179852604,0.2144725322723388,1.7491581439971924,22,0.0002098938540348,-4.9911670144458863e-05,0.0022936378097885,1431.8493595730731,5.299117751454922,3.0190696714701906,0.4679334304744265,24.666666666666668,0.030292832022488,1887294.342399333,0.0007556886533175,1.045278422159418,2.7606702185933214,0.0140474512567535,0.0365174818404525,0.0076274556589517,0.5196742398945655,0.0004658641888675,-0.0001107801037287,0.0112991048159845,850315.3773018433,0.0016772681610856,0.0140474512567535,0.0810513810232816,0.5355936884880066,1.8326380086364225e-05,4.304836273193359,2.88281512260437,0.6329928040504456,1.0,0.0,0.259006994867422,0.0533325204337904,0.8793090591588456,,0.0518853940484902,0.9999999999883044,0.0,0.0002101666884681,0.0392847165521965,0.0763054628828035,0.0312691978459498,0.0,0.4561425385676608,0.0,5232.869812344544,2.6992469595994413,0.0,0.5269051821444385,0.999999999999,0.0,0.0024580207427384,0.4594574376258089,0.0763054628836196,0.0312691978459498,0.0,0.4561425385676608,0.0,447.4229612970662,2.6992469595994413,0.0,0.5269051821444607,24,56,0.2028985507246377,1.0,0.3408883074033847,346.48783640423835,0.0005212757336562,1.1259193359829975,21,48,0.2285714285714285,1.0,0.2000698140520809,360.5657766098317,0.0006078353517416,0.6853572785245259,0.0943616927462385,0.0495171053116707,0.137682484308601,0,0,0.0,0.0,0.0,,0.0,0.0,0,0,0.0,0.0,0.0,,0.0,0.0,0.0,0.0,0.0,1.0,0.0111256586387753,0.0855024084448814,0.0145320203155279,0.0101439179852604,137,0.6660383100698196,0.8018252956556666,0.8018629143902181,0.0106306049524571,0.0046095381258055,0.5394602625503507,0.53946026408319,0.7435827293222709,0.8630158389330692,0.8649792164350003,0.0091506022992115,0.0036580166779458,0.5610045971845928,0.5610046003724267,0.4950735165005103,0.4947368421052631,0.1682669087980701,0.1350123780956397,1.0519304765073365,,0.6726971542616884,0.4986691911067961,0.3535277862196181,31.702164544817304,0.9999999999962874,0.0154730263588737,0,0.9773025512695312,-0.0576921068131923,97.4,2.215773344039917,0.94125,0.9249315830106218,0.9309482574462892,479.09810160932346,138.48622131347656,0.9581838778427648,,0.2190481872443478,0.0075951521805118,0.2527529764346139,0.0519667379992114
24,24,hospital4_slide40,7.383380320307991,0.0667928978800773,4.94027097345786,4.94027097345786,0.0,0.0,0.0348099492460179,0.0009744269973204,17.81644767723021,86.36313313696041,58.36484947341971,19.30721343769133,7.5359515136189135,349.6864657143443,0.0011187562866865,-0.0009487220345221,0.0068678210236281,-0.0929893964057598,0.0059431320987641,0.2478147000074386,1.6532278060913086,22,0.0001543785210793,-3.2366071303730154e-06,0.0005252472744141,1510.6677029059397,3.13757678546838,2.5074563046170484,0.2455605594418719,14.888888888888888,0.0156226294271264,2846801.1672804286,0.0002213539521673,0.6235041990407423,2.107002644803727,0.0111535523300229,0.0191224689076211,0.0060796492510047,0.5657805930409922,0.0009477026710688,-1.9868982510771235e-05,0.0197940326490202,463737.1651596467,0.001358853106606,0.0111535523300229,0.1173894861606109,1.0262720584869385,3.999396994913695e-06,4.940270900726318,2.8007819652557373,0.6465805768966675,1.0,0.0,0.1657201772484533,,,,,0.9999999999684452,0.0,0.0001545263652046,0.0204386691822095,0.1111545834826232,0.0168454442227294,0.0,0.2089567460253815,0.0,11028.552705338096,2.051347954708921,0.0,0.573504874381952,0.999999999999,0.0,0.0048760583816525,0.644939418873449,0.1111545834860195,0.0168454442227294,0.0,0.2089567460253815,0.0,349.5040521739258,2.0513479547089206,0.0,0.5735048743820284,30,85,0.1954022988505747,1.0,0.501766092636258,353.1870159844066,0.0003748881420315,1.6968810161574028,5,4,0.4,1.0,0.9999999999999998,239.9260509061384,0.0020839754504007,0.0562792335830424,0.1234198751297773,0.0657685080930464,2.192991397931281,0,0,0.0,0.0,0.0,,0.0,0.0,0,0,0.0,0.0,0.0,,0.0,0.0,0.0,0.0,0.0,1.0,0.0067637031897902,0.0316908359527587,0.0078877722844481,0.0059431320987641,135,0.1811761606064003,0.7672029367913072,0.7671398153719223,0.0085375773843665,0.0032256202102871,0.1389262249801685,0.1389262253748814,0.6250818256954117,0.8500732137587443,0.8518621590941493,0.0073404491260329,0.0028624978585867,0.450025732533601,0.4500257350906154,0.2520683832270569,0.2207792207792207,0.4144577583040471,0.2393439741948251,1.1520731017020565,278.0,0.2740651784521773,0.0835190548360304,0.0572203359530785,22.3318604387258,0.9999999999942814,,0,0.9908745288848876,-0.0283046383410692,99.3,2.179632663726806,0.98375,0.9228685418539444,0.6741033792495728,479.09810160932346,164.7291259765625,0.6252334572464053,,0.2550303378224015,0.0873944380950076,0.3845127180438292,0.1436481770522301
25,25,hospital4_slide41,7.458637419237833,0.0827562138438224,4.71663644341555,4.71663644341555,7.27809892850928e-05,0.0,0.0300122162676663,0.0012162999278757,11.66571236427348,37.88294825534935,26.50336626454567,12.504860665317343,5.469841714795308,-86.40425513593286,0.0014260355081603,-0.0011923771328667,0.0068497071148891,-0.0565528002298848,0.0102103436365723,0.2430391609668731,1.6932743787765503,22,8.010544437440647e-05,-3.758525817388582e-05,0.0015586726708274,1432.691950080526,4.289859793655774,2.3391855359802904,0.2303368643911077,132.66666666666666,0.0113652162285293,6094037.821464596,0.0002501318199769,0.5235130492199066,1.877810587444312,0.0100305379375146,0.0328346150693969,0.0057782549908534,0.6750985500558204,0.0003847736147486,-0.0001805347557324,0.0359618016053975,1268708.6118958478,0.0012014679753014,0.0100305379375146,0.1577157955611888,1.000600814819336,1.339348455076106e-05,4.7166361808776855,2.745032787322998,0.6635520458221436,1.0,0.0,0.1825264389092028,,,,,0.9999999999785,0.0,8.016914744197773e-05,0.0341284365017458,0.0017059806554972,0.0118422860878313,0.0,0.2132178906964152,0.0,12229.210710204525,1.850439028582316,0.0,0.6754319297025413,0.999999999999,0.0,0.0017236533423808,0.7337684823085189,0.0017059806555322,0.0118422860878313,0.0,0.2132178906964154,0.0,568.7949963135655,1.850439028582316,0.0,0.6754319297025957,35,90,0.1512605042016806,1.0,0.4086224218075943,567.9248651787656,0.0001962680738116,1.739832909395327,8,9,0.3214285714285714,1.0,0.4482547412811042,581.8396466566027,0.0006002592455628,0.0681596917410867,0.0960036994317928,0.050422209015397,1.408511350028916,0,0,0.0,0.0,0.0,,0.0,0.0,0,0,0.0,0.0,0.0,,0.0,0.0,0.0,0.0,0.0,1.0,0.0116282319650053,0.0465111769735813,0.0137255750596523,0.0102103436365723,141,0.1351325027279403,0.7796357339102064,0.7795968233593745,0.0091066887186487,0.0032385316008003,0.1038402788599784,0.1038402791550062,0.6220248482553398,0.833835562340227,0.8349083312298583,0.0078994162957864,0.0028495864680735,0.4473067290600041,0.4473067316008257,0.2826880020702287,0.2,0.2255672693404137,0.1335699220432585,1.2029298349414863,,0.2756867164635779,0.0368715462238003,0.0177661917129654,21.583762148817065,0.999999999994729,,0,0.9969590306282043,-0.0126400822773575,99.825,2.152348756790161,0.99025,0.9362431821071782,0.6151939034461975,479.09810160932346,126.1328353881836,0.5680554278885928,,0.1786629033816532,0.0413709201690834,0.5955160798708291,0.1561622874105568
26,26,hospital4_slide42,7.2565754763913155,0.341629147529602,4.964761990835878,4.964761990835878,0.0,0.0,0.0103411225232124,0.0013098425444639,11.213059852376746,50.705714117352414,28.802386281955275,12.237780413373612,5.762229551112648,-258.6931176680004,0.001569520329113,-0.001325930219437,0.0037665774181179,-0.0174687610603802,0.0317284129559993,0.2127299010753631,1.6492230892181396,22,0.0003481473191696,-1.82269704589622e-05,0.0165679671857375,1623.3512773858552,3.0830560950423966,2.039733760337377,0.1749553840739713,144.0,0.0114221393680992,1262183.097338498,0.0004542748133803,0.363889932910279,1.4699128488595905,0.0121615312791783,0.1128403774920735,0.0063557654466745,0.7504098951556166,0.0008354932730799,-4.374158837992131e-05,0.0954177234762626,525947.5698341577,0.001090180900711,0.0121615312791783,0.2707973699037969,0.9699004292488098,0.0001500077196396,4.964762210845947,2.5061609745025635,0.6782616376876831,1.0,0.0,0.1411625951074018,,,,,0.999999999992598,0.0,0.00034987773509,0.1165956154874662,0.0501356931589235,0.0122151044552663,0.0,0.1607302146949004,0.0,4241.382818635508,1.468630327042818,0.0,0.7445184653647424,0.999999999999,0.0,0.0025898254594186,0.8630508979610363,0.0501356931592444,0.0122151044552663,0.0,0.1607302146949007,0.0,572.9982338528263,1.4686303270428185,0.0,0.7445184653647623,30,92,0.2114942528735632,1.0,0.4482150926481035,580.4670456493594,0.0002464885518539,1.8372871349660047,6,6,0.4,1.0,0.7799838312567672,621.7441055137293,0.0007362340742589,0.0376191867187368,0.0625468391576288,0.0322830200088215,1.6626313488716762,0,0,0.0,0.0,0.0,,0.0,0.0,0,0,0.0,0.0,0.0,,0.0,0.0,0.0,0.0,0.0,1.0,0.0400020107626915,0.1350970268249511,0.0466159395873546,0.0317284129559993,143,0.2366381228049247,0.8237927797951078,0.8237496455392254,0.0377512644373483,0.0248786550946533,0.1809117617604596,0.180911762274165,0.6361839594701211,0.8454204648641935,0.8443419041051096,0.0374079738962172,0.0248786550946533,0.4594251867634333,0.4594251893708391,0.1751509832019131,0.2393162393162393,0.4233307827911559,0.1664300399844311,1.1361855021715548,,0.3366179939915353,0.0355484105467542,0.0317981689845551,24.58343198351033,0.9999999999964594,,0,0.9957961440086364,-0.016921978443861,99.875,2.1569089889526367,0.999,0.9531743054779608,0.7997496724128723,479.09810160932346,130.9490509033203,0.8746246246246246,,0.6079148880960595,0.0340520552465496,0.273638742601507,0.0709616969886287
27,27,hospital4_slide43,7.049243197035411,0.4003068804740906,4.662998888098946,4.662998888098946,0.0,0.0,0.0017821061582586,0.0003478896938631,4.025840014344331,7.649396013744341,8.918042819501956,4.437699624197986,2.8020215608200503,4.322973181238726,0.0005102188773378,-8.278705578845802e-05,0.0006076721253139,-0.0006697713301306,0.0635411664843559,0.2347704470157623,1.609256386756897,22,0.0006162035099921,-6.021841734218903e-05,0.0486283584020533,1682.824236356445,3.861102915939104,2.2480057091765584,0.2580261864669436,132.25,0.0094788768166639,575649.080085875,0.0010779727246492,0.495885506373185,1.7939155198663053,0.0103389103389103,0.1914965905372046,0.0056576576576576,0.7053842361954711,0.0007338966376159,-7.171996157730274e-05,0.0689780737841498,483333.71698481374,0.001283862444068,0.0103389103389103,0.2280718963613724,0.9557368159294128,0.0002621582243591,4.662998676300049,2.509814739227295,0.6734079122543335,1.0,0.0,0.1870370712926768,,,,,0.9999999999959582,0.0,0.0006487521999491,0.19643205489812,0.0619745871605372,0.0098826509489932,0.0,0.247180239637754,0.0,2218.6279200135004,1.7863949782949728,0.0,0.7042845082653242,0.999999999999,0.0,0.0026221216359012,0.7939375637928896,0.0619745871607257,0.0098826509489932,0.0,0.247180239637754,0.0,548.9218060178374,1.7863949782949733,0.0,0.7042845082653328,30,88,0.2022988505747126,1.0,0.3796608699555385,531.1815062194399,0.0002482042899892,1.7853926911524922,7,11,0.5238095238095238,1.0,0.6125488390174784,553.0887455416473,0.0011917707639851,0.0728811693130001,0.0708630697672537,0.0367330429772573,0.9723097260270448,0,0,0.0,0.0,0.0,,0.0,0.0,0,0,0.0,0.0,0.0,,0.0,0.0,0.0,0.0,0.0,1.0,0.0697945728898048,0.2474149912595749,0.0803217813372612,0.0635411664843559,142,0.2747915861726385,0.8102051968600685,0.8101526080286595,0.0759569709644172,0.0570552651770412,0.2575682309558474,0.2075682315455173,0.6180938374697029,0.8221130680311822,0.8216406794590191,0.0757859661714637,0.0570552651770412,0.4286380986851691,0.4286381011202103,0.1127283690835608,0.2565217391304348,0.1432231443540079,0.0711282518336581,1.2181660868011344,,0.4405575975760498,0.1704699839461256,0.1356299266290265,22.60327457021768,0.9999999999980036,,0,0.9930469989776612,-0.0258876271545887,99.675,2.1669421195983887,0.99925,0.9284510691181028,0.8331456184387207,479.09810160932346,140.9893341064453,0.8747497497497497,,0.8257365073293332,0.0484616198139585,0.4112253667772872,0.1001512874033977
28,28,hospital4_slide44,7.406278890749011,0.2845742404460907,5.139778482534841,5.139778482534841,0.0,0.0,0.0160418860786443,0.0016366737579431,7.068613960158879,19.705254370192453,15.26217297240371,7.653814115718418,4.121297890218124,-52.5536199805241,0.0020641972619674,-0.0013873733460574,0.0042584656801224,-0.0251850357416976,0.0225665979087352,0.2239785492420196,1.662032961845398,22,0.0002237397423718,-0.0001306553699443,0.0088964966877021,1380.283766610257,3.365961164847384,2.241675513808473,0.2208946843714858,90.25,0.0188527846731797,1188543.2364990714,0.0006237277997111,0.4269543048092709,1.6894297618134462,0.0136490960020371,0.0814810922320457,0.0072650878533231,0.6685557392321583,0.0004615759017474,-0.0002695425123791,0.0378633452112637,576122.7106461066,0.0012867527096258,0.0136490960020371,0.1680957839212828,0.927378237247467,8.353406883543357e-05,5.1397786140441895,2.6840696334838867,0.6706462502479553,1.0,0.0,0.1473212923963251,,,,,0.999999999991024,0.0,0.000224567063552,0.086101968474489,0.0376113763346058,0.0200456106824004,0.0,0.1941078142838316,0.0,4078.8611418046935,1.668798311295859,0.0,0.6644410306773105,0.999999999999,0.0,0.0020156969445658,0.7728447441487571,0.0376113763349058,0.0200456106824004,0.0,0.1941078142838316,0.0,454.4224129133591,1.6687983112958598,0.0,0.6644410306773345,27,78,0.2222222222222222,1.0,0.464687999436997,432.1710632959593,0.0003574776905365,1.739064080517412,8,10,0.3571428571428571,1.0,0.5110846960469276,621.027119632519,0.0005879756468439,0.0655778689285701,0.0976790252770089,0.0513472892192825,1.489512039243066,0,0,0.0,0.0,0.0,,0.0,0.0,0,0,0.0,0.0,0.0,,0.0,0.0,0.0,0.0,0.0,1.0,0.0281215403228998,0.1114091426134109,0.0329381003975868,0.0225665979087352,132,0.2356243560527096,0.8235002739357709,0.8234579765995483,0.0248519648846269,0.015274238307029,0.1819551771416188,0.1819551776585842,0.6333343881277191,0.850756386849232,0.8514842402136825,0.0243367133684848,0.015274238307029,0.4573951270066032,0.4573951296050097,0.2079616190427262,0.2624434389140271,0.3608212696442648,0.1750287975460033,1.2467714643042556,285.0,0.3199599115639967,0.1182597547510418,0.0852453367619382,23.09343055103717,0.9999999999967776,,0,0.99724018573761,-0.0130468625575304,99.9,2.1459524631500244,0.9985,0.9382383986466694,0.8496240377426147,479.09810160932346,142.3922119140625,0.7915412905382815,,0.2007396784379184,0.0742324815991204,0.5645793120966479,0.1066505854011025
29,29,hospital4_slide45,7.449894938241609,0.0791141539812088,4.658855840017842,4.658855840017842,9.073512046597898e-05,1.091919183731079,0.0242986285352096,0.0010017994069038,6.676480446115325,13.972543251493162,15.91766464069191,7.441703085061958,3.7267343948707135,-19.966455754022974,0.0013133321315166,-0.0003598505061148,0.0049671243455994,-0.0175961622427573,0.0098529011011123,0.2358600199222564,1.6651219129562378,22,9.744641136747793e-05,-2.1310758833463728e-05,0.0013912215942201,1365.7137608014732,4.788200365702732,2.5874197062662865,0.2765816804009089,40.66666666666666,0.0133356726505926,4746930.372289676,0.0003902085744049,0.6398785726521171,2.16321949887568,0.011851068827813,0.0312221135584503,0.0067448680351906,0.5833389358356702,0.0003685513610291,-8.05992679892599e-05,0.0199003476467012,1255106.806345828,0.0014758050256535,0.011851068827813,0.1180849292889071,1.0437462329864502,9.299404155171942e-06,4.65885591506958,2.793717384338379,0.6559321284294128,1.0,0.0,0.1722470690685577,1.0,,,,0.999999999980228,0.0,9.75051722025139e-05,0.0331262611049403,0.0871175928377036,0.0139763814752485,0.0,0.2493794445128103,0.0,9368.853583552547,2.106724992917121,0.0,0.5888448130706769,0.999999999999,0.0,0.0019278610759285,0.6549686332804865,0.087117592839339,0.0139763814752485,0.0,0.2493794445128103,0.0,473.8472566361985,2.1067249929171217,0.0,0.5888448130707215,34,88,0.1568627450980392,1.0,0.3532023599887434,427.46138975715945,0.0002765794776359,1.6870873977298153,10,11,0.2444444444444444,1.0,0.4965523992237947,531.474608995022,0.0004872076950433,0.0919859787546077,0.1104633117577883,0.0584605276230701,1.2008711898633253,0,0,0.0,0.0,0.0,,0.0,0.0,0,0,0.0,0.0,0.0,,0.0,0.0,0.0,0.0,0.0,1.0,0.0108334235846996,0.0505768619477748,0.0126613331958651,0.0098529011011123,139,0.1633714236113952,0.7820121503022422,0.7819742617319251,0.0088152610413628,0.0031050815123307,0.1258408671367615,0.1258408674943297,0.625182582789551,0.8357574216418241,0.8377915418309839,0.0076071145328474,0.002983036556543,0.4500066454944694,0.4500066480517428,0.299755268969935,0.2489082969432314,0.1318131261170075,0.1007086882077447,1.179958594989866,,0.1627218000940201,-0.0008252659805976,-0.0074746578381514,21.03342151828851,0.9999999999952436,,0,0.9855644702911376,-0.0437240228056907,98.95,2.177173376083374,0.9825,0.9420286473796994,0.8936842083930969,479.09810160932346,141.91500854492188,0.8400063384053672,,0.1703373047077687,0.0306395807482631,1.016676002993844,0.1589251795305598
30,30,hospital4_slide46,7.224093105468205,0.304625540971756,4.767784354608957,4.767784354608957,0.0,0.0,0.0112681728617842,0.0012805629353724,9.717978230491788,31.82704655655384,23.222399528360352,10.54586614734487,5.117585530464291,-57.0798461456101,0.0015490602356891,-0.0012118840479473,0.0037309358188142,-0.0162555104874468,0.0286420490592718,0.2365710586309433,1.6434943675994873,22,0.0001824135884441,-9.137622061732652e-05,0.0137174702478439,1838.1756569021247,3.208721224889112,2.205736331399883,0.1945464054902979,132.25,0.0101850493845966,1731899.7575338436,0.0004870684013012,0.4515127410981125,1.7151784276180364,0.0099755626071415,0.0999707901078931,0.005176546417709,0.7180866016742291,0.0004393465346373,-0.0002200813368237,0.0795745255813389,719072.5904374687,0.0011731133374524,0.0099755626071415,0.2407815127206639,0.9097350239753724,0.0001039501657942,4.76778507232666,2.547069787979126,0.6701954007148743,1.0,0.0,0.1609961632740467,,,,,0.999999999992492,0.0,0.0001828368087044,0.1031016803772408,0.047858035684525,0.0108764017716162,0.0,0.1800985290275234,0.0,4960.663762714808,1.711367652168801,0.0,0.7144582901620036,0.999999999999,0.0,0.0013727465104947,0.774091786915742,0.0478580356848364,0.0108764017716162,0.0,0.1800985290275234,0.0,660.7133396417936,1.7113676521688013,0.0,0.7144582901620208,33,108,0.2045454545454545,1.0,0.4242442169047616,628.4268532229945,0.0002094967424925,1.847541451116648,5,5,0.5,1.0,0.5946576217910372,835.8708759446965,0.0007186530715876,0.0326127118044869,0.0599229185394326,0.0308868751206113,1.8374098694604173,0,0,0.0,0.0,0.0,,0.0,0.0,0,0,0.0,0.0,0.0,,0.0,0.0,0.0,0.0,0.0,1.0,0.0350944846868515,0.1331904977560043,0.0413359180092811,0.0286420490592718,155,0.1829292964808651,0.8170047102482497,0.8169742012617285,0.033635713635465,0.0212252894416451,0.1380128503707625,0.1380128507628803,0.614999109354903,0.8476243232969294,0.8468666948190217,0.0331254582243568,0.0212252894416451,0.4411554381220044,0.4411554406272673,0.1736150283271873,0.2177419354838709,0.4076656959445954,0.1928159376322511,1.2521289640703406,,0.324076494781482,0.0228655010862218,0.0175680380144348,22.75300064151261,0.9999999999964698,,0,0.9965296387672424,-0.0141237564384937,99.925,2.1450862884521484,0.9865,0.9424859478756332,0.5310831069946289,479.09810160932346,122.3415298461914,0.5180550754695241,,0.7109449000587432,0.0342891168096038,0.4790439095519348,0.1017429516711484
31,31,hospital4_slide47,7.344679861333758,0.3293347954750061,4.532702722864811,4.532702722864811,0.0,1.190424561500549,0.1316007761486385,0.0116158508804922,45.05487627331651,173.0497395652183,127.96568536018528,46.24480242863842,17.027697338998845,539.3168477667409,0.01219327337418,0.0116830862102119,0.0321369458237199,0.1463409124025491,0.0220455024391412,0.1985662430524826,1.7470320463180542,22,0.0001462187656773,-4.4005791485201526e-05,0.0078311425125413,1784.7730916126234,4.785163942404761,2.4866824148079147,0.3491948007172861,16.666666666666668,0.0138881378052562,2027740.1485661,0.0005566594613932,0.6549020357547586,2.110298195884303,0.0157084785133565,0.0755810627947369,0.0076426155293878,0.6705757089894961,0.0003853800700329,-0.0001159834431154,0.0543998155149121,769353.892983476,0.0014671541310797,0.0157084785133565,0.1992045005941127,0.8768870830535889,6.697484786855057e-05,4.532702445983887,2.809952974319458,0.6406179070472717,1.0,0.0,0.1776088464780752,0.0682216525422691,0.8950304067973399,,0.0179682087720473,0.9999999999908924,0.0,0.0001462770111798,0.0775912190496364,0.0553593174366787,0.0143735713862316,0.0,0.3336671405321094,0.0,6611.521811653485,2.0954752655470577,0.0,0.6700923114131487,0.999999999999,0.0,0.001332227993833,0.7066673926393805,0.0553593174371276,0.0143735713862316,0.0,0.3336671405321093,0.0,725.9370426353347,2.0954752655470568,0.0,0.6700923114131685,24,69,0.25,1.0,0.4422118453448262,521.7283142669439,0.0002994704347499,1.514869674985814,18,39,0.2549019607843137,1.0,0.2043057559321766,668.1215376890062,0.0004015946683186,0.3398203977744122,0.0726549636198872,0.0376969158342015,0.2138040096937288,0,0,0.0,0.0,0.0,,0.0,0.0,0,0,0.0,0.0,0.0,,0.0,0.0,0.0,0.0,0.0,1.0,0.0272791069000959,0.1097987815737724,0.0320692881941795,0.0220455024391412,152,0.5231544682586153,0.8782639476720695,0.8782643554266522,0.0223013077348505,0.0146287428215146,0.4133352810186737,0.4133352818016697,0.6953216272640176,0.8914652592073569,0.8910547302552695,0.0220525664076427,0.0146287428215146,0.5137725627466699,0.5137725656663089,0.3455496654741494,0.4238095238095238,0.1207938627395105,0.0738814517641551,1.0943273004984415,,0.5766577957283455,0.3389442798874252,0.2274607894033067,32.31003756547703,0.9999999999959258,0.0187797318883436,0,0.976725697517395,-0.0614481680095195,97.75,2.174781322479248,0.95075,0.8802917465066827,0.9476390480995178,479.09810160932346,146.26419067382812,0.9391144467983912,,0.2362052142420835,0.0076033653226545,0.2107380035131592,0.0923324609301315
32,32,hospital4_slide48,7.153798533379313,0.1511547863483429,4.697480164954412,4.697480164954412,0.0,1.115909218788147,0.1334420336410587,0.0081715229022112,155.78245706473442,824.4998609560135,475.520088278137,158.31137110698978,66.83725958999887,1762.2218731546898,0.0083578746418311,0.0082029466781818,0.0260844708643882,0.1727881436177269,0.0085572293028235,0.2390775829553604,1.6396714448928833,22,0.0002178752505689,-0.000102415526595,0.0019075182429663,1797.001142865298,5.398797118173565,2.916353857607609,0.3444577790349006,24.88888888888889,0.0218467172611369,1251690.0996535495,0.0005547600493417,1.0487177462418773,2.6447277440030144,0.0185542685542685,0.0333559719153775,0.0085085085085085,0.545739955945349,0.0006799824396121,-0.0003196359489384,0.0185801110614194,401057.8495742869,0.0017313902821656,0.0185542685542685,0.1041030372559271,0.8201485276222229,1.2890964171674568e-05,4.697481155395508,2.8773231506347656,0.6158925294876099,1.0,0.0,0.2283921284053541,0.1232699728124174,0.8330947423969325,,0.04363528479065,0.99999999998731,0.0,0.0002190909976191,0.036052085598652,0.0532273415093327,0.0229856575512158,0.0,0.3227287434663795,0.0,5629.55771849887,2.5902145226905566,0.0,0.5550826950228611,0.999999999999,0.0,0.0027802410524157,0.457497065127332,0.0532273415099549,0.0229856575512158,0.0,0.3227287434663795,0.0,443.62535242359615,2.5902145226905566,0.0,0.5550826950228861,23,66,0.2608695652173913,1.0,0.4528057061860168,378.6478602223602,0.0005688184212503,1.3756001951340555,14,32,0.3516483516483517,1.0,0.173846803402565,360.7558172796088,0.0011984035035266,0.3791760588107984,0.122611873027573,0.0653098159437618,0.3233639629361569,0,0,0.0,0.0,0.0,,0.0,0.0,0,0,0.0,0.0,0.0,,0.0,0.0,0.0,0.0,0.0,1.0,0.0108074536547064,0.0788028687238693,0.0142884375527501,0.0085572293028235,147,0.3699743802522089,0.4451433745405578,0.4453466523753226,0.0153053509600977,0.0099553447216749,0.3329200554037826,0.2829200562077383,0.6616954791459404,0.7000534169353833,0.703998514314934,0.0113167771847605,0.0063499247917206,0.4390210408259203,0.4390210433199459,0.2672851180452604,0.3363636363636363,0.2338832479968745,0.1471661151348572,1.0353837151147574,,0.3896654293740681,0.1327541207566681,0.0887995426829268,23.616247712165062,0.9999999999957634,,0,0.9037391543388368,-0.2208686769008636,88.6,2.1948113441467285,0.78275,0.8896764552665894,0.618854284286499,479.09810160932346,165.04415893554688,0.8713185753561661,,0.7346706943374219,0.0186479862625159,0.0914927431372486,0.070646079325241
33,33,hospital4_slide49,7.264452330296612,0.7442670464515686,5.7685889704307245,5.7685889704307245,0.0,0.0,0.0089188988897799,0.0030982503616598,5.8866993080122825,16.652968870981212,15.54263353826399,6.319456459130413,3.692534120379893,-6.7089066368803705,0.0040066566471068,0.0008289429397336,0.0022163396681532,0.0079037046195911,0.0482369698584079,0.2633131444454193,1.6477313041687012,22,0.0016694893564763,-0.0002906177422807,0.0623528083835701,1690.9137701851232,3.3857045244699098,2.680425546115559,0.2428408517440585,20.222222222222225,0.0222483851056016,229234.3829840064,0.0023378873175448,0.6596423880330922,2.1828257395152257,0.0122740005092946,0.1936736460615299,0.0062129769940763,0.5806116535404595,0.0009235023763686,-0.0001607594326339,0.0190794007185772,414405.3927608334,0.001293236441018,0.0122740005092946,0.1071333985166619,1.088276743888855,0.0005294415168464,5.768588542938232,2.6930251121521,0.6454002857208252,1.0,0.0,0.2147643721611579,,,,,0.9999999999975367,0.0,0.001671221752097,0.2195106574145683,0.1324067933238377,0.0240773411198006,0.0,0.2353707685059411,0.0,904.7112734667078,2.110449426264257,0.0,0.5926121608128543,0.999999999999,0.0,0.0041168106910278,0.5407324432588863,0.1324067933240314,0.0240773411198006,0.0,0.2353707685059411,0.0,367.2680803322319,2.1104494262642564,0.0,0.5926121608128577,27,67,0.1908831908831909,1.0,0.511321940525954,373.02509845476015,0.0003529231620349,1.5575330229076134,8,15,0.5357142857142857,1.0,0.5328842480919889,311.35947323756943,0.0020541266650422,0.1394243407830549,0.1515213181546658,0.0819708226244742,1.0867637408480482,0,0,0.0,0.0,0.0,,0.0,0.0,0,0,0.0,0.0,0.0,,0.0,0.0,0.0,0.0,0.0,1.0,0.0563526898622512,0.4059506058692932,0.0748473480343818,0.0482369698584079,144,0.255243125375038,0.2325893948051159,0.232671572889722,0.0876490912667373,0.0509641175158321,0.1953775248509395,0.1953775254061313,0.6045391234059725,0.5888352993863294,0.5941570200372739,0.0826553910610324,0.0455098222009837,0.4337408667943132,0.43374086884827,0.0691928470123976,0.2597402597402597,0.3869653731903414,0.1696482745506137,1.1245358475151883,,0.5303415580981781,0.3296541086178807,0.241423125794155,20.8615603020385,0.999999999999018,,0,0.9433271884918212,-0.1470097303390503,94.825,2.1813576221466064,0.431,0.9382358250095908,0.3644927442073822,479.09810160932346,175.42481994628906,0.5354442319059417,,0.5002918547919082,0.0292081236170476,0.2398219459209685,0.0753120721059232
