,Unnamed: 0,domain,edge_start_ratio_deep_vs_shallow,srcc,pearson,cosine,residual_norm_L2,residual_norm_Linf,kendall_tau_c,kendall_tau_b,abs_srcc,abs_pearson,abs_cosine,abs_residual_norm_L2,abs_residual_norm_Linf,abs_kendall_tau_c,abs_kendall_tau_b,weighted_jaccard,binary_jaccard,spec_L2,spec_Linf,degree_dist_L1,mcs_approx,laplacian_spectral_dist,netlsd_dist,motif_counts_dist,degree_distribution_dist,ged_approx,trim_srcc_w,trim_srcc,trim_tau_b,trim_rbo,trim_sign_agree_w,model_id,AC,ANE,ATC,EMD,acc,alphaReQ,bacc,f1,l2,rankme,layer_vec_L1,layer_vec_L2,layer_vec_Linf,layer_vec_Lp,layer_pearson,layer_spearman,layer_spec_L2,layer_spec_Linf
0,0.0,hospital0_slide8,0.133477467387107,0.6494830021296616,0.6746730853580156,0.6747062394244044,0.0122100798447522,0.0052867636550217,0.5299702102893498,0.5299702117947137,0.673115045632869,0.8122907153953653,0.8149589965665066,0.0094441940882968,0.0038070166483521,0.5624045095680904,0.5624045127633542,0.4375664431893553,0.425,0.2425600875382243,0.1655485453868538,1.1256542814074737,0.8982456140350877,0.4870736756837053,0.0375713986199126,0.1598093921063519,0.1584855187290295,,0.5388610496262435,0.3230947080030247,0.2163728427751841,29.223624107105408,0.9999999999957248,0.0,0.9643707871437072,-0.0869587883353233,96.175,2.2097513675689697,0.912,0.9258779871442918,0.9305900031801956,0.9089508652687072,479.09810160932346,184.6029510498047,0.0019099723391162,0.0004685847778255,0.0002776997929546,0.0004685847778255,0.927365002105623,0.9770021526160876,0.1458354121331019,0.1373599865892867
1,1.0,hospital0_slide9,0.0580861094211354,0.4565866653539269,0.7822429231436212,0.7822142646355934,0.0106936536634584,0.0056050466373562,0.3566223485262661,0.3566223495395841,0.6619029999882059,0.8728021050324877,0.8738194043471308,0.0085535387000625,0.0056050466373562,0.4833284275564892,0.4833284303015992,0.3386489191708229,0.3476190476190476,0.1660100314730094,0.1237482329781343,1.1793679911870607,0.9363957597173144,0.2453093610058081,0.0312589954903308,0.1798661809388175,0.0876226729637982,,0.4971880787841898,0.2759006739613759,0.1811142923194565,26.922323750931945,0.9999999999951762,0.0,0.9725519418716432,-0.0735997408628463,97.5577731092437,2.1898553371429443,0.9419642857142856,0.8908483150250728,0.8685967336438158,0.9004554152488708,479.09810160932346,200.97427368164065,0.0024390524938328,0.0008957365476171,0.0008134552155331,0.0008957365476171,0.6890103680636241,0.9117427404120724,0.136603408387975,0.1274812541418065
2,2.0,hospital1_slide18,0.0399991658712693,0.1537624683853524,0.7438716567469527,0.7436817913050119,0.013406252623278,0.0074790329672396,0.1191447474707722,0.1191447478093381,0.6084047404187959,0.8097323818639758,0.812458263726476,0.0119945566126457,0.0074790329672396,0.4510496963323463,0.4510496988953762,0.2444829627785241,0.1535087719298245,0.2727888777633159,0.1890710241310632,1.15128555980073,1.0,0.3476293416540645,0.230084578163436,0.4613162357823286,0.1217923820857684,267.0,0.2983685603975537,0.1171196879840264,0.0847383635183764,23.664576866192267,0.9999999999965692,0.0,0.9836907386779784,-0.0410934388637542,98.50980392156865,2.05210018157959,0.9050980392156864,0.953615916861148,0.6601123595505618,0.7164192795753479,479.09810160932346,108.06935119628906,0.0031897325064768,0.0011403750834526,0.0010433038901391,0.0011403750834526,0.4463304234790644,0.8948073628256381,0.2986160638130986,0.26820330274653
3,3.0,hospital1_slide19,0.0318104751743013,0.365501979916051,0.8139534354616241,0.8138673970601794,0.0418841350657023,0.0255123716779053,0.2833330995401654,0.2833331003450717,0.6435082890182684,0.8338498456547833,0.8357204250881382,0.0415281063183314,0.0255123716779053,0.4671240784667912,0.4671240811213388,0.1382612179707655,0.2352941176470588,0.1641817444623674,0.109273091995545,1.0380936988247933,0.9523809523809524,0.3041236707750859,0.0387043133571884,0.1840458845515971,0.1108386037613087,,0.4925141728116077,0.3505129441920883,0.2653614181744853,21.806402470154225,0.9999999999981874,0.0,0.9681437611579896,-0.0876188427209854,97.13954387321222,2.118005752563477,0.9605720912253576,0.9269280565693132,0.8082967487433989,0.8281094431877136,479.09810160932346,148.6994171142578,0.0098468808128308,0.0023552182831703,0.0011768127008975,0.0023552182831703,0.391467352866608,0.8524799015946932,0.3575099279478371,0.3258513326379011
4,4.0,hospital2_slide20,0.0174433254226153,0.2253063717304425,0.6761525082240981,0.6760484282887569,0.015595719850787,0.007897260133177,0.1715880622014632,0.1715880623639634,0.593310862623981,0.7548079221824064,0.7579613783729577,0.0140682430388044,0.007897260133177,0.423624282920262,0.4236242853274506,0.2005082616581765,0.198237885462555,0.3358658350608434,0.1451663880161293,1.136481746566092,0.9889705882352942,0.5302841347022623,0.0747671505052432,0.3163878365946134,0.105178477366996,269.0,0.1456882420323786,0.0389476853817296,0.0316652361285151,18.19661390382234,0.999999999996508,0.0,0.994438648223877,-0.0205977074801921,99.63254593175851,2.1497395038604736,0.9923884514435696,0.8352104156717991,0.5181220078127294,0.5303474068641663,479.09810160932346,196.57911682128903,0.0042493870566054,0.0012981311689365,0.0010982211549004,0.0012981311689365,0.3637790515950609,0.8008171154944428,0.438118537997669,0.4123494003537737
5,5.0,hospital2_slide21,0.0158200605406026,0.2483825764956952,0.7366713701324801,0.7366131753591821,0.0564365124472998,0.0493889530189335,0.1875910884513571,0.1875910886290128,0.5976004961936688,0.7562609913148216,0.7571819517950757,0.0561233474454346,0.0493889530189335,0.4275383137054805,0.4275383161347229,0.1321755103883921,0.2094017094017094,0.0934808645674592,0.0667430172965161,1.2220557707775994,1.0,0.4258807160868032,0.0812001224362813,0.483667844920659,0.0744587729008703,,0.356273705960303,0.1706885137973303,0.1294055798535306,17.21741937207683,0.9999999999978676,0.0,0.9965847134590148,-0.0155972326174378,99.89171629669734,2.137904405593872,0.9972929074174336,0.8551112332348555,0.6495928338762215,0.6868217587471008,479.09810160932346,154.1558074951172,0.0091900574118206,0.0024880190093379,0.0017043264131864,0.0024880190093379,0.365419538605213,0.7827505161885517,0.462364879520413,0.4335781767424161
6,6.0,hospital2_slide22,0.0221780395415251,0.1768613930454297,0.1933942519275945,0.1932698318315578,0.0576789461909703,0.0252452696440741,0.1352391883584231,0.1352391887426605,0.5963310781100432,0.5292867086759675,0.5368006894067825,0.052894376401189,0.0223641303600743,0.4257404192179801,0.4257404216370071,0.0644599562446693,0.1673640167364016,0.369778671040732,0.1663915412142533,1.0309216038331437,0.9247311827956988,0.5251961277303175,0.1124160141590247,0.5361363607904259,0.0655081349369377,,0.4062836285912636,0.2634188797926078,0.1902671488240405,17.25982921115789,0.9999999999988212,0.0,0.9558313488960266,-0.1122906729578971,95.65,2.193301200866699,0.4975,0.8846126723629745,0.5677603240496758,0.4324712753295898,479.09810160932346,165.66690063476562,0.0152565223403691,0.0033654471073181,0.0015431901155524,0.0033654471073181,0.3618052149603736,0.8409809779027371,0.4081869431776638,0.3586692334095747
7,7.0,hospital2_slide23,0.0235343945653401,0.1119855729846107,0.6567240675267276,0.6565202308357445,0.0940504538541234,0.0777019863016903,0.0847177884339987,0.0847177886746963,0.608630685539238,0.7285814407207185,0.7294428320554056,0.0930069462855915,0.0777019863016903,0.4360871593492168,0.4360871618270333,0.0810474307846551,0.099601593625498,0.1742359434237913,0.1030581201468809,1.20283632655011,0.960144927536232,0.2903548589582365,0.0487072293906336,0.0387705517238573,0.075887781763852,,0.4471416354608992,0.1710270033907378,0.1300988476780984,19.446579111973765,0.9999999999984804,0.0,0.9118107557296752,-0.1984075605869293,89.4,2.1810014247894287,0.6475,0.8991776293159387,0.6589259796806967,0.6075654625892639,479.09810160932346,173.33493041992188,0.0138016641513677,0.0037991220717642,0.0027730194556784,0.0037991220717642,0.3803900544200977,0.8463076044458113,0.2703869963056428,0.2417128329928545
8,8.0,hospital2_slide24,0.0164849214032955,0.170503800685844,0.7180824040069438,0.7179810388828146,0.0563765041589548,0.0471475203521549,0.1278278007535925,0.1278278009957413,0.600499605490946,0.7489222212050449,0.7485943860262964,0.0559117580931167,0.0471475203521549,0.4289412534059157,0.4289412558426791,0.1336868205969965,0.1695652173913043,0.1373040813696366,0.0926565372392473,1.2973986354954958,0.9851301115241636,0.3643675553273317,0.0937652674494044,0.235956760622398,0.080602210475844,269.0,0.2774979842412138,-0.0333505917099105,-0.0186602870813397,18.4185753443334,0.9999999999972238,0.0,0.9968305826187134,-0.0154382977634668,99.95,2.1461572647094727,0.97825,0.9325152204090232,0.5,0.4945027232170105,479.09810160932346,159.91131591796875,0.007224909354426,0.0022751674610121,0.0016084976650437,0.0022751674610121,0.3628365560147982,0.846724948381145,0.3771259391661395,0.3262040680267216
9,9.0,hospital2_slide25,0.0268196644362383,0.1349285897196041,0.7037767048370486,0.7036404739333771,0.0638371956151119,0.0507891331799328,0.1024845569683312,0.102484557259555,0.5975677102614088,0.7671590952443234,0.7696302889140992,0.0628491435606679,0.0507891331799328,0.4415287929868697,0.4415287954945747,0.0944632551203208,0.1422222222222222,0.2652753549018112,0.140556886255696,1.164407849072674,1.0,0.537707258241086,0.0560339385587594,0.1785081242378763,0.0741111184701721,,0.4522575997112221,0.2237085766570748,0.163784441863394,18.311355098012783,0.9999999999986152,0.0,0.979932427406311,-0.0607170909643173,98.675,2.1746826171875,0.76475,0.8666809949183503,0.511117354379196,0.4552644491195678,479.09810160932346,177.42413330078125,0.0126483097959888,0.0031078926790109,0.0019737724996957,0.0031078926790109,0.4085738278793862,0.8644950138382463,0.3325109695217655,0.2941801677914371
10,10.0,hospital2_slide26,0.0121225632505987,0.2387358475489631,0.7552545245986385,0.7551787328264752,0.0800557970994372,0.0694245849736034,0.1795869761073181,0.1795869766176022,0.5975919105519224,0.7699996228447553,0.7692926191756236,0.0798487821362688,0.0694245849736034,0.4276244210434892,0.427624423472223,0.1124568178339115,0.1964285714285714,0.2665889030348426,0.1326986853544565,1.3503373666713203,0.9925373134328358,0.5366902349659101,0.0582775333083687,0.0976225261191598,0.0645590282427114,,0.3390927477918515,0.0417721694526487,0.0373822340069397,19.396653416533137,0.9999999999977658,0.0,0.996886432170868,-0.0149129489436745,99.8427260812582,2.1383676528930664,0.8689384010484927,0.8903066524938533,0.4992469879518072,0.4649368822574615,479.09810160932346,159.0005645751953,0.0098149417281603,0.0030909014543877,0.0023906958602654,0.0030909014543877,0.3627100665337276,0.8150617229714889,0.4869965585980371,0.4316131852073025
11,11.0,hospital2_slide27,0.0140755147898384,0.2248167951968397,0.7379814387798803,0.7379103183469274,0.0755461209469834,0.0624013249762356,0.1700706461519593,0.1700706466352033,0.5919731900401224,0.7773641622457627,0.7781784702109766,0.0749521867385115,0.0624013249762356,0.4227582728731576,0.4227582748751069,0.1068739120145215,0.2217391304347826,0.1912142097964219,0.0966112330943554,1.2014976115770628,0.9572953736654805,0.5104022313132796,0.0546736785152131,0.2874677836073324,0.1170452796402026,,0.4171489241060653,0.2231359591178391,0.1637538591037556,16.764432427785746,0.9999999999983332,0.0,0.9955020546913148,-0.0157911982387304,99.7,2.141218662261963,0.97725,0.8512840447301617,0.5406881871149279,0.5690017342567444,479.09810160932346,176.6604766845703,0.0121247806602392,0.0032497743302197,0.0022176443863101,0.0032497743302197,0.3646910853593257,0.7664301717699776,0.5165176284783082,0.4696207788038115
12,12.0,hospital2_slide28,0.0524018453818822,0.2802399248311001,0.6335074466293101,0.6333505010927606,0.0523119512141916,0.0420347531326115,0.2164840792752944,0.2164840798902928,0.6057090057573493,0.6994247206051566,0.7012701040689087,0.0512875579304196,0.0420347531326115,0.4492083018629955,0.4492083044155618,0.207736993050444,0.2146118721461187,0.278905736955388,0.1789064408907735,1.1470924016967448,0.962406015037594,0.4673186279582264,0.1490938531327163,0.1952529296155101,0.0750866331491799,,0.4697643575838369,0.1967719047305372,0.1384845091452034,19.240984473316946,0.9999999999978136,0.0,0.8862766027450562,-0.2573662400245666,86.6,2.1656806468963623,0.60275,0.8987834496769939,0.7643132601601899,0.5667523145675659,479.09810160932346,180.0482635498047,0.0078398229517122,0.0021252129438232,0.001531916201546,0.0021252129438232,0.5711668160664116,0.907031147036858,0.1646581680245885,0.1501656142924
13,13.0,hospital2_slide29,0.0226735009247049,0.1841645661320236,0.7592999159767355,0.7591586818839225,0.0682390435758591,0.0493273925967514,0.139972043132881,0.1399720432654397,0.6073653389098879,0.789869221676843,0.7909329035925355,0.0677635727380068,0.0493273925967514,0.4350612163374469,0.4350612183976561,0.1094559692694079,0.1751152073732718,0.4049205408544473,0.2103120344940677,1.2717375082753757,1.0,0.7220862305407687,0.0407271506439595,0.2025936184539962,0.0932733210883175,273.0,0.3928295307517473,0.1856774285783519,0.1422674614214192,17.618549861438513,0.9999999999983292,0.0,0.9473537802696228,-0.1297793686389923,94.55,2.1735260486602783,0.54125,0.8967051434080595,0.5665743340145813,0.4539990127086639,479.09810160932346,187.73843383789065,0.0114687403197156,0.0029891834226721,0.0018323665126506,0.0029891834226721,0.3772109564137922,0.843155559460528,0.3911906818564613,0.3473966027629728
14,14.0,hospital3_slide30,0.0189826628219168,0.2212055018235079,0.8132088950895916,0.8130999723721408,0.0474448046234589,0.0354389031417667,0.167896129943975,0.1678961304210746,0.6098926151753429,0.8307519727659357,0.8302281630640315,0.0471720811263451,0.0354389031417667,0.4523084661675317,0.4523084687375165,0.1585129946342469,0.2376681614349775,0.1751052265835989,0.1257590069941633,1.259774527817137,0.9782608695652174,0.3599059388542426,0.0437845459641278,0.3977112659938795,0.1249128637082669,,0.382872931360408,0.089387804841223,0.0809890492589869,22.5040977151774,0.9999999999971938,0.0,0.9978126287460328,-0.0084597487002611,99.9,2.161486387252808,0.998,0.950396131585052,0.642481485456692,0.6661658883094788,479.09810160932346,158.93309020996094,0.0073643120991141,0.0022252047184052,0.001455451487591,0.0022252047184052,0.4008839086229724,0.8935114000790757,0.2442313966881553,0.2025853114520235
15,15.0,hospital3_slide31,0.0334186090061609,0.2664999993496246,0.6186947863849604,0.6185871715487581,0.0103434398979662,0.0042375167831778,0.2066228283523072,0.2066228289392129,0.6346443777488314,0.7236299440846136,0.7279646854058416,0.008995565087002,0.0042375167831778,0.4587476590761619,0.4587476616816632,0.2108891793984666,0.1784037558685446,0.4206435394155644,0.1838339538503281,1.1456304080165591,1.0,0.7813156467067323,0.0765156288357133,0.3009516359658206,0.1087809373491761,257.0,0.2196348864123299,0.050617910523511,0.029375321679788,21.855348863010835,0.9999999999949846,0.0,0.9941084384918212,-0.0155988791957497,99.3075591459896,2.169469356536865,0.9838430467397576,0.8713590134842141,0.7723577235772358,0.8484784960746765,479.09810160932346,163.5071258544922,0.0024915653180241,0.0011325699685692,0.0010812976221139,0.0011325699685692,0.4197625447307521,0.8865812942055089,0.3202038209418103,0.262106422182865
16,16.0,hospital3_slide32,0.0967799002540138,0.6833518247601521,0.9092083355014698,0.909185156693648,0.0099655546447456,0.0070207263343036,0.5554422146691024,0.5554422162474667,0.6493169720713122,0.9116299303529706,0.9123506776484916,0.0098808905482572,0.0070207263343036,0.5663609678806841,0.5663609705626563,0.4674609940539079,0.4974358974358974,0.0930189963378061,0.0747876118834941,1.0983744766863566,0.8287671232876712,0.2879603860994937,0.0292113589492291,0.1113537605539302,0.0909178283872127,,0.6256523791872822,0.4645966579632574,0.3203952023095283,31.1593738512448,0.9999999999954944,0.0,0.9928674697875975,-0.0224206522107124,99.475,2.174875497817993,0.982,0.9079660987076208,0.9638664739186592,0.9751869440078736,479.09810160932346,172.51925659179688,0.0021403636579407,0.0006576424519641,0.0004961152819584,0.0006576424519641,0.8464062168223544,0.9511927250362432,0.0932191696631339,0.0799760770771004
17,17.0,hospital3_slide33,0.0320615339174856,0.27083672091221,0.6992745139724562,0.6991793197845432,0.009743199291064,0.0035546744475141,0.2093132004235875,0.2093132010179398,0.6180813223644566,0.7808765558240344,0.7838090261379834,0.008287046859574,0.0029692037496715,0.4595962713478925,0.4595962739557999,0.2832145335168408,0.2697674418604651,0.2451628071000484,0.129309706282158,1.1997320860892573,0.967032967032967,0.5156169277035287,0.0751270629425006,0.2814128506959752,0.1148808648180201,,0.279816822928072,0.0898620174358874,0.0531650778047426,23.20710316624801,0.999999999995031,0.0,0.9976315498352052,-0.0093880146741867,99.85,2.1603591442108154,0.9955,0.884657369127863,0.5525059823635955,0.5897809863090515,479.09810160932346,179.2763671875,0.0024335153758343,0.0011112062920867,0.0010633105893107,0.0011112062920867,0.4506197142515831,0.8935882792250582,0.2568027504967302,0.2093672371959183
18,18.0,hospital3_slide34,0.0166608792642605,0.3814053686774977,0.8256085521977521,0.82552638887938,0.0167327001846557,0.0112077132798731,0.2931844562317222,0.2931844570648456,0.6248610215644229,0.8376152252071897,0.8393014072716625,0.0164517144176375,0.0112077132798731,0.4512613244614473,0.4512613270258508,0.2510680821152237,0.2903225806451613,0.2322311089426867,0.1186655752730312,1.1064704142310395,0.9607142857142856,0.3709673558515229,0.0473938454969145,0.3396274214185401,0.1169628834834831,,0.3155805170393871,0.1727961424183364,0.140206325002236,24.24172690910945,0.9999999999966274,0.0,0.9934647083282472,-0.0197064504027366,99.49367088607596,2.180738925933838,0.9934177215189872,0.862386358394143,0.942861301211758,0.9584063291549684,479.09810160932346,196.4310607910156,0.0049078040756237,0.0014152848490877,0.0010691418193835,0.0014152848490877,0.40485795964647,0.8346000087861881,0.3067355868110424,0.2476494226148232
19,19.0,hospital3_slide35,0.018552906702851,0.3019572210842942,0.7478475689789487,0.7477686186919998,0.0296998864722028,0.0233174399472773,0.2308928854619225,0.2308928856805866,0.6133105285474806,0.7774833032314257,0.77921374591068,0.0291651313203576,0.0233174399472773,0.4560977193183205,0.456097721910208,0.2012190930925806,0.2536585365853658,0.5398969844002058,0.2454026308487062,1.2987338611419077,1.0,0.7557594292476039,0.0735837056932783,0.1949255235617455,0.1491773734150794,274.0,0.3691199815744616,0.1759110850699699,0.1399511890572677,21.76028215341505,0.9999999999972085,0.0,0.9978734254837036,-0.0087771462276577,99.9,2.1691970825195312,0.9725,0.8912315589075804,0.5299145299145299,0.5494683980941772,479.09810160932346,176.1542510986328,0.0064924481441584,0.0017238687909218,0.0010548865705003,0.0017238687909218,0.3962911692205271,0.8474937398409701,0.3484348488776506,0.2799377677886384
20,20.0,hospital3_slide36,0.029691802109091,0.203545402812016,0.4910356727563204,0.4909501302522502,0.0127273884742795,0.0062487098621204,0.1567547364848859,0.1567547364848448,0.6025138641865266,0.6295649975072934,0.6348679675625992,0.0107934366565643,0.0062487098621204,0.4468346971757506,0.4468346988684263,0.2027752910023401,0.1965811965811965,0.270555578729149,0.1413473577111691,1.1888666760746376,0.9928571428571428,0.5700828752426708,0.1252012804404677,0.659131963508364,0.1108027970924616,,0.2081466021076051,0.0080425493933575,0.0016038492381716,19.29181327579737,0.9999999999953608,0.0,0.9988716244697572,-0.0065646590664982,100.0,2.156638860702514,0.99925,0.8859794480207952,0.5,0.4998124241828918,479.09810160932346,169.72201538085938,0.0028175805238541,0.0011361990067554,0.0010671538237085,0.0011361990067554,0.4154488579405083,0.8865703114703687,0.3093009504766283,0.2414663626500775
21,21.0,hospital3_slide37,0.0385738836622513,0.2348369872182543,0.6764422095660515,0.6763325432844209,0.0103814642088865,0.0035376665182411,0.1820031707680225,0.1820031712852092,0.6355264802381478,0.7705537759124199,0.773883544297358,0.0086801754790913,0.0035376665182411,0.4597206881978071,0.4597206899392968,0.2315903852175634,0.2035398230088495,0.5013291637905652,0.2312614138172776,1.1303397496886585,1.0,0.6347616673288079,0.1239552198643295,0.2060499401033873,0.0628586347374942,,0.2533031156908398,0.0762475534497808,0.0446626202358313,21.698783944885744,0.9999999999954332,0.0,0.9969246983528136,-0.0115639045834541,99.925,2.168032646179199,0.99325,0.8533932340464309,0.734567327310575,0.8133654594421387,479.09810160932346,174.13046264648438,0.0027036882913642,0.001116850313058,0.0010530275311303,0.001116850313058,0.4437986311415394,0.908458902605105,0.314547244557963,0.2352602413287299
22,22.0,hospital3_slide38,0.1170834514255129,0.5823035587194824,0.7305213134929985,0.7305826921296749,0.0121660881862167,0.0049213405582122,0.4641401283914407,0.464140129710263,0.6627365145089034,0.8157135370037658,0.8184668922068632,0.0103429126567529,0.0049213405582122,0.52147727096304,0.5214772739260369,0.4305227641938732,0.4123222748815165,0.118089611556864,0.092427241704905,0.9856966579913644,0.825503355704698,0.3631313073936791,0.0282624318165425,0.2423946735563901,0.0935242112717162,,0.6117712234910799,0.4103379459088625,0.2870100284672276,28.291081185622826,0.9999999999963826,0.0,0.9581215381622314,-0.1011124402284622,95.475,2.204641819000244,0.8945,0.9465730206826822,0.9357258517261464,0.8439900875091553,479.09810160932346,171.45460510253906,0.0023838763576333,0.00053994856829,0.0002736281956178,0.00053994856829,0.9108028525408044,0.9770351008215086,0.0445399886388787,0.0290473376839491
23,23.0,hospital3_slide39,0.1288286721538689,0.6660383100698196,0.8018252956556663,0.8018629143902181,0.0106306049524571,0.0046095381258055,0.5394602625503507,0.53946026408319,0.7235827293222709,0.8630158389330691,0.8649792164350003,0.0091506022992115,0.0036580166779458,0.5610045971845928,0.5610046003724267,0.4950735165005103,0.4947368421052631,0.1682669087980701,0.1350123780956397,1.0519304765073365,0.926056338028169,0.2875659240968398,0.0542641058449921,0.5039003683611775,0.0925743004183841,,0.6726971542616884,0.4986691911067961,0.3535277862196181,31.702164544817304,0.9999999999962874,0.0,0.9773025512695312,-0.0576921068131923,97.4,2.215773344039917,0.94125,0.9249315830106218,0.9581838778427648,0.9309482574462892,479.09810160932346,138.48622131347656,0.0020152438995401,0.0004513518667585,0.000197950908104,0.0004513518667585,0.9428025376011726,0.9806703861529676,0.0719833822951389,0.0370688810215108
24,24.0,hospital4_slide40,0.0447647012362347,0.1811761606064003,0.7672029367913072,0.7671398153719223,0.0085375773843665,0.0032256202102871,0.1389262249801685,0.1389262253748814,0.6070818256954117,0.8500732137587441,0.8518621590941493,0.0073404491260329,0.0028624978585867,0.450025732533601,0.4500257350906154,0.2520683832270569,0.2207792207792207,0.4144577583040471,0.2393439741948251,1.1520731017020565,0.9716312056737588,0.7707819796149326,0.0768967415572288,0.4630101613066529,0.1010592686990282,278.0,0.2740651784521773,0.0835190548360304,0.0572203359530785,22.3318604387258,0.9999999999942814,0.0,0.9908745288848876,-0.0283046383410692,99.3,2.179632663726806,0.98375,0.9228685418539444,0.6252334572464053,0.6741033792495728,479.09810160932346,164.7291259765625,0.0027686162198368,0.0011314719521339,0.0010669874724183,0.0011314719521339,0.4986117341052115,0.9043952906031716,0.2518434920044025,0.1763571506919837
25,25.0,hospital4_slide41,0.0386502559475,0.1351325027279403,0.7796357339102066,0.7795968233593745,0.0091066887186487,0.0032385316008003,0.1038402788599784,0.1038402791550062,0.6040248482553398,0.833835562340227,0.8349083312298583,0.0078994162957864,0.0028495864680735,0.4473067290600041,0.4473067316008257,0.2826880020702287,0.2,0.2255672693404137,0.1335699220432585,1.2029298349414863,0.96875,0.2801310728867201,0.0846831650747802,0.1846809282250144,0.0829955244916834,,0.2756867164635779,0.0368715462238003,0.0177661917129654,21.583762148817065,0.999999999994729,0.0,0.9969590306282043,-0.0126400822773575,99.825,2.152348756790161,0.99025,0.9362431821071782,0.5680554278885928,0.6151939034461975,479.09810160932346,126.1328353881836,0.0022943631274584,0.0011023955276218,0.0010561523781338,0.0011023955276218,0.4788938973423447,0.9230769230769232,0.2422436398082871,0.192137952546772
26,26.0,hospital4_slide42,0.0218390667750953,0.2366381228049247,0.8237927797951078,0.8237496455392254,0.0377512644373483,0.0248786550946533,0.1809117617604596,0.180911762274165,0.6361839594701211,0.8454204648641935,0.8443419041051096,0.0374079738962172,0.0248786550946533,0.4594251867634333,0.4594251893708391,0.1751509832019131,0.2393162393162393,0.4233307827911559,0.1664300399844311,1.1361855021715548,0.9689655172413794,0.8079725522050654,0.1109727906969395,0.5242739096288279,0.0905364422009034,,0.3366179939915353,0.0355484105467542,0.0317981689845551,24.58343198351033,0.9999999999964594,0.0,0.9957961440086364,-0.016921978443861,99.875,2.1569089889526367,0.999,0.9531743054779608,0.8746246246246246,0.7997496724128723,479.09810160932346,130.9490509033203,0.0051670601241046,0.0016547451979613,0.0010525157862362,0.0016547451979613,0.4064884600745077,0.8947963800904978,0.253647812975882,0.2090085978234873
27,27.0,hospital4_slide43,0.0133255667511041,0.2747915861726385,0.8102051968600683,0.8101526080286595,0.0759569709644172,0.0570552651770412,0.2075682309558474,0.2075682315455173,0.5980938374697029,0.8221130680311829,0.8216406794590191,0.0757859661714637,0.0570552651770412,0.4286380986851691,0.4286381011202103,0.1127283690835608,0.2565217391304348,0.1432231443540079,0.0711282518336581,1.2181660868011344,1.0,0.3855874373592246,0.0461668313938656,0.2661250480508804,0.1235825250444447,,0.4405575975760498,0.1704699839461256,0.1356299266290265,22.60327457021768,0.9999999999980036,0.0,0.9930469989776612,-0.0258876271545887,99.675,2.1669421195983887,0.99925,0.9284510691181028,0.8747497497497497,0.8331456184387207,479.09810160932346,140.9893341064453,0.0109772229871779,0.0030905314045027,0.0020893956737971,0.0030905314045027,0.3677431639813333,0.7776215788780038,0.3895438277714601,0.3547178874084895
28,28.0,hospital4_slide44,0.031595697536832,0.2356243560527096,0.8235002739357711,0.8234579765995483,0.0248519648846269,0.015274238307029,0.1819551771416188,0.1819551776585842,0.6333343881277191,0.8507563868492323,0.8514842402136825,0.0243367133684848,0.015274238307029,0.4573951270066032,0.4573951296050097,0.2079616190427262,0.2624434389140271,0.3608212696442648,0.1750287975460033,1.2467714643042556,1.0,0.7090457978499151,0.0819082586006441,0.446766451924957,0.0730211189582693,285.0,0.3199599115639967,0.1182597547510418,0.0852453367619382,23.09343055103717,0.9999999999967776,0.0,0.99724018573761,-0.0130468625575304,99.9,2.1459524631500244,0.9985,0.9382383986466694,0.7915412905382815,0.8496240377426147,479.09810160932346,142.3922119140625,0.0047307121034278,0.0013733737395171,0.001040488151165,0.0013733737395171,0.4304814138191942,0.9022207090453808,0.3072174141497132,0.2659619536943702
29,29.0,hospital4_slide45,0.0443249302386916,0.1633714236113952,0.7820121503022417,0.7819742617319251,0.0088152610413628,0.0031050815123307,0.1258408671367615,0.1258408674943297,0.625182582789551,0.8357574216418244,0.8377915418309839,0.0076071145328474,0.002983036556543,0.4500066454944694,0.4500066480517428,0.299755268969935,0.2489082969432314,0.1318131261170075,0.1007086882077447,1.179958594989866,0.9475524475524476,0.2586596060441535,0.0530224042711652,0.3318232791417088,0.1108031593809199,,0.1627218000940201,-0.0008252659805976,-0.0074746578381514,21.03342151828851,0.9999999999952436,0.0,0.9855644702911376,-0.0437240228056907,98.95,2.177173376083374,0.9825,0.9420286473796994,0.8400063384053672,0.8936842083930969,479.09810160932346,141.91500854492188,0.0022892248517713,0.0011269042180037,0.0010860550727766,0.0011269042180037,0.4251101209958615,0.9241971620612398,0.3146038398416597,0.2491176753661297
30,30.0,hospital4_slide46,0.0218554634990369,0.1829292964808651,0.81700471024825,0.8169742012617285,0.033635713635465,0.0212252894416451,0.1380128503707625,0.1380128507628803,0.596999109354903,0.8476243232969296,0.8468666948190217,0.0331254582243568,0.0212252894416451,0.4411554381220044,0.4411554406272673,0.1736150283271873,0.2177419354838709,0.4076656959445954,0.1928159376322511,1.2521289640703406,0.9668874172185432,0.7353871543348718,0.1141179289464399,0.8030286220374513,0.1190369373391788,,0.324076494781482,0.0228655010862218,0.0175680380144348,22.75300064151261,0.9999999999964698,0.0,0.9965296387672424,-0.0141237564384937,99.925,2.1450862884521484,0.9865,0.9424859478756332,0.5180550754695241,0.5310831069946289,479.09810160932346,122.3415298461914,0.0050011838511734,0.0015272814264496,0.0010554580201274,0.0015272814264496,0.4128302176294005,0.8955541888151826,0.2594858288992905,0.1946856271019505
31,31.0,hospital4_slide47,0.1194165823610849,0.5231544682586153,0.8782639476720696,0.8782643554266522,0.0223013077348505,0.0146287428215146,0.4133352810186737,0.4133352818016697,0.6953216272640176,0.8914652592073565,0.8910547302552695,0.0220525664076427,0.0146287428215146,0.5137725627466699,0.5137725656663089,0.3455496654741494,0.4238095238095238,0.1207938627395105,0.0738814517641551,1.0943273004984415,0.9732441471571908,0.2436185881728097,0.0173534305933325,0.3470871331193101,0.1227483533170986,,0.5766577957283455,0.3389442798874252,0.2274607894033067,32.31003756547703,0.9999999999959258,0.0,0.976725697517395,-0.0614481680095195,97.75,2.174781322479248,0.95075,0.8802917465066827,0.9391144467983912,0.9476390480995178,479.09810160932346,146.26419067382812,0.0024051612087509,0.0008062858558173,0.0004888213549952,0.0008062858558173,0.802564535005003,0.9721038527434872,0.1269261546062371,0.0897656067099645
32,32.0,hospital4_slide48,0.0941686811161435,0.3699743802522089,0.4451433745405579,0.4453466523753226,0.0153053509600977,0.0099553447216749,0.2829200554037826,0.2829200562077383,0.6116954791459404,0.7000534169353833,0.703998514314934,0.0113167771847605,0.0063499247917206,0.4390210408259203,0.4390210433199459,0.2672851180452604,0.3363636363636363,0.2338832479968745,0.1471661151348572,1.0353837151147574,0.9727891156462584,0.4671934916133965,0.1128080638494221,0.1182450685045298,0.1756002457741541,,0.3896654293740681,0.1327541207566681,0.0887995426829268,23.616247712165062,0.9999999999957634,0.0,0.9037391543388368,-0.2208686769008636,88.6,2.1948113441467285,0.78275,0.8896764552665894,0.8713185753561661,0.618854284286499,479.09810160932346,165.04415893554688,0.0025354507985131,0.0007585075894512,0.0006385463560805,0.0007585075894512,0.8022307413063596,0.9097109344111056,0.1606298526212562,0.0970535050190186
33,33.0,hospital4_slide49,0.0229565336217422,0.255243125375038,0.2325893948051159,0.232671572889722,0.0876490912667373,0.0509641175158321,0.1953775248509395,0.1953775254061313,0.6045391234059725,0.5888352993863295,0.5941570200372739,0.0826553910610324,0.0455098222009837,0.4337408667943132,0.43374086884827,0.0691928470123976,0.2597402597402597,0.3869653731903414,0.1696482745506137,1.1245358475151883,0.979381443298969,0.4791619221984572,0.0937951211970314,0.4563897272295374,0.1009437814120413,,0.5303415580981781,0.3296541086178807,0.241423125794155,20.8615603020385,0.999999999999018,0.0,0.9433271884918212,-0.1470097303390503,94.825,2.1813576221466064,0.431,0.9382358250095908,0.5354442319059417,0.3644927442073822,479.09810160932346,175.42481994628906,0.0189859493815865,0.0043200677468158,0.0022462442569526,0.0043200677468158,0.3500248820840621,0.843364231428195,0.3616307429585239,0.3335147417938246
34,53.0,countour_stylize_transform,0.0696975733023996,-0.0061608304669571,0.6377101809952651,0.6377444575236519,0.0126575355522815,0.0068913610302843,-0.0054904102780346,-0.0054904102936352,0.5455394234675998,0.7941921183725049,0.7965720035529165,0.01253866102074,0.0068913610302843,0.3848124683413343,0.3848124705269136,0.0209157226326014,0.0956521739130434,0.1357515104460726,0.0703932357841073,1.203857226470823,1.0,0.3971388651327114,0.0508982610262341,0.5374065555408286,0.1373584546304121,264.0,0.4594603235521442,0.3338170298170299,0.2283563563563563,18.43922103351688,0.999999999993375,0.0,0.9944595098495485,-0.0328189097344875,100.0,1.80206036567688,0.5275,0.7839126753068195,0.5,0.3453355133533478,479.09810160932346,132.9468994140625,0.0043133300820897,0.001294557971189,0.0011157599376648,0.001294557971189,0.4564700818784467,0.884318850766595,0.2726212077363621,0.2352833063598214
35,54.0,edge_enhance_stylize_transform,0.2273122578011903,0.6071908216533568,0.9234000719454412,0.923436454713642,0.0051875174454961,0.0034660964738577,0.4852295190518483,0.4852295204305947,0.718584340781639,0.92908757495599,0.9298499029992348,0.0050090287267202,0.0034660964738577,0.5384214704719114,0.5384214735306188,0.6248617574209399,0.5891891891891892,0.129817281879608,0.0844033182844751,0.7714727331889663,0.8129251700680272,0.2535825725118123,0.031646174002388,0.5424087311918383,0.0911584620961927,,0.6605687847702969,0.4937619658861382,0.3453651037663336,40.44477050507943,0.9999999999948564,0.0,0.9829663038253784,-0.0471147783100605,98.75,1.930490493774414,0.985,0.8159892572546249,0.9846786529250984,0.984945833683014,479.09810160932346,93.27084350585938,0.000844727186248,0.0002437060518813,0.0001814693890852,0.0002437060518813,0.989767275922854,0.993399376180644,0.0763739033454471,0.0628510169536083
36,58.0,edge_stylize_transform,0.0526709638753808,0.0129386762168671,0.6378897581364541,0.6379566286075279,0.0124818506108043,0.0066516922088339,0.0103544681498193,0.0103544681596253,0.5317406145237965,0.7789441737587377,0.7806353450070259,0.0123290271895759,0.0066516922088339,0.3746642011100204,0.374664203238836,0.0293405983273495,0.1091703056768559,0.2716768933963479,0.1708082309790003,1.172187488473331,0.9881889763779528,0.4613386727694912,0.0211641365852552,0.5066296344604558,0.1164079083214682,251.0,0.4219428164356922,0.3383843820849809,0.232051948051948,18.44608255261268,0.9999999999933769,0.0,0.9909206628799438,-0.0470808893442153,99.75,1.797935128211975,0.5275,0.8199679435658058,0.5,0.3453355133533478,479.09810160932346,130.86465454101562,0.0042651837969938,0.0012891041782988,0.0011155193606513,0.0012891041782988,0.4212136932664936,0.8992224223520626,0.3956795922188185,0.3076254782365412
37,52.0,emboss_stylize_transform,0.1780679281154476,0.0544622445051962,0.0390491413423243,0.0394718305039317,0.0130945342170717,0.0074165271073241,0.0413478484316823,0.0413478485491115,0.5843699356056025,0.4343130144180092,0.4452684910741167,0.0128369908097239,0.0074165271073241,0.4155252257186917,0.4155252280777252,0.0203409456051072,0.2142857142857142,0.1653170832907752,0.099832307992462,1.0598267432562836,0.9669117647058824,0.4886775500564066,0.1322793167137901,0.5474828117430705,0.1022619985129827,263.0,0.3954301878373666,0.3732164292587218,0.2592093441150044,21.424757468084028,0.9999999999933894,0.0,0.9707918763160706,-0.1119520664215087,99.5,1.825270414352417,0.5275,0.7943686639765208,0.5,0.3453355133533478,479.09810160932346,125.7936019897461,0.0042337371677881,0.0012753211910869,0.0010952327146031,0.0012753211910869,0.8171982568218301,0.9506435882792252,0.1721240271603853,0.1293255124604773
38,75.0,fog_1_corrupt,0.1487020175260196,0.5202604837890851,0.8676730298450991,0.8677418936029351,0.0132969270972917,0.0078248069621622,0.4089578848896537,0.4089578852769518,0.6910519348357567,0.8889366341435354,0.890492125157128,0.0127716920376237,0.0078248069621622,0.508849472023025,0.5088494749142717,0.3800124663721804,0.3926940639269406,0.2154844243270729,0.1511131224694277,0.940234443984484,0.740983606557377,0.5636621643977113,0.055160058120135,0.3209246990510451,0.0849843510086339,,0.573431157520856,0.4180341204222781,0.2911872795240351,31.6077746274482,0.9999999999966734,0.0,0.9898442029953004,-0.0320993177592754,99.0,1.9122157096862795,0.9875,0.7897392238341497,0.987324155570601,0.9874585270881652,479.09810160932346,118.1613311767578,0.0028307649886319,0.0007178609882965,0.0003614888294312,0.0007178609882965,0.9250101144520984,0.9625159249659536,0.332685001713688,0.1731801705268705
39,80.0,frost_1_corrupt,0.1465966598775961,0.5197698202311636,0.914443349006183,0.914460803122352,0.0118363962043393,0.0084374314174056,0.4090486490796552,0.4090486502415453,0.6821624336722698,0.9264145765755728,0.926803754872998,0.0115239137127637,0.0084374314174056,0.5026746507926612,0.502674653646462,0.4654653691688452,0.4187192118226601,0.2178471289991944,0.1510627499608907,0.9188682682408874,0.8993055555555556,0.3309978241757621,0.0580233753129457,0.1996058594247806,0.090295138293758,,0.5773142016603398,0.3594481333036413,0.2413824473940375,35.66867538783308,0.9999999999956698,0.0,0.9740687608718872,-0.0716252326965332,97.75,1.9158812761306765,0.9725,0.8156562364770704,0.9720028084956996,0.9723921418190002,479.09810160932346,103.14315795898438,0.001639330077007,0.0004469852275389,0.0002512608155828,0.0004469852275389,0.9376344788543912,0.973289988138646,0.1187732599208842,0.1103774644599968
40,81.0,frost_2_corrupt,0.0510330655756098,0.2689569022600558,0.8227095771578286,0.8226781717581939,0.0308079630506987,0.0173103888519108,0.2061794782392949,0.2061794786298681,0.6149150717243445,0.8465868998596755,0.8484219025463445,0.0303593054436682,0.0173103888519108,0.4420442661184087,0.4420442686300729,0.2021190570251738,0.2366071428571428,0.1712362908302021,0.1236202979318065,1.1463247386452278,0.9855595667870036,0.418826683152291,0.1191238215306633,0.2039637538935127,0.0984672360667963,277.0,0.5009551885196071,0.2723002487623882,0.1970861403879408,24.02378218230615,0.9999999999977968,0.0,0.9356141090393066,-0.1584336906671524,95.75,1.8623716831207275,0.845,0.8037370786152279,0.8368063391760074,0.8388731479644775,479.09810160932346,111.35504150390624,0.0065106351793308,0.001496300112952,0.0006994057596483,0.001496300112952,0.6554529620287681,0.8935882792250582,0.1764776468288811,0.153513036288359
41,82.0,frost_3_corrupt,0.0362114417178584,0.1774135161495979,0.5830112926583235,0.5829773080727875,0.0396468479518099,0.0330045777373015,0.133775389411576,0.1337753897916116,0.5993019224217085,0.6183766606834128,0.623062281615438,0.0390349201355063,0.0330045777373015,0.4287674542986538,0.4287674567344299,0.1605246633668978,0.2116182572614107,0.2883464123605408,0.1519855267318238,1.0303754243232477,0.9417808219178082,0.5349154020953786,0.1724628863635305,0.5364454468413342,0.1364702068980515,,0.4248253990771625,0.2254910765039057,0.1635476435643456,18.40656220009889,0.9999999999980618,0.0,0.9212700128555298,-0.1934883743524551,93.25,1.8491915464401243,0.735,0.8035699274929261,0.7201283883748338,0.7068259716033936,479.09810160932346,122.48898315429688,0.0079527813811667,0.0020338519619052,0.0014269647767402,0.0020338519619052,0.4331591043724353,0.8657140974388261,0.2243276693342478,0.1413020077650806
42,83.0,frost_4_corrupt,0.0354638666952214,0.1908033871812625,0.4943746390684768,0.4943347298162128,0.0447877766391245,0.0389327402226626,0.1442264532896993,0.1442264535629127,0.5997693695223959,0.536234025247647,0.5415663841376491,0.0440943042785304,0.0389327402226626,0.4287513001382945,0.428751302574429,0.1533783842513134,0.2049180327868852,0.330329364385806,0.1647094636361879,0.9759511952205956,0.7993197278911565,0.7612066883647013,0.1829638651525965,0.4493372161899907,0.1614534335286951,,0.4048325088726065,0.2188245247787096,0.1585024775848269,18.43945462828521,0.9999999999981034,0.0,0.92645925283432,-0.1885427683591842,93.25,1.8434600830078125,0.695,0.7797657836242075,0.6783520148449058,0.6551334261894226,479.09810160932346,117.89855194091795,0.0083959939328978,0.0022247548171311,0.0016115123957009,0.0022247548171311,0.3919400073213873,0.861277072442121,0.2306912266757592,0.1401311249162415
43,84.0,frost_5_corrupt,0.0282212312850956,0.1352744073960851,0.2982326885661166,0.2981754423681638,0.0553261600353051,0.0484093721024692,0.1021500163295246,0.1021500164262644,0.5886420337013037,0.3825553475847733,0.3894556232140804,0.0540620499434721,0.0484093721024692,0.419556714668387,0.4195567170522786,0.0914616908609688,0.1779661016949152,0.1421919944874558,0.0879450523377535,0.9470829484264646,0.8992805755395683,0.3724779607922568,0.0727043867829181,0.3400334576025269,0.0650318586344196,,0.3349063667257332,0.1828861843879787,0.1366537997177206,16.56619075979572,0.9999999999983188,0.0,0.9346125721931458,-0.174286887049675,93.0,1.835270524024964,0.6225,0.8007900888790496,0.6008049349281577,0.5380815267562866,479.09810160932346,125.4361343383789,0.0097472255010361,0.002663016991613,0.0019800346017229,0.002663016991613,0.285667268207864,0.8394104467776654,0.3537447389436682,0.2964530451232819
44,65.0,gaussian_noise_1_corrupt,0.1143928016410871,0.4484330919888446,0.829048074701078,0.8290859929742318,0.0104693640308899,0.004567798343487,0.3490118761801231,0.3490118771713278,0.660511095193679,0.8427867101838803,0.8450945944547387,0.010095128481663,0.004567798343487,0.4827106164633945,0.4827106192046437,0.4135191120322121,0.3744075829383886,0.1412762308598625,0.0779591485506916,0.917972365958978,0.7758620689655172,0.2233824636109296,0.0209550901248642,0.3129652117220263,0.0765459279914136,,0.5302464013500087,0.353381205129954,0.2403688591160427,29.09599440212184,0.9999999999964164,0.0,0.9638440608978271,-0.0921220555901527,96.25,1.9195517301559448,0.9425,0.8072142528001327,0.9394292735524964,0.9418277740478516,479.09810160932346,118.78579711914062,0.0026900685311368,0.0006312637827849,0.0003057681281531,0.0006312637827849,0.8784214890099118,0.9617581162412688,0.1020353521837305,0.0797129169642155
45,66.0,gaussian_noise_2_corrupt,0.0797929553861636,0.3386699802118456,0.6948256584203008,0.6948480293457315,0.0134577876547523,0.0055508990662929,0.2601947914107664,0.2601947921499403,0.6276834340188887,0.728596619963089,0.7327430235252488,0.0127486093639472,0.0055508990662929,0.4532224540236442,0.4532224565980686,0.3046907644931755,0.3098591549295774,0.1777407754248071,0.1216079843498591,0.9984914694135912,0.92831541218638,0.3112159230858648,0.0507144547597908,0.1768187706870694,0.0759853334889108,,0.4031280763054323,0.187997952119321,0.1214310322360681,20.547549411554087,0.999999999996612,0.0,0.9419748187065125,-0.1349393427371978,93.25,1.892679572105408,0.8775,0.7840967372178197,0.8703703703703703,0.8735149502754211,479.09810160932346,109.52445220947266,0.0035873759392973,0.0009323694977493,0.0005503847300692,0.0009323694977493,0.7216886987419193,0.9351579317313184,0.1775057965272634,0.1643395718268734
46,67.0,gaussian_noise_3_corrupt,0.0468094373953201,0.1775133590539386,0.5716989869812623,0.5716773887424154,0.0194690308537786,0.0096836817683652,0.1339415568212347,0.1339415572018205,0.5988984724030547,0.63209869854408,0.6376506228540162,0.0183854767149674,0.0096836817683652,0.427969004546604,0.4279690069775821,0.1877197872754588,0.2222222222222222,0.1309413409090717,0.0795220117952278,1.0359545009632949,0.9672727272727272,0.2515895428171094,0.0670751671619479,0.3481536848964352,0.0998357565630726,,0.2997532596383939,0.1138889416480895,0.0884710221240996,17.02258041441516,0.9999999999972016,0.0,0.9322164058685304,-0.1718237698078155,92.0,1.8541350364685056,0.77,0.7897382172001708,0.7566137566137566,0.749666690826416,479.09810160932346,115.62342071533205,0.0055249285796961,0.0014470970691646,0.0008971823937406,0.0014470970691646,0.4600491218265422,0.8736436322101657,0.1748677566455022,0.1093945855642355
47,68.0,gaussian_noise_4_corrupt,0.0495132258194431,0.063223481280056,0.3687802513254976,0.3685882030319169,0.0255565777266941,0.0064094136469066,0.0469468645220687,0.046946864655465,0.583671532590098,0.5226686228755849,0.5311945015888891,0.0231691435339899,0.0064094136469066,0.4151308088229276,0.4151308111818531,0.1119763896242861,0.1493212669683258,0.1361098849484913,0.0691139971553824,1.1169017175020082,0.984251968503937,0.5883023490729458,0.0960300063489596,0.515140147090673,0.0866801959096617,250.0,0.2728731595108982,0.1270616341814607,0.0983924226624956,15.771254975473312,0.9999999999979616,0.0,0.9106714129447936,-0.219022661447525,92.5,1.8289116621017456,0.59,0.8043986481204621,0.5661375661375662,0.4768906831741333,479.09810160932346,126.8819351196289,0.0084278856163425,0.0020635393411943,0.0009999649847275,0.0020635393411943,0.3613731830649586,0.8795303782453984,0.2790913350075883,0.2236185957985396
48,69.0,gaussian_noise_5_corrupt,0.0404170208003,0.0433638536817221,0.2589165095214499,0.2586580226962815,0.0197940310163897,0.0100242425687611,0.0316076033515417,0.0316076034413341,0.556975323168416,0.4515359648804903,0.4577696118219779,0.017166961399977,0.0100242425687611,0.3939886808031198,0.3939886830415403,0.1110649986184699,0.1473214285714285,0.1969955097130661,0.0884804095900365,1.0721124330465486,0.9961089494163424,0.3769926363156914,0.045828676336713,0.4448835805253425,0.0882598791637919,260.0,0.0808898030289097,-0.1533673715193438,-0.1055797616792389,14.873493440872664,0.9999999999961172,0.0,0.9711920022964478,-0.1191302686929702,99.75,1.8097023963928225,0.5275,0.795517463431179,0.5,0.3453355133533478,479.09810160932346,100.64490509033205,0.0039868685851486,0.0013603617240743,0.0010730978037039,0.0013603617240743,0.3377554161073663,0.8709858103061987,0.2636998556770477,0.2107404114882194
49,85.0,motion_blur_1_corrupt,0.1926287874499997,0.6858419395766508,0.9566356702841364,0.9566534517016222,0.0086345438654585,0.0062164608389139,0.5582808207842785,0.5582808223704486,0.7502459229458502,0.9588850300466284,0.959271309904392,0.008553585167398,0.0062164608389139,0.5697639638424707,0.5697639670784996,0.5702319246705299,0.5699481865284974,0.1578494781786433,0.109466522111699,1.0553809560584462,0.8250825082508251,0.2947993588310726,0.0054657948183708,0.5174334052776774,0.0786890081343812,,0.7409522838722206,0.591103603614463,0.4296050121580687,39.96978335654856,0.9999999999955774,0.0,0.9897326827049256,-0.0303872600197792,99.5,1.924716830253601,0.9925,0.8131024702028442,0.9928909952606636,0.9924830198287964,479.09810160932346,113.96983337402344,0.0013492333715386,0.0003409755577576,0.0001795915364046,0.0003409755577576,0.9767000747461893,0.9916091903527656,0.0504053375468726,0.0286722748993073
50,53.0,countour_stylize_transform,0.0696975733023996,-0.0061608304669571,0.6377101809952651,0.6377444575236519,0.0126575355522815,0.0068913610302843,-0.0054904102780346,-0.0054904102936352,0.5455394234675998,0.7941921183725049,0.7965720035529165,0.01253866102074,0.0068913610302843,0.3848124683413343,0.3848124705269136,0.0209157226326014,0.0956521739130434,0.1357515104460726,0.0703932357841073,1.203857226470823,1.0,0.3971388651327114,0.0508982610262341,0.5374065555408286,0.1373584546304121,264.0,0.4594603235521442,0.3338170298170299,0.2283563563563563,18.43922103351688,0.999999999993375,0.0,0.9944595098495485,-0.0328189097344875,100.0,1.80206036567688,0.5275,0.7839126753068195,0.5,0.3453355133533478,479.09810160932346,132.9468994140625,0.0043133300820897,0.001294557971189,0.0011157599376648,0.001294557971189,0.4564700818784467,0.884318850766595,0.2726212077363621,0.2352833063598214
51,54.0,edge_enhance_stylize_transform,0.2273122578011903,0.6071908216533568,0.9234000719454412,0.923436454713642,0.0051875174454961,0.0034660964738577,0.4852295190518483,0.4852295204305947,0.718584340781639,0.92908757495599,0.9298499029992348,0.0050090287267202,0.0034660964738577,0.5384214704719114,0.5384214735306188,0.6248617574209399,0.5891891891891892,0.129817281879608,0.0844033182844751,0.7714727331889663,0.8129251700680272,0.2535825725118123,0.031646174002388,0.5424087311918383,0.0911584620961927,,0.6605687847702969,0.4937619658861382,0.3453651037663336,40.44477050507943,0.9999999999948564,0.0,0.9829663038253784,-0.0471147783100605,98.75,1.930490493774414,0.985,0.8159892572546249,0.9846786529250984,0.984945833683014,479.09810160932346,93.27084350585938,0.000844727186248,0.0002437060518813,0.0001814693890852,0.0002437060518813,0.989767275922854,0.993399376180644,0.0763739033454471,0.0628510169536083
52,58.0,edge_stylize_transform,0.0526709638753808,0.0129386762168671,0.6378897581364541,0.6379566286075279,0.0124818506108043,0.0066516922088339,0.0103544681498193,0.0103544681596253,0.5317406145237965,0.7789441737587377,0.7806353450070259,0.0123290271895759,0.0066516922088339,0.3746642011100204,0.374664203238836,0.0293405983273495,0.1091703056768559,0.2716768933963479,0.1708082309790003,1.172187488473331,0.9881889763779528,0.4613386727694912,0.0211641365852552,0.5066296344604558,0.1164079083214682,251.0,0.4219428164356922,0.3383843820849809,0.232051948051948,18.44608255261268,0.9999999999933769,0.0,0.9909206628799438,-0.0470808893442153,99.75,1.797935128211975,0.5275,0.8199679435658058,0.5,0.3453355133533478,479.09810160932346,130.86465454101562,0.0042651837969938,0.0012891041782988,0.0011155193606513,0.0012891041782988,0.4212136932664936,0.8992224223520626,0.3956795922188185,0.3076254782365412
53,52.0,emboss_stylize_transform,0.1780679281154476,0.0544622445051962,0.0390491413423243,0.0394718305039317,0.0130945342170717,0.0074165271073241,0.0413478484316823,0.0413478485491115,0.5843699356056025,0.4343130144180092,0.4452684910741167,0.0128369908097239,0.0074165271073241,0.4155252257186917,0.4155252280777252,0.0203409456051072,0.2142857142857142,0.1653170832907752,0.099832307992462,1.0598267432562836,0.9669117647058824,0.4886775500564066,0.1322793167137901,0.5474828117430705,0.1022619985129827,263.0,0.3954301878373666,0.3732164292587218,0.2592093441150044,21.424757468084028,0.9999999999933894,0.0,0.9707918763160706,-0.1119520664215087,99.5,1.825270414352417,0.5275,0.7943686639765208,0.5,0.3453355133533478,479.09810160932346,125.7936019897461,0.0042337371677881,0.0012753211910869,0.0010952327146031,0.0012753211910869,0.8171982568218301,0.9506435882792252,0.1721240271603853,0.1293255124604773
54,75.0,fog_1_corrupt,0.1487020175260196,0.5202604837890851,0.8676730298450991,0.8677418936029351,0.0132969270972917,0.0078248069621622,0.4089578848896537,0.4089578852769518,0.6910519348357567,0.8889366341435354,0.890492125157128,0.0127716920376237,0.0078248069621622,0.508849472023025,0.5088494749142717,0.3800124663721804,0.3926940639269406,0.2154844243270729,0.1511131224694277,0.940234443984484,0.740983606557377,0.5636621643977113,0.055160058120135,0.3209246990510451,0.0849843510086339,,0.573431157520856,0.4180341204222781,0.2911872795240351,31.6077746274482,0.9999999999966734,0.0,0.9898442029953004,-0.0320993177592754,99.0,1.9122157096862795,0.9875,0.7897392238341497,0.987324155570601,0.9874585270881652,479.09810160932346,118.1613311767578,0.0028307649886319,0.0007178609882965,0.0003614888294312,0.0007178609882965,0.9250101144520984,0.9625159249659536,0.332685001713688,0.1731801705268705
55,80.0,frost_1_corrupt,0.1465966598775961,0.5197698202311636,0.914443349006183,0.914460803122352,0.0118363962043393,0.0084374314174056,0.4090486490796552,0.4090486502415453,0.6821624336722698,0.9264145765755728,0.926803754872998,0.0115239137127637,0.0084374314174056,0.5026746507926612,0.502674653646462,0.4654653691688452,0.4187192118226601,0.2178471289991944,0.1510627499608907,0.9188682682408874,0.8993055555555556,0.3309978241757621,0.0580233753129457,0.1996058594247806,0.090295138293758,,0.5773142016603398,0.3594481333036413,0.2413824473940375,35.66867538783308,0.9999999999956698,0.0,0.9740687608718872,-0.0716252326965332,97.75,1.9158812761306765,0.9725,0.8156562364770704,0.9720028084956996,0.9723921418190002,479.09810160932346,103.14315795898438,0.001639330077007,0.0004469852275389,0.0002512608155828,0.0004469852275389,0.9376344788543912,0.973289988138646,0.1187732599208842,0.1103774644599968
56,81.0,frost_2_corrupt,0.0510330655756098,0.2689569022600558,0.8227095771578286,0.8226781717581939,0.0308079630506987,0.0173103888519108,0.2061794782392949,0.2061794786298681,0.6149150717243445,0.8465868998596755,0.8484219025463445,0.0303593054436682,0.0173103888519108,0.4420442661184087,0.4420442686300729,0.2021190570251738,0.2366071428571428,0.1712362908302021,0.1236202979318065,1.1463247386452278,0.9855595667870036,0.418826683152291,0.1191238215306633,0.2039637538935127,0.0984672360667963,277.0,0.5009551885196071,0.2723002487623882,0.1970861403879408,24.02378218230615,0.9999999999977968,0.0,0.9356141090393066,-0.1584336906671524,95.75,1.8623716831207275,0.845,0.8037370786152279,0.8368063391760074,0.8388731479644775,479.09810160932346,111.35504150390624,0.0065106351793308,0.001496300112952,0.0006994057596483,0.001496300112952,0.6554529620287681,0.8935882792250582,0.1764776468288811,0.153513036288359
57,82.0,frost_3_corrupt,0.0362114417178584,0.1774135161495979,0.5830112926583235,0.5829773080727875,0.0396468479518099,0.0330045777373015,0.133775389411576,0.1337753897916116,0.5993019224217085,0.6183766606834128,0.623062281615438,0.0390349201355063,0.0330045777373015,0.4287674542986538,0.4287674567344299,0.1605246633668978,0.2116182572614107,0.2883464123605408,0.1519855267318238,1.0303754243232477,0.9417808219178082,0.5349154020953786,0.1724628863635305,0.5364454468413342,0.1364702068980515,,0.4248253990771625,0.2254910765039057,0.1635476435643456,18.40656220009889,0.9999999999980618,0.0,0.9212700128555298,-0.1934883743524551,93.25,1.8491915464401243,0.735,0.8035699274929261,0.7201283883748338,0.7068259716033936,479.09810160932346,122.48898315429688,0.0079527813811667,0.0020338519619052,0.0014269647767402,0.0020338519619052,0.4331591043724353,0.8657140974388261,0.2243276693342478,0.1413020077650806
58,83.0,frost_4_corrupt,0.0354638666952214,0.1908033871812625,0.4943746390684768,0.4943347298162128,0.0447877766391245,0.0389327402226626,0.1442264532896993,0.1442264535629127,0.5997693695223959,0.536234025247647,0.5415663841376491,0.0440943042785304,0.0389327402226626,0.4287513001382945,0.428751302574429,0.1533783842513134,0.2049180327868852,0.330329364385806,0.1647094636361879,0.9759511952205956,0.7993197278911565,0.7612066883647013,0.1829638651525965,0.4493372161899907,0.1614534335286951,,0.4048325088726065,0.2188245247787096,0.1585024775848269,18.43945462828521,0.9999999999981034,0.0,0.92645925283432,-0.1885427683591842,93.25,1.8434600830078125,0.695,0.7797657836242075,0.6783520148449058,0.6551334261894226,479.09810160932346,117.89855194091795,0.0083959939328978,0.0022247548171311,0.0016115123957009,0.0022247548171311,0.3919400073213873,0.861277072442121,0.2306912266757592,0.1401311249162415
59,84.0,frost_5_corrupt,0.0282212312850956,0.1352744073960851,0.2982326885661166,0.2981754423681638,0.0553261600353051,0.0484093721024692,0.1021500163295246,0.1021500164262644,0.5886420337013037,0.3825553475847733,0.3894556232140804,0.0540620499434721,0.0484093721024692,0.419556714668387,0.4195567170522786,0.0914616908609688,0.1779661016949152,0.1421919944874558,0.0879450523377535,0.9470829484264646,0.8992805755395683,0.3724779607922568,0.0727043867829181,0.3400334576025269,0.0650318586344196,,0.3349063667257332,0.1828861843879787,0.1366537997177206,16.56619075979572,0.9999999999983188,0.0,0.9346125721931458,-0.174286887049675,93.0,1.835270524024964,0.6225,0.8007900888790496,0.6008049349281577,0.5380815267562866,479.09810160932346,125.4361343383789,0.0097472255010361,0.002663016991613,0.0019800346017229,0.002663016991613,0.285667268207864,0.8394104467776654,0.3537447389436682,0.2964530451232819
60,65.0,gaussian_noise_1_corrupt,0.1143928016410871,0.4484330919888446,0.829048074701078,0.8290859929742318,0.0104693640308899,0.004567798343487,0.3490118761801231,0.3490118771713278,0.660511095193679,0.8427867101838803,0.8450945944547387,0.010095128481663,0.004567798343487,0.4827106164633945,0.4827106192046437,0.4135191120322121,0.3744075829383886,0.1412762308598625,0.0779591485506916,0.917972365958978,0.7758620689655172,0.2233824636109296,0.0209550901248642,0.3129652117220263,0.0765459279914136,,0.5302464013500087,0.353381205129954,0.2403688591160427,29.09599440212184,0.9999999999964164,0.0,0.9638440608978271,-0.0921220555901527,96.25,1.9195517301559448,0.9425,0.8072142528001327,0.9394292735524964,0.9418277740478516,479.09810160932346,118.78579711914062,0.0026900685311368,0.0006312637827849,0.0003057681281531,0.0006312637827849,0.8784214890099118,0.9617581162412688,0.1020353521837305,0.0797129169642155
61,66.0,gaussian_noise_2_corrupt,0.0797929553861636,0.3386699802118456,0.6948256584203008,0.6948480293457315,0.0134577876547523,0.0055508990662929,0.2601947914107664,0.2601947921499403,0.6276834340188887,0.728596619963089,0.7327430235252488,0.0127486093639472,0.0055508990662929,0.4532224540236442,0.4532224565980686,0.3046907644931755,0.3098591549295774,0.1777407754248071,0.1216079843498591,0.9984914694135912,0.92831541218638,0.3112159230858648,0.0507144547597908,0.1768187706870694,0.0759853334889108,,0.4031280763054323,0.187997952119321,0.1214310322360681,20.547549411554087,0.999999999996612,0.0,0.9419748187065125,-0.1349393427371978,93.25,1.892679572105408,0.8775,0.7840967372178197,0.8703703703703703,0.8735149502754211,479.09810160932346,109.52445220947266,0.0035873759392973,0.0009323694977493,0.0005503847300692,0.0009323694977493,0.7216886987419193,0.9351579317313184,0.1775057965272634,0.1643395718268734
62,67.0,gaussian_noise_3_corrupt,0.0468094373953201,0.1775133590539386,0.5716989869812623,0.5716773887424154,0.0194690308537786,0.0096836817683652,0.1339415568212347,0.1339415572018205,0.5988984724030547,0.63209869854408,0.6376506228540162,0.0183854767149674,0.0096836817683652,0.427969004546604,0.4279690069775821,0.1877197872754588,0.2222222222222222,0.1309413409090717,0.0795220117952278,1.0359545009632949,0.9672727272727272,0.2515895428171094,0.0670751671619479,0.3481536848964352,0.0998357565630726,,0.2997532596383939,0.1138889416480895,0.0884710221240996,17.02258041441516,0.9999999999972016,0.0,0.9322164058685304,-0.1718237698078155,92.0,1.8541350364685056,0.77,0.7897382172001708,0.7566137566137566,0.749666690826416,479.09810160932346,115.62342071533205,0.0055249285796961,0.0014470970691646,0.0008971823937406,0.0014470970691646,0.4600491218265422,0.8736436322101657,0.1748677566455022,0.1093945855642355
63,68.0,gaussian_noise_4_corrupt,0.0495132258194431,0.063223481280056,0.3687802513254976,0.3685882030319169,0.0255565777266941,0.0064094136469066,0.0469468645220687,0.046946864655465,0.583671532590098,0.5226686228755849,0.5311945015888891,0.0231691435339899,0.0064094136469066,0.4151308088229276,0.4151308111818531,0.1119763896242861,0.1493212669683258,0.1361098849484913,0.0691139971553824,1.1169017175020082,0.984251968503937,0.5883023490729458,0.0960300063489596,0.515140147090673,0.0866801959096617,250.0,0.2728731595108982,0.1270616341814607,0.0983924226624956,15.771254975473312,0.9999999999979616,0.0,0.9106714129447936,-0.219022661447525,92.5,1.8289116621017456,0.59,0.8043986481204621,0.5661375661375662,0.4768906831741333,479.09810160932346,126.8819351196289,0.0084278856163425,0.0020635393411943,0.0009999649847275,0.0020635393411943,0.3613731830649586,0.8795303782453984,0.2790913350075883,0.2236185957985396
64,69.0,gaussian_noise_5_corrupt,0.0404170208003,0.0433638536817221,0.2589165095214499,0.2586580226962815,0.0197940310163897,0.0100242425687611,0.0316076033515417,0.0316076034413341,0.556975323168416,0.4515359648804903,0.4577696118219779,0.017166961399977,0.0100242425687611,0.3939886808031198,0.3939886830415403,0.1110649986184699,0.1473214285714285,0.1969955097130661,0.0884804095900365,1.0721124330465486,0.9961089494163424,0.3769926363156914,0.045828676336713,0.4448835805253425,0.0882598791637919,260.0,0.0808898030289097,-0.1533673715193438,-0.1055797616792389,14.873493440872664,0.9999999999961172,0.0,0.9711920022964478,-0.1191302686929702,99.75,1.8097023963928225,0.5275,0.795517463431179,0.5,0.3453355133533478,479.09810160932346,100.64490509033205,0.0039868685851486,0.0013603617240743,0.0010730978037039,0.0013603617240743,0.3377554161073663,0.8709858103061987,0.2636998556770477,0.2107404114882194
65,86.0,motion_blur_2_corrupt,0.122720084155116,0.6406214209618557,0.913733044103542,0.9137445380352984,0.0241772541474765,0.0161509597674012,0.5140628981251044,0.514062899585644,0.7259735872382928,0.9160441954292756,0.9165701556043874,0.0241227357243132,0.0161509597674012,0.543439010328256,0.5434390134151346,0.3521405647932461,0.5,0.1601650770480266,0.1071281608899492,1.007078438348306,0.8787878787878788,0.2078786286631225,0.024795942020205,0.3074571472800946,0.0992911789923074,,0.7461361587418737,0.5872652335496834,0.4306087065181738,34.443342780993014,0.9999999999969628,0.0,0.9784866571426392,-0.058113008737564,98.25,1.9295536279678345,0.985,0.8083999883681297,0.9852303217232128,0.9849624037742616,479.09810160932346,123.0345458984375,0.004067631564572,0.0010689667345417,0.0005588699295544,0.0010689667345417,0.8774322312860396,0.9737183148091202,0.0722153344845406,0.0415942327304191
66,87.0,motion_blur_3_corrupt,0.1068631122649084,0.5430805058473883,0.8153659879023772,0.815388666513611,0.0254210469418006,0.0176959247328341,0.4260099375145755,0.4260099387250536,0.680940093948898,0.8290504352212683,0.831165276496935,0.025135221191398,0.0176959247328341,0.5006166511111781,0.5006166539544784,0.3427013364093531,0.495,0.1551021265242021,0.0909178718513794,1.044871235971286,0.8494983277591973,0.369048641906894,0.0347473853822509,0.2700102906101965,0.1048079473694722,,0.6920333184757694,0.5394727674727675,0.3905425425425425,29.90215623953588,0.9999999999974324,0.0,0.9602680802345276,-0.1025205925107002,96.0,1.921705961227417,0.965,0.8070070637615978,0.9654454725544772,0.9649289846420288,479.09810160932346,124.36090087890624,0.0049380222642893,0.0012983086782979,0.0008264028458658,0.0012983086782979,0.8394996944702325,0.9672275183411676,0.0714698124977462,0.0504417021752962
67,88.0,motion_blur_4_corrupt,0.1071268200090257,0.4634289940318462,0.6698460736801702,0.6698978544111971,0.0212787905733106,0.0123219252564013,0.3593868230951478,0.3593868241158177,0.6559957109341318,0.7074981235703712,0.7119016086558926,0.0205496984170753,0.0123219252564013,0.4780642427704077,0.4780642454862329,0.3226039107383108,0.4477611940298507,0.2353301362049157,0.1139551680829921,0.9667313298086492,0.8213058419243986,0.3927621047526506,0.0671278714645454,0.2166080369230008,0.1237777904452449,,0.6178349573447421,0.4483660476484779,0.316106570159421,24.76984612752172,0.999999999997418,0.0,0.9238258600234984,-0.179155483841896,93.25,1.907755970954895,0.925,0.786385232931733,0.9278066150104064,0.925000011920929,479.09810160932346,126.05641174316406,0.0043715317638616,0.0010679297350864,0.0006427441937892,0.0010679297350864,0.8343488135983212,0.9581777445855116,0.122392301897292,0.0984634200672469
68,89.0,motion_blur_5_corrupt,0.1173914581678871,0.4244874333819337,0.6480472213915833,0.6481107801457252,0.0172602058891751,0.009524839464575,0.3283398156269529,0.3283398165597164,0.6454978973881069,0.7093950272941942,0.7138124945832394,0.0160947322038418,0.009524839464575,0.4690017303119825,0.4690017329770223,0.3353292887162434,0.3943661971830985,0.3636797305344847,0.2309513496744412,1.0357708029222297,0.8720538720538721,0.7100021614522601,0.1158893698520044,0.2359818307308648,0.1497029085197255,,0.5563311156248341,0.3729838974356667,0.2623246938090964,25.00900060708744,0.9999999999969816,0.0,0.9050500392913818,-0.2192380726337433,90.5,1.8944729566574097,0.8475,0.808777952482352,0.8537952305724817,0.8468019962310791,479.09810160932346,125.69178771972656,0.0032927356323967,0.000816909778789,0.000524998307678,0.000816909778789,0.8437454391190988,0.9600997232350744,0.1537583565177233,0.1387553092908846
69,60.0,pallete_stylize_transform,0.2575107655651902,0.6854966298732029,0.9739727119899642,0.9739840004737164,0.0030374623985636,0.0011061737604904,0.5606527643127365,0.5606527653748014,0.7551272987395146,0.9784664359850794,0.978706953521696,0.0027508731358336,0.0011061737604904,0.5756304332950818,0.5756304365654877,0.7189653751241021,0.6216216216216216,0.1368129316819574,0.0731274260644459,0.6991757709208251,0.7033333333333334,0.2127460553501864,0.0750317931293206,0.3090813008867802,0.0666459959323921,,0.7138253783712839,0.5720647865486447,0.4134429914740796,42.5310357446086,0.999999999994922,0.0,0.9930074214935304,-0.0216255858540534,99.75,1.9213238954544067,0.995,0.8051270298088143,0.9952606635071092,0.9949874877929688,479.09810160932346,102.68913269042967,0.0004640614605303,9.686311350515872e-05,3.714755585074295e-05,9.686311350515872e-05,0.9975571906553102,0.995595923208716,0.0485219392082029,0.0296568347634558
70,61.0,posterize_stylize_transform,0.0364592905458757,0.24482128438828,0.6029227518029214,0.6028417285542809,0.0139328961547576,0.0050457414472475,0.1866455132462216,0.1866455137766001,0.6052908171526117,0.6853135050484296,0.6902413310195334,0.0124472999667514,0.00443766429089,0.4336108992259759,0.4336109016900764,0.2039528996471037,0.1990521327014218,0.1819503461342877,0.0943998255403216,1.0651152609618746,1.0,0.5036048326389023,0.3019856652170737,0.2462062526410345,0.0908743720818286,270.0,0.3013386774099785,0.1189421442984276,0.0824388966239781,19.96785015486109,0.999999999996553,0.0,0.9569233655929564,-0.1084189787507057,95.25,1.894762754440308,0.7175,0.7654783888910178,0.701058201058201,0.6811849474906921,479.09810160932346,128.543701171875,0.0036837809064396,0.001099362863425,0.0009446690910407,0.001099362863425,0.4997621714996192,0.8636822914378597,0.2176844281480696,0.1421479885291678
71,63.0,shot_noise_1_corrupt,0.0953253366639112,0.3945227836472165,0.7880705798103336,0.7881068666243312,0.0112495681846956,0.0049008802743628,0.3049725462862056,0.3049725471528264,0.6454078518429399,0.8070474115908524,0.8099471461328739,0.0107774188335054,0.0049008802743628,0.4691292230901048,0.4691292257560471,0.3638625235733755,0.3014354066985646,0.1490315757709246,0.100658869842259,1.0571961754112251,0.8933823529411765,0.3159160734896021,0.0727783498291359,0.0547040704658277,0.0637111668407054,,0.496085811247405,0.3148095738883776,0.2163195560328272,25.864309555330408,0.9999999999965749,0.0,0.9608561992645264,-0.1005452573299408,95.25,1.904410481452942,0.9225,0.8021012237403871,0.917989417989418,0.9211151003837584,479.09810160932346,111.72970581054688,0.0030770602018621,0.0007543364678382,0.0004013324779896,0.0007543364678382,0.8224736659699128,0.9522470676097176,0.1390348972974875,0.1130011730045868
72,64.0,shot_noise_2_corrupt,0.0605103696763993,0.2676076909345921,0.6719654535566757,0.6719780894676385,0.0163697152927397,0.0066153538646176,0.2033725698163354,0.2033725702015915,0.6097070343266872,0.7277541146562634,0.7317332393045094,0.0152817297626046,0.0066153538646176,0.4382587960318865,0.4382587985218247,0.2537035259591503,0.2863636363636364,0.1445068901865734,0.0955257564790108,1.0725254566619935,0.911660777385159,0.3580741838143643,0.0686147846620225,0.4212664800720642,0.1116462951606657,,0.3779049558764437,0.1624272657462362,0.1126384305552109,18.70945566076045,0.999999999996886,0.0,0.9378291368484496,-0.1517324298620224,93.5,1.875409841537476,0.8225,0.8036021857131748,0.8121693121693121,0.81235671043396,479.09810160932346,109.9113998413086,0.0044708909571894,0.0011533367523367,0.0006924657908921,0.0011533367523367,0.6132800674381346,0.9206387558757634,0.1723309688988897,0.1471353694101232
73,55.0,shot_noise_3_corrupt,0.0445561463556193,0.1169868478207438,0.5741472245365696,0.57412717728468,0.022579142291766,0.0084009516285732,0.0871789706780313,0.0871789709256605,0.5879725123049151,0.6845337121552921,0.6893688975780522,0.0206661425890746,0.0084009516285732,0.4185733954448085,0.418573397819938,0.1622614262926735,0.2043478260869565,0.1972412912138847,0.11148104510872,1.0934118939658664,1.0,0.4263175301263945,0.0528934612520677,0.6621544595711475,0.123694129780502,279.0,0.2859817916005784,0.1310963685202102,0.1040017717179887,17.5479085810002,0.9999999999975736,0.0,0.9205405712127686,-0.1991838812828064,90.25,1.839106202125549,0.7525,0.7773045658365562,0.7380952380952381,0.7275710701942444,479.09810160932346,119.3510513305664,0.0069601755595109,0.0017165708953834,0.0009940451056115,0.0017165708953834,0.401558512952006,0.8447590387910207,0.2527009308659759,0.1782955757399372
74,56.0,shot_noise_4_corrupt,0.0479192911409238,0.0561968114715036,0.3591114446990645,0.3588606194231111,0.0260312353188787,0.0084644486196339,0.0411078974425116,0.0411078975592929,0.5663362819252886,0.5624723089068713,0.569481380243962,0.0229090137625494,0.0084644486196339,0.4011727826738993,0.4011727849531358,0.1256314829977639,0.1441441441441441,0.2769141958523832,0.1292985116680676,1.1223033059859968,1.0,0.5618613767723739,0.0372148674101932,0.1548290836070574,0.1277121030629644,268.0,0.2518787916112859,0.0740243605573688,0.0575634544706709,18.06942356557687,0.9999999999977048,0.0,0.944944143295288,-0.1789945065975189,97.5,1.816848993301392,0.5325,0.7695397289898076,0.5052910052910053,0.3569408357143402,479.09810160932346,117.83757019042967,0.0076314841270028,0.0019676400910157,0.0009851676056943,0.0019676400910157,0.3702067621237346,0.8631441374159822,0.2682231218905444,0.2076231648889006
75,57.0,shot_noise_5_corrupt,0.040534498427505,0.0402564780451085,0.314637697014256,0.3143708461003538,0.0179526094391106,0.009462256799452,0.0291005322256559,0.029100532308315,0.5529223201858556,0.5314277928419818,0.5371985569798478,0.0149213036429406,0.0070307529531419,0.3905246247891669,0.3905246270081002,0.1311390180732789,0.1377777777777777,0.2191222203065031,0.1071520578051287,1.1436534066667232,1.0,0.390459692395514,0.0392855250423704,0.5654820672896778,0.1267670699224812,272.0,0.0622571560942372,-0.1574779805986457,-0.1108028547222102,17.281015619587766,0.9999999999960696,0.0,0.9740687608718872,-0.1128545552492141,100.0,1.8078594207763672,0.5275,0.7679925835164122,0.5,0.3453355133533478,479.09810160932346,100.09703826904295,0.0039062615073316,0.0013378863460903,0.0010774598855941,0.0013378863460903,0.3415911217125206,0.8609036594473488,0.2904210658862211,0.251258754130274
76,70.0,snow_1_corrupt,0.1576323387126468,0.4830100246642355,0.8141487202273064,0.8142081911835214,0.0076092523951605,0.0048389039002358,0.3801800904241764,0.3801800915044321,0.6810839578240262,0.8373392776716674,0.8397351614338209,0.0071182703165509,0.0048389039002358,0.5015524392963491,0.5015524421458858,0.4285987693073218,0.3857142857142857,0.3579047744563049,0.2043462889157236,1.1368112200994926,0.8831615120274914,0.8310697190360367,0.1251191194336049,0.2064538904408608,0.1091547770965231,,0.5171214963581796,0.3088272828271097,0.1979165831597343,32.68554999191756,0.9999999999949444,0.0,0.9722830057144164,-0.0782129392027854,98.0,1.9096354246139529,0.9825,0.7892126666354037,0.9814814814814814,0.9824075102806092,479.09810160932346,122.15377807617188,0.001368174129091,0.0004562264512588,0.0003974964873542,0.0004562264512588,0.9670422087514824,0.9808790581206344,0.2139253463086221,0.1743204854146899
77,71.0,snow_2_corrupt,0.0709392004897417,0.2551642365051178,0.7518746065289563,0.7518198283667468,0.0101300680611318,0.0030444094445556,0.1956705311321904,0.1956705316879008,0.624250429799075,0.800241203845511,0.8030597453640282,0.0090712075856328,0.0030444094445556,0.4493984402231971,0.4493984427755986,0.3052839439059334,0.2901785714285714,0.1821681845877668,0.1221739157293674,1.005911829911702,0.7577854671280277,0.5362454697143937,0.0396029071054672,0.281032680301763,0.0449967839824323,,0.3508799083203589,0.1156395858765816,0.0722877763775919,25.17169597324656,0.999999999995786,0.0,0.9312333464622498,-0.1711309254169464,94.0,1.864299893379212,0.8025,0.7876525680719052,0.7910052910052909,0.7890506386756897,479.09810160932346,120.92439270019533,0.0025661617834536,0.000792857363235,0.0006795922152097,0.000792857363235,0.7717376266181385,0.9153011465975488,0.2589384314200728,0.2328273840824501
78,72.0,snow_3_corrupt,0.1380381540430698,0.3023341794565105,0.8475586061252854,0.8475941367616078,0.0069774230631326,0.0020228677312843,0.2332938682138043,0.2332938688761212,0.6324774271748984,0.8908863626154561,0.892383286003307,0.0060266731598832,0.0017495126230642,0.4568360510452585,0.45683605363797,0.3485442791237134,0.2850678733031674,0.2306623554263989,0.1573306026377537,0.9148529750019988,0.7605633802816901,0.3816494147055942,0.0354483312193115,0.1675146574732332,0.1168272087040489,216.0,0.4008005535267631,0.1379633134811671,0.0846137745142012,30.58865599399666,0.9999999999947518,0.0,0.9374659061431884,-0.1517269611358642,94.0,1.882825493812561,0.92,0.7821420486488506,0.9153439153439152,0.9185149073600768,479.09810160932346,127.78265380859376,0.0016084007332933,0.000609575009463,0.0005633673712368,0.000609575009463,0.9545036825221892,0.9589685015156176,0.2399711961078688,0.2086512850732453
79,73.0,snow_4_corrupt,0.1022917719557189,0.1020610824801383,0.5466218155302294,0.5468220180732364,0.0120559004964356,0.0049606387037783,0.0793589921251446,0.0793589923506169,0.6245078141267524,0.7981270264988269,0.8009277852528622,0.0080214840711337,0.0033934488892555,0.4491803043365143,0.4491803068885023,0.2353849323700065,0.1686274509803921,0.4606899752991739,0.2682678074117272,1.1879455301385948,0.802013422818792,0.8749952100078818,0.1665053929473223,0.0603038313860704,0.0655626224339907,,0.3079264723977477,4.933455333115338e-05,-0.0079564834527883,25.56164069507028,0.9999999999952254,0.0,0.903491199016571,-0.2282208651304245,89.5,1.853656530380249,0.82,0.8103668144488164,0.8097996439228666,0.8099461793899536,479.09810160932346,119.08182525634766,0.0019357328552078,0.0007678302591634,0.0007094175441754,0.0007678302591634,0.8663537160603436,0.9489302815973292,0.144311335870929,0.0983236195560047
80,74.0,snow_5_corrupt,0.1330653451467037,0.0710020219351621,0.5449595864838785,0.5451971038521418,0.0124170408014476,0.0069594285741914,0.052566283751122,0.0525662839004717,0.5840462240057133,0.7669274474410851,0.7696582977478873,0.0120915115458831,0.0069594285741914,0.415116853355845,0.4151168557117848,0.0578511906726178,0.1587982832618025,0.2525949436583206,0.1343752115401602,1.0224806372923985,0.9555555555555556,0.442951767563382,0.20719294758447,0.58284529417223,0.0726284673625573,258.0,0.58203522771594,0.3556421262635474,0.2497683531500434,25.984762940158163,0.9999999999934968,0.0,0.9411823153495787,-0.1606918275356292,95.75,1.8489468097686768,0.5675,0.8325180809923121,0.5423280423280423,0.4326706230640411,479.09810160932346,100.63607025146484,0.0039026665018833,0.0012054887299579,0.0010441883047789,0.0012054887299579,0.9374001908783772,0.920781531432588,0.176304858925091,0.1548296976018717
81,62.0,solarize_stylize_transform,0.0321109850527649,0.0846639192235697,0.2549319024694624,0.2549753819479025,0.0129922466995102,0.0085054433438926,0.0632007071604521,0.0632007072203055,0.5786325573055849,0.6836859803212747,0.6880272038847742,0.0099144180765155,0.0048695462755858,0.4101739591725152,0.410173961503274,0.1287902099296435,0.1588785046728972,0.2794074665782409,0.1801682722380333,1.057869318409893,1.0,0.4535887044703831,0.2720399468734015,0.6413638942077216,0.1270950913501,256.0,0.1473675655472747,-0.1072707479992587,-0.0757033025712366,19.555551024973884,0.9999999999952685,0.0,0.9511631727218628,-0.1368793845176696,96.75,1.837651252746582,0.58,0.8101503511426149,0.5558313899546127,0.4609164297580719,479.09810160932346,123.56362915039062,0.0028298045638286,0.0011150353277117,0.0010313103327391,0.0011150353277117,0.5040596414689842,0.8331942186882222,0.2667694585457575,0.2050436610629316
