,domain,middle_layer_entropy,weighted_shortcut_score,weighted_shortcut_score_normalized,early_to_deep_edge_importance,path_depth_entropy,deep_shallow_ratio,logit_contribution_ratio_deep_vs_shallow,logit_contribution_ratio_deep_vs_shallow_v2,logit_contribution_ratio_deep_vs_shallow_v3,logit_contribution_ratio_deep_vs_shallow_v4,logit_contribution_ratio_deep_vs_shallow_v5,logit_contribution_ratio_deep_vs_shallow_signed,deep_logit_contribution,deep_logit_contribution_signed,deep_logit_contribution_normed,deep_logit_contribution_signed_normed,largest_edge_score,middle_layer_score_ratio,std_entropy_across_layers,logit_contribution_peak_layer,algebraic_connectivity,spectral_gap,graph_energy,laplacian_energy,normed_laplacian_energy,laplacian_spectral_entropy,modularity,community_size_variance,avg_clustering,kirchhoff_index,avg_path_length,effective_path_depth,node_importance_entropy,avg_betweenness,spectral_radius,avg_edge_flow_centrality,edge_score_gini,normed_algebraic_connectivity,normed_spectral_gap,normed_graph_energy,normed_kirchhoff_index,normed_avg_path_length,normed_avg_betweenness,normed_spectral_radius,attention_mlp_ratio,layerwise_score_variance,weighted_path_depth,layerwise_score_entropy,model_id,AC,ANE,EMD,acc,f1,l2
0,location_7,6.851961946460311,0.0002729445986915,-1.890550255775452,7.432163897647115e-07,1.155637264251709,0.0602874906828644,0.8378434190900317,0.8378434189315951,1.1753887294820655,1.1026382557659395,2.7481468088552363,-1.8705829553559028,2.494579125922325e-05,6.79127901570542e-06,0.0120558756032976,-0.0470395032020762,3.826252577709965e-05,0.2190141379833221,1.6593583822250366,10,7.516620023792201e-07,-3.169008162708858e-07,4.52117494162934e-08,1260.7432727435692,7.03511944793309,2.96603411533843,0.3319921939240425,43.5,0.0142124907382601,583354779.5244453,2.998722067658933e-06,0.6564247326870222,2.3537599470392805,0.0084123496762257,0.0001752167859687,0.0051677910396125,0.5478441776476459,0.0003632809815494,-0.000153159326661,0.010560669947717,1207015.0544380853,0.0014492933226502,0.0084123496762257,0.0846829133315253,,0.0002073512878268,3.343888282775879,2.536908864974976,9,0.863845944404602,-0.8518951535224915,1.370468020439148,0.825,0.2260273993015289,231.40927519748715
1,location_21,6.825145102265238,0.0095573253929615,19.846921920776367,4.502904062064772e-06,1.0182058811187744,0.2131129125759603,1.0503851061499163,1.0503851061035565,1.326216642422894,1.853773188020074,4.188394323148667,1.0563574949941157,5.328307974039603e-05,4.068800139478412e-05,0.0336567464979758,0.0844931296642958,3.112146077910438e-05,0.2166015356779098,1.8106778860092163,7,1.3874930705876625e-06,-2.6431097585142127e-08,8.003692013185237e-08,2063.7419242235133,4.16795937195489,3.045957293562533,0.3287396337969893,44.1875,0.057217613422729,487947033.1690732,2.765870894469352e-06,1.0259112034328124,2.897128567994587,0.0101588507743522,0.0001747638270976,0.0052116758653146,0.5490222904282971,0.0008764628923685,-1.669621978501307e-05,0.031937124186504,772449.2668707612,0.0017471678131719,0.0101588507743522,0.1103962359096979,0.597016453742981,0.0002475093060638,3.969685077667236,2.78330397605896,9,0.879935085773468,-0.7701789140701294,0.8434082865715027,0.0,0.0,231.40927519748715
2,location_24,6.871407975100086,0.0068606431595981,19.383039474487305,2.1695762484341685e-06,1.0148630142211914,0.1164035642004903,1.395035278185052,1.3950352778475377,1.8035822997333752,2.278594234481233,5.014759028130381,1.546640322856094,2.8695472141127e-05,2.7112314048505223e-05,0.0319916530908872,0.0765990691275461,2.390258487139363e-05,0.1948646903038025,1.922228217124939,15,9.792100713882582e-07,-9.503898054162578e-08,3.59200581289192e-08,2100.3549358689243,3.4348048538490046,2.928108353732365,0.2964965301598335,61.55555555555555,0.0674344801942883,517606641.4586533,1.9850474812558097e-06,0.815910929911481,2.6563193237774323,0.0090481224202154,0.0001283785290496,0.0047360075664849,0.5568382127441676,0.0010917124183444,-0.0001059580848272,0.0446479769137893,464266.6202779252,0.0022131114279549,0.0090481224202154,0.1431280560941093,0.5892155170440674,0.0006989727262407,4.002331256866455,2.639741897583008,9,0.3215245604515075,-2.9952783584594727,1.7795376777648926,0.0861111111111111,0.0354630835354328,231.40927519748715
3,location_29,6.501012173799933,0.0158174149692058,14.750751495361328,6.031694738339866e-06,1.005379319190979,0.1583019564434741,1.4938346437520376,1.4938346437272858,1.9922960990305425,2.055729235722768,6.042087090757288,1.861831125632483,7.963907331465236e-05,7.011266208145628e-05,0.044629933696946,0.0653845486745559,6.55577823636122e-05,0.2045874744653701,1.943591594696045,15,1.657227451161943e-06,-4.996487807199677e-08,2.633208196051461e-07,2204.45627926368,3.4014157309451774,2.97525630973451,0.36409522010891,21.555555555555557,0.0732441893304589,401136777.98731136,4.26827619521089e-06,1.0363493433023645,2.7169403668037275,0.0115646258503401,0.0003279763381508,0.0057167445291369,0.5973827018594746,0.000928735554974,-2.80010794234608e-05,0.0826999197474372,715784.9028243416,0.0023920070993885,0.0115646258503401,0.1838029412446497,0.5422481298446655,0.0013773408718407,3.548580884933472,2.7765369415283203,9,0.387643426656723,-2.6760947704315186,1.1832070350646973,0.0434782608695652,0.0444444455206394,231.40927519748715
4,location_49,5.96987685873831,0.0022617729846388,14.720162391662598,6.804532830528842e-07,0.944330394268036,0.2180775247955674,2.0391902075758663,2.0391902073459987,2.670145837671261,3.6710062593495953,11.820669112069304,2.881197549037675,1.1503679962499014e-05,1.079137445347822e-05,0.0460161726183387,0.0702329781804388,8.601652552897576e-06,0.2157552391290664,1.9619932174682615,19,2.99535966976132e-07,-1.3505228808490004e-08,5.121204841146455e-09,2351.9963392095483,3.3567134117092188,3.0020029367681245,0.3305267577208249,8.0,0.0653791753742446,2180875085.8953943,5.727847786113862e-07,1.2456973903993669,2.881773196792915,0.0097710453283996,4.082107803166508e-05,0.0049260173927727,0.5715182612854746,0.0011982215142679,-5.402440731425194e-05,0.0819498981399095,545183.4423334621,0.0022912875811403,0.0097710453283996,0.163294894999907,0.6672160625457764,0.0008423750987276,3.687723875045776,2.7975621223449707,9,0.8042769432067871,-1.1451730728149414,1.7588369846343994,0.4915966386554621,0.0732394382357597,231.40927519748715
5,location_56,6.953695244714966,0.0059076626785099,24.06536102294922,3.330824483782635e-06,1.1168371438980105,0.0710719267189647,1.4817026434526093,1.4817026429525382,1.7413269574168837,2.9735954641463493,9.591494124901711,2.1312658269623346,2.7524295502234782e-05,2.129690012087071e-05,0.0148594621235147,0.0867547240139168,3.552931229933165e-05,0.2147436738014221,1.710368037223816,15,1.6297716073579797e-06,-3.874705234924233e-07,7.061966830534829e-08,1619.9898573117591,4.454971036347792,2.9360917250153227,0.2322806119551391,12.666666666666666,0.0362652088638529,354558380.1294565,3.082501573523834e-06,0.7308498001485831,2.528678099593666,0.0065539112050739,0.0001955666787927,0.0039842873176206,0.5425673702598403,0.0008798870936352,-0.0002091890189875,0.020583823139528,656731.0736106551,0.0016641922485003,0.0065539112050739,0.1055832542467431,0.7774863243103027,9.514167322777212e-05,3.5961146354675293,2.552372694015503,9,0.3155803680419922,-2.9812252521514893,1.7346689701080322,0.0607142857142857,0.010939510539174,231.40927519748715
6,location_58,6.742770697050357,0.0074413404799997,14.09779930114746,2.120576482411707e-06,1.0575268268585205,0.073383638380332,1.4771312527721363,1.4771312523801887,1.8575116736602049,3.1701981641869432,9.676411510864348,2.12234415743302,3.684732650199862e-05,3.318440422717117e-05,0.0278567645078521,0.0628684605735107,5.523880463442765e-05,0.1627813875675201,1.8784050941467283,13,9.701873342948224e-07,-9.969578615436057e-08,1.4308856597018484e-07,2002.0684357081832,4.272969287857244,2.805655611897691,0.3328606582477832,18.0,0.0223938476549123,649673514.4086714,2.019503528402259e-06,0.8245438605347132,2.385529947615454,0.0088363398088189,0.0002993460368865,0.0047757950125829,0.686030649168855,0.0007335065755106,-7.537465694474623e-05,0.0817902921871988,859303.8298207063,0.0015268382483309,0.0088363398088189,0.2263194745164102,0.4605410397052765,0.0006922262837179,2.703794240951538,2.47218918800354,9,0.1688464730978012,-3.3105685710906982,1.848863124847412,0.3151408450704225,0.1576293706893921,231.40927519748715
7,location_59,6.654495533794634,0.0042678504250943,15.44115161895752,4.377777713671094e-07,1.0396381616592407,0.1263499409966258,1.0942624654809607,1.0942624650521486,1.502124681657536,1.7532264312368573,5.627710325576597,1.9336110040877144,2.5025860495020424e-05,1.9622786375350643e-05,0.0248573009114238,0.070995481583069,1.4943478163331749e-05,0.2244946956634521,1.787933111190796,19,8.951193183363772e-07,-9.808085909800287e-08,2.7312300008278685e-08,2054.075123682313,3.8288991063195623,3.108423704106252,0.3267632710733589,19.5,0.0678184879484201,703084966.0195796,1.836741691444015e-06,1.2175652175078562,2.962325633374186,0.0103106691335183,8.790211841519448e-05,0.0052683290418755,0.5087755275346685,0.0008891449945192,-9.742618831165528e-05,0.0269489332912279,707809.1298691803,0.0018244826435146,0.0103106691335183,0.0873154298114443,0.6558398604393005,0.0001785007771104,3.6866729259490967,2.6831836700439453,9,0.7957680225372314,-1.1862698793411257,1.7927260398864746,0.7861635220125787,0.1257545202970504,231.40927519748715
8,location_62,6.765100466333266,-0.0001708632917143,1.5963127613067627,0.0,1.2972458600997925,0.0238180040034408,0.8664580316636291,0.8664580314415536,1.1169842817049294,0.935390361094114,2.9170325140085955,-0.7521741302920826,1.5815930044738025e-05,2.927432074528724e-06,0.0077682164788984,-0.0273498306267956,8.326736133312806e-05,0.1782171577215194,1.605135440826416,20,5.58498038140185e-07,-4.3668107942645627e-07,1.547441640432864e-07,1684.9119823017056,6.195838205642918,2.6900422814332243,0.163854188846052,58.5,0.0106949057305677,671229266.4901451,2.604377473631019e-06,0.417653191108441,1.8287596736578184,0.0049170437405731,0.0003574883423157,0.0029223227752639,0.6531558726277698,0.0002743274254574,-0.0002144924186681,0.0373344223397264,1366543.022126895,0.0012792384532323,0.0049170437405731,0.1755939157092485,,0.0005442281835712,2.565387964248657,2.349353790283203,9,0.7100960612297058,-1.5433988571166992,1.4705709218978882,0.696969696969697,0.1381381452083587,231.40927519748715
9,location_69,6.384302910356153,0.0032317561563104,14.646109580993652,6.852629326203896e-07,0.9223242998123168,0.1846211544635462,1.4492894631784772,1.4492894618931098,1.975446036190821,2.523109625297096,7.887668971088249,2.1526517039819058,1.6462108952008947e-05,1.4822293064487012e-05,0.0332290876993478,0.0671737168143086,1.20194608825841e-05,0.2418161034584045,1.86000394821167,19,5.155812236579297e-07,-1.276377545746138e-07,1.1195853856103457e-08,2142.3620409614764,3.744483870133895,3.097840493791269,0.3293646226006838,2.8888888888888893,0.0522375574406801,1177769189.5303218,1.0983551938254295e-06,1.3665455772738064,3.0343315829650788,0.0106202055290201,5.956171077545197e-05,0.005304127823969,0.5186253364579204,0.0010407681743767,-0.0002576535340943,0.0456216571844261,583449.5001109402,0.0022171737367477,0.0106202055290201,0.1202331096312896,0.6600982546806335,0.0003774314536713,3.66915512084961,2.8027327060699463,9,0.7239638566970825,-1.557816505432129,1.766460657119751,0.6688524590163935,0.1603143364191055,231.40927519748715
10,location_73,6.833712474486337,0.0033291666768491,17.72224998474121,2.996766852447763e-07,1.1923424005508425,0.1323684290757734,1.5084387414122038,1.5084387410426283,2.0036425349610414,3.179992403170329,11.436710445088767,1.9768766754403948,1.543348881494211e-05,1.3911436155034096e-05,0.0315183873435867,0.0740554422247204,9.624919584894087e-06,0.1914609521627426,1.8724268674850464,15,4.878184576110231e-07,-2.836703679554171e-07,9.60533605927114e-09,2106.7454624947068,3.754331027886815,3.042850445129478,0.2792107246660004,112.5,0.0704396504476537,1053564806.343981,1.053104575546678e-06,0.819719225912758,2.796681457375909,0.0072752852297255,6.169007590112863e-05,0.0039308176100628,0.5330118304002724,0.000996239345353,-0.0005793211736182,0.0400611561466166,515888.43793572905,0.0021506857714136,0.0072752852297255,0.1259855571018163,0.5870296359062195,0.0004558539949357,3.670137405395508,2.6476309299468994,9,0.3201377689838409,-3.01298451423645,1.9045239686965945,0.323785803237858,0.0430748835206031,231.40927519748715
11,location_76,6.958929638875198,0.0064663048833608,19.70178985595703,1.8549721971794495e-06,1.1428534984588623,0.0680520453457149,1.3599713893611654,1.3599713892386869,1.6385740021289088,2.036863131906271,4.34201798553871,2.6275223159675685,3.045008306035157e-05,2.8166077005842283e-05,0.0200721669268798,0.0858175287146487,4.305328184273094e-05,0.1716789305210113,1.7968997955322266,19,1.0632887099430355e-06,-1.5183830655394666e-06,8.454618949917285e-08,1973.4098068742344,4.015556209062527,2.9662329776703675,0.2661504634713787,23.1875,0.0308734834774656,307158315.34822416,2.6452277806740054e-06,0.701258531353773,2.48745318290499,0.0082334977683814,0.0002271401120026,0.0042912344925767,0.571149934260373,0.0007009196518928,-0.0010009177966107,0.0367390672406881,465956.350298902,0.0017437335257206,0.0082334977683814,0.1497307079232072,0.6024819016456604,0.0001967466378118,3.2275097370147705,2.4431028366088867,9,0.1466900259256363,-3.4374256134033203,1.1182273626327517,0.1428571428571428,0.1000000014901161,231.40927519748715
12,location_78,6.903305535439433,0.0099352737888693,24.476442337036133,3.661977871161071e-06,1.2629443407058716,0.061333560693063,1.5394372704888062,1.539437270081101,1.885418142419495,2.5381234871240053,5.447304252335159,2.726101825226674,4.539401647185581e-05,3.971325428586692e-05,0.0174483280993199,0.0978368080056674,6.566106458194554e-05,0.1829805374145507,1.757160782814026,15,2.3757016540378868e-06,-3.144443707043712e-07,1.931799457730612e-07,1807.3456467489816,4.470898934887859,2.9578737009584715,0.2559089210428683,11.555555555555555,0.0321212254399283,195713636.2365836,4.209164144826487e-06,0.7563987466863848,2.4804899039327712,0.0088090204369274,0.0003542137663227,0.0047943562292894,0.5730793542601593,0.0009132264019904,-0.0001208733380479,0.0285453368820772,509136.8363087215,0.0016180145767508,0.0088090204369274,0.136160771535564,0.6630483269691467,5.877053627045825e-05,3.299733161926269,2.4537174701690674,9,0.2126470059156417,-3.1547889709472656,1.7767055034637451,0.002770083102493,0.0025641026441007,231.40927519748715
13,location_86,6.806147774503132,0.0062179150991141,16.503414154052734,8.304153311655682e-07,1.2641677856445312,0.0868625952312163,1.548931974208681,1.548931974034095,1.9801470970209256,2.549351806533454,7.001809152710164,2.5015825946382946,2.985063004778965e-05,2.807596531617662e-05,0.0234983125743036,0.0745180390303105,2.858047082554549e-05,0.1745593845844268,1.84639585018158,19,2.045663937259854e-06,-1.4185495736664525e-07,5.698173732467227e-08,1849.3848194218292,4.378562208412694,3.009949245361823,0.35365083667988,16.88888888888889,0.0494783734283637,286273095.94256854,2.27313131177876e-06,0.7137269476010419,2.5580772942204337,0.0090754395916052,0.0001848609176268,0.0047752566307737,0.5674917692297984,0.0016104556571992,-0.0001116757499407,0.0353154418805274,363635.3198057744,0.0017895300635152,0.0090754395916052,0.1455323644377456,0.4959960281848907,0.0006959249731153,3.317563533782959,2.456611633300781,9,0.1547845005989074,-3.483281373977661,1.4796946048736572,0.025,0.0416666679084301,231.40927519748715
14,location_95,6.964793031142226,0.0033987921196967,12.355269432067873,2.262830378185754e-06,0.9045690894126892,0.0238372934749104,0.5793480506732436,0.5793480502504957,0.8264054852530472,1.1216718015773737,1.8007972620154662,0.6727375977446002,1.3701281395217537e-05,1.0143851838950724e-05,0.0109610800396432,0.036874929264618,5.809893627883866e-05,0.1605743020772934,1.770180344581604,5,9.220327877059788e-07,-2.6838955874724428e-08,1.3210583944989848e-07,1982.6826244402143,4.368528344166548,2.574575982712799,0.2521815722057324,18.25,0.0108635542009547,709297688.7255358,1.4994692046698856e-06,0.8834573077009865,2.235067196878145,0.0095630215195432,0.0002816953779191,0.004994081325783,0.7632231100457595,0.0007376815555299,-2.1472789720646543e-05,0.084560417307841,886555.6176044205,0.0011996653374421,0.0095630215195432,0.2253732003236085,0.4950586855411529,0.0003382062132004,2.3882434368133545,2.283819437026977,9,0.2184681594371795,-3.127164363861084,1.955179572105408,0.0491379310344827,0.0189810190349817,231.40927519748715
15,location_101,6.698491586584241,0.0074382275342941,21.02485656738281,2.6022211443432752e-06,1.0464775562286377,0.2273293421694238,1.6313596128305683,1.631359611375938,2.186742909970011,3.5464123953973288,8.497759130116927,2.02260441218892,3.666552841030679e-05,3.525690782835156e-05,0.0486934553403408,0.0996571881844399,1.5658048141631298e-05,0.2178906798362732,1.9415208101272583,15,8.073809130744127e-07,-5.548692149633572e-08,2.5873186509745506e-08,2080.792194927105,3.079407867037037,2.9715618372598245,0.3519849503301201,12.25,0.1082643341262126,697362341.7021006,2.08346960422742e-06,0.9963118376724954,2.753436880423625,0.0110523843081982,9.6482217806697e-05,0.0054433221099887,0.5415097336131317,0.00107227077867,-7.369133676567489e-05,0.0456354032988114,525088.4922014154,0.0027670254799445,0.0110523843081982,0.1281366199271392,0.585586667060852,0.0005309803527779,4.404484272003174,2.8303234577178955,9,0.3435933291912079,-2.899374008178711,2.084956169128418,0.562251655629139,0.1137109920382499,231.40927519748715
16,location_104,6.9378100149333,0.0086108418181538,20.75688743591309,2.3978296894711093e-06,1.033703088760376,0.094839685221469,1.5930197257221408,1.5930197256509506,1.8776923728163648,2.585867705352808,7.376714624071459,2.3488379655176184,4.076080637793744e-05,3.583840792464876e-05,0.0191107557792026,0.0863902022494813,5.803306703455746e-05,0.2135009914636612,1.7428221702575684,23,1.3484375535094692e-06,-6.515818253090515e-07,1.1588392574936532e-07,1825.319860756389,4.453701673721461,2.9684900005858554,0.2721219641339588,35.0,0.0334066645922911,374765509.8010424,3.7503658068077767e-06,0.7773998993695335,2.587918071806802,0.0077667283379586,0.0002590840399177,0.0043906938853747,0.5429986278297327,0.0006322405262739,-0.0003055064673589,0.0254757031285368,799296.8927161727,0.0017584301570016,0.0077667283379586,0.1214764659160984,0.7168086767196655,0.0001821948972065,3.912763833999634,2.579551935195923,9,0.2320436388254165,-3.2073748111724854,1.5493801832199097,0.0761904761904762,0.0301318261772394,231.40927519748715
17,location_115,6.887814201591609,0.0065351105295121,14.109994888305664,1.2149411077189145e-06,1.054539918899536,0.0798528969542984,0.7596095147556776,0.7596095146014706,1.088373936694789,1.5149839934169893,2.8810769698031047,0.970759619731058,3.3512807871005634e-05,2.097674203938027e-05,0.0183904858054196,0.0452909895868047,2.928512731159572e-05,0.2117984145879745,1.7641501426696775,7,8.039932677816949e-07,-8.772594371629029e-07,8.931447233753803e-08,1828.2473130394364,4.514930533716238,3.0387581888386395,0.3278810532538161,32.75,0.0503485469229713,380253234.4310975,2.8529479598673874e-06,1.0412874748671426,2.867089051837476,0.0101778656126482,0.0001774063778026,0.0054106280193236,0.5632861024906108,0.0004412124250322,-0.0004814191690106,0.0268975352730309,692911.2181985091,0.0015656301340904,0.0101778656126482,0.0973564110133467,0.5576920509338379,0.0003130783734377,3.218071937561035,2.609018087387085,9,0.3147493004798889,-2.8542983531951904,1.5786759853363037,0.0714285714285714,0.0419999994337558,231.40927519748715
18,location_120,6.804218568868686,0.0153458211570978,22.02655792236328,5.749397359977593e-06,1.1873611211776731,0.1067116420151587,1.455193486082417,1.4551934854836512,1.8983659860123017,2.6961735132838154,6.206020082978831,2.086206181783184,6.827148663646199e-05,6.534144664627206e-05,0.0277583453617404,0.0937872316330466,4.536935011856258e-05,0.1990717202425003,1.8319625854492188,15,2.736801826680813e-06,-5.637299311110935e-07,1.8250927396644698e-07,1894.7366179157848,3.929321021725915,3.011733101719291,0.3212222725679728,86.0,0.0573231828445691,216423523.45676133,5.43190097248659e-06,0.8534894422236529,2.5860102143400034,0.0089617101245008,0.0003270504881634,0.0048706240487062,0.5443112635572934,0.0011128243873264,-0.0002292209337851,0.0301752918680209,532256.7685540026,0.0022086917768724,0.0089617101245008,0.132983596504696,0.4770680069923401,0.0003286685096099,3.956740379333496,2.626378297805786,9,0.2997398972511291,-2.914907693862915,2.1032958030700684,0.1926264647042012,0.0450315773487091,231.40927519748715
19,location_125,6.910076091039199,0.0093857683241367,18.01255989074707,5.107015681460325e-06,1.154187560081482,0.0701966211307041,1.474860008153925,1.4748600074704366,1.7164848630602725,2.2661998899265763,4.857823563341957,3.123495693078284,5.650985493232952e-05,3.5173455533055176e-05,0.0131773196480347,0.067503095747488,0.0001331892854068,0.2150141298770904,1.6839998960494995,15,4.169052640060967e-06,-6.113793323796679e-07,4.092017476996429e-07,1803.106416431623,4.521869318700212,2.8985311394025493,0.2245781811142435,11.36,0.024510590933833,164102125.2859314,6.468731384442971e-06,0.7027922666339943,2.448037607923905,0.0073232323232323,0.0005164091891017,0.0041264090177133,0.5447035940919134,0.0009722127577117,-0.0001425721795466,0.0222528363904944,703704.3861367317,0.0015084921895551,0.0073232323232323,0.120425347582828,0.7678541541099548,0.0001683337177382,3.6480774879455566,2.520164728164673,9,0.3312491774559021,-2.8271872997283936,1.731911301612854,0.2576923076923076,0.1147857531905174,231.40927519748715
20,location_127,6.647391984231343,0.0136251803487539,21.15282821655273,5.862964712832763e-06,1.1541142463684082,0.0638785469160204,1.0185473262759528,1.0185473261987017,1.4955317313858292,2.625332613308728,6.396578216020236,1.3068862616353742,8.33933432611289e-05,5.958116135129643e-05,0.0231531151654616,0.0924988250862002,0.0001238048280356,0.1779876798391342,1.8623112440109253,11,1.7018799735197064e-06,-5.664614961167591e-07,6.241850724806113e-07,2114.345605213745,4.117436879980181,2.715570598007145,0.364256370762982,88.66666666666667,0.0197074460760669,264590042.74577123,3.706238521006486e-06,1.139670297785379,2.5625849071167104,0.0091318234610917,0.0005425096627773,0.0045678117375612,0.7057447829749354,0.0004725199812625,-0.0001572756986865,0.0481167043206143,952976.628800253,0.0010290218884413,0.0091318234610917,0.1506255770843806,0.7433854937553406,0.0001255319075426,3.3771326541900635,2.532838821411133,9,0.4251618087291717,-2.551246166229248,1.7509493827819824,0.1444866920152091,0.0838911235332489,231.40927519748715
21,location_146,6.742030508080962,0.0027391219045966,8.30630874633789,9.116930925756606e-07,0.8736312985420227,0.0477157024268248,1.011798477689297,1.0117984775011768,1.285391084469718,1.612597703463652,3.32147720146095,1.449653416184215,1.261164078680821e-05,8.373400693706401e-06,0.0136707625429682,0.025392235515221,2.3477949071093462e-05,0.2116729021072387,1.7378065586090088,19,8.385256717984557e-07,-3.923521456016817e-07,4.823937287221448e-08,2080.324249323916,3.82310555665018,2.915132831559598,0.2536988092888986,42.5,0.0514301204556644,598780664.880358,1.4927605092203176e-06,0.6812170885722926,2.4184816254949992,0.0077474560592044,0.0001615959837963,0.004112801867313,0.6057914124754286,0.0009089989872987,-0.0004253271009074,0.0566885971843838,552358.1092517955,0.001618218540369,0.0077474560592044,0.1751772051557065,0.5925432443618774,0.0011334668379276,2.869609832763672,2.5428476333618164,9,0.6273190379142761,-1.8005813360214231,1.5572439432144165,0.782051282051282,0.1755395680665969,231.40927519748715
22,location_156,6.864004585064071,0.0058040921576321,25.11943626403809,0.0,1.2609401941299438,0.0659550110543935,2.1382574423972223,2.138257441521552,2.6529885276302965,3.812202107653112,14.27529925370845,4.771400428156393,3.2934022115765904e-05,3.1790347777421735e-05,0.0211803528257984,0.1375855263380752,3.204294989700429e-05,0.164344921708107,1.782001256942749,21,1.210732862092724e-06,-4.347909796618746e-07,7.70263765515934e-08,1928.9184859640504,4.49752803224776,2.934491485834992,0.2986387613160168,10.6875,0.0522758664719815,333970940.62813145,2.633676056216432e-06,0.6700485759223016,2.402623133490459,0.0102909002511952,0.0002301382327109,0.0052794696690045,0.5902184370306148,0.0007786887805985,-0.0002796379482405,0.0318618256383187,519269.8305537144,0.0016938616959148,0.0102909002511952,0.1480145361933646,0.403107613325119,0.000237593150814,3.0155820846557617,2.422407627105713,9,0.2817606329917907,-2.998138427734375,1.8881289958953855,0.4390581717451524,0.1558505445718765,231.40927519748715
23,location_163,6.891953032484986,0.0043309219181537,17.194379806518555,8.301348941586184e-07,1.0764131546020508,0.1298030971854682,1.0706018724029132,1.070601871628334,1.4151323129740832,2.1377079674095527,3.7646698632746407,1.2501934535724428,1.900742202387562e-05,1.7746894171111194e-05,0.03007626063803,0.0704578545368983,1.062358387571294e-05,0.2058985382318496,1.873241305351257,19,6.720508217973883e-07,-9.755177506699979e-08,1.4147887150576244e-08,1858.9946360884503,3.86854220665501,3.009861867132621,0.2970835737508973,30.5,0.0781403891229939,694198138.5691456,1.1816423246147723e-06,0.842036948705969,2.7481587706417416,0.0102939695962951,7.9699228492669e-05,0.0053741184819408,0.5350490726528702,0.0010634467955033,-0.0001543649968518,0.0354257372733409,438702.1778488941,0.0018698195373072,0.0102939695962951,0.1261152983702765,0.5195931792259216,0.0007713539525866,3.4706742763519287,2.6336164474487305,9,0.3229630291461944,-2.9840049743652344,1.8069806098937988,0.2574712643678161,0.0441176481544971,231.40927519748715
24,location_169,6.986674404843232,0.0067705400288105,19.25501251220703,2.468212358053279e-06,1.0560669898986816,0.1302311980656768,1.387837445195764,1.3878374451588171,1.676489563783421,2.3479362466067686,6.538674586765987,1.7914088766775074,2.734083089173112e-05,2.6950042483875336e-05,0.0273891505618089,0.0766439362063125,1.4977817954786588e-05,0.2045268714427948,1.8313933610916135,15,1.0493405839057554e-06,-2.5115712203097552e-08,3.6862497437464776e-08,1764.757997716362,4.122712176905734,2.9779061702450758,0.2854994770556672,72.6875,0.0801167517490999,644575694.8697262,1.944431170602046e-06,0.7975716719198085,2.647284867039513,0.0090759584746633,0.0001317988851813,0.0049497635933806,0.5483950855124735,0.0010512094678126,-2.5160470778316704e-05,0.0369939192833374,643429.7411617087,0.0019478942287519,0.0090759584746633,0.1320336206475693,0.5425876379013062,0.0005255403229966,3.911431789398194,2.6314356327056885,9,0.1941723972558975,-3.286644458770752,1.6252714395523071,0.0566037735849056,0.0277056284248828,231.40927519748715
25,location_176,6.51739966848054,0.0028892233967781,15.521918296813965,7.021960186648357e-07,1.0228397846221924,0.1975608781624906,1.3566489053236126,1.3566489052085562,1.8343474678412268,2.3069597993661626,8.132306234993884,1.4732256640787185,1.4606391130378428e-05,1.1242131353839112e-05,0.040480768124582,0.0603965962208859,1.083851657313062e-05,0.2369883358478546,1.8900686502456665,15,3.977466671528994e-07,-2.1232843919715666e-07,7.89146118197034e-09,2163.1956343592237,3.62249032962723,2.949676258352256,0.3436085725775394,14.0,0.055501282820004,1299559058.452318,7.062306509779277e-07,1.1892646525423147,2.8162645912137645,0.0111933286351891,5.074675364124936e-05,0.0055037555037555,0.5899716873985755,0.0011024053968212,-0.0005884952590425,0.0606215452221692,468879.4867021373,0.001957407970313,0.0111933286351891,0.1406510747677279,0.5961533188819885,0.0008220459567382,3.709630727767944,2.828063488006592,9,0.8439785242080688,-1.009245991706848,0.902481973171234,0.0,0.0,231.40927519748715
26,location_184,6.775797065731167,0.006922694388777,17.385717391967773,2.7633321906250785e-06,1.2732205390930176,0.1499442402194984,1.1608087497796955,1.1608087494110837,1.5861351891901976,1.921525014616409,3.616719904064551,2.1271179843792747,4.60758965759589e-05,3.345360506884498e-05,0.0308967844023515,0.08401590172075,2.3422604499501176e-05,0.216941624879837,1.853729248046875,19,1.3413186788494158e-06,-1.2309478464414554e-08,5.8204467252919065e-08,1950.7387528483537,4.107206751713108,3.030556351241401,0.3795122366826644,8.0,0.048908090441804,531172439.5713297,2.361394288732057e-06,1.2412966078646217,2.897414320687141,0.0099926765340733,0.0001384689330057,0.0051713947990543,0.5756448076073802,0.0008994889300491,-8.254750523339622e-06,0.0261748386830633,792084.8117798598,0.001583552097919,0.0099926765340733,0.0928573303226852,0.5740106701850891,0.0002858402149286,3.683382034301758,2.706148624420166,9,0.7096715569496155,-1.4791553020477295,1.6408253908157349,0.12,0.0266666673123836,231.40927519748715
27,location_187,6.763035983518102,0.0010554821928963,-80.19493865966797,6.271611425745505e-07,1.2409764528274536,0.0421164465451012,1.1823812819600217,1.182381275667973,1.399210616381017,1.7460713618935764,3.596780544928425,2.758255414431529,6.192430850981978e-06,3.855227959759233e-06,0.0089355986765217,-0.2929180362610172,2.5047700546565466e-05,0.2153465449810028,1.6815600395202637,10,4.950030783020285e-07,-3.6812238376539334e-08,1.1792584182580074e-08,1802.6631028180427,5.614769114765942,2.948445478768266,0.2012785712366435,9.25,0.0112438953199808,1649536371.9767327,1.0014930452155025e-06,0.5934238293853735,2.33082162697358,0.006618556146858,9.469287514133218e-05,0.0037673135157411,0.5653124937375036,0.0007143054647451,-5.312125202828696e-05,0.0245561996577347,1143104.1897763486,0.00144518690444,0.006618556146858,0.1366448882255721,,0.000510478450451,3.1753194332122803,2.450610399246216,9,0.8040763139724731,-1.111477255821228,2.225273609161377,0.9992105263157894,0.4998025596141815,231.40927519748715
28,location_188,6.89924135806411,0.0011182436719536,16.492332458496094,3.256169875953674e-07,1.0142221450805664,0.1213517079475697,1.2634411395372642,1.2634411392481504,1.6698290300130356,3.0235972491574774,5.483113145162826,1.7247432616317222,5.485447291175838e-06,4.546016613482529e-06,0.0317789574456867,0.0670466076886217,3.847868811135413e-06,0.1873823702335357,1.8895772695541384,13,1.45164086164668e-07,-1.2112110094025632e-09,1.502051237082356e-09,2223.075109591711,3.876254916919096,3.0691775143386217,0.3257691791238221,118.22222222222224,0.0398573003266654,5042189374.545388,3.972190691563746e-07,1.0255452498065232,2.799259284315489,0.0080165912518853,2.5692758571287478e-05,0.0042121373436252,0.5942995347637667,0.0008410191021121,-7.017237456463893e-06,0.0504171282399425,870307.0028808118,0.0023013187127374,0.0080165912518853,0.1488529402500465,0.5253340601921082,0.0006233644671738,3.453354597091675,2.624744176864624,9,0.9337455630302428,-0.4380581080913543,2.159691572189331,0.998837547224644,0.3331394791603088,231.40927519748715
29,location_191,6.871983640155121,0.0009192447760142,1.9854302406311035,8.29510042876791e-07,1.0541014671325684,0.0273480262629398,0.7571193231263383,0.7571193226099875,1.0012479331833823,2.001493572773352,5.116604593895421,-0.6578606294038907,2.0834955975601588e-05,7.065082726853689e-06,0.0087968581390267,0.0152594583082513,0.0001457832549931,0.1948353946208953,1.6204822063446045,7,1.345343725315169e-06,-2.1613653871340325e-07,3.915967301026586e-07,1997.099901377835,5.346839572663787,2.6802660785089456,0.2020832119935379,88.88888888888887,0.0141447140856503,366081138.33426994,3.3041828583566025e-06,0.5138604337870623,2.096009346386196,0.0110374149659863,0.0005433987248716,0.0056109532420563,0.6630288106014385,0.0005680741068175,-9.126409075005512e-05,0.0698204325384687,866973.0812290225,0.0013951978987386,0.0110374149659863,0.2294512109202571,0.3121994435787201,0.0009357014205306,2.093965530395508,2.4772422313690186,9,0.758868932723999,-1.3682870864868164,1.6622897386550903,0.7828947368421053,0.1254612505435943,231.40927519748715
30,location_193,6.482426446230381,0.0036075101234018,12.199825286865234,1.2959157800196408e-06,1.117951273918152,0.1663880256195253,1.963057562039972,1.9630575620110609,2.5736797107658096,3.77341717086494,18.036894900426365,6.082117885795919,2.2987404537211376e-05,1.9390165580723817e-05,0.0369612702505624,0.065573700834738,1.2931389392178971e-05,0.2382059097290039,1.8480136394500728,19,7.944658709104361e-07,-2.152227560215206e-08,1.8683259641435425e-08,2296.326299189245,3.571687789530504,3.097464781666293,0.3666529383404213,24.0,0.0875495217072184,787164758.5770189,1.3789097216993384e-06,1.006325818440048,2.809309832427261,0.0107635676842429,8.172165008886966e-05,0.0052844356147996,0.5240470704650612,0.0012774960326078,-3.4607693993936404e-05,0.0483082454006922,489532.2785378606,0.0022172779561076,0.0107635676842429,0.1314078881310301,0.5707359313964844,0.0007640679832547,3.24202561378479,2.7995738983154297,9,0.7289113402366638,-1.4655131101608276,1.2457903623580933,0.0,0.0,231.40927519748715
31,location_207,6.408888072215943,0.0074733197689056,17.822153091430664,4.546298725927045e-06,1.0597959756851196,0.1729567970064671,1.4004012274178337,1.4004012272901007,1.939796963026584,3.1483768228743547,7.495269641703534,2.0222925389645248,5.576432742726567e-05,3.457780391658005e-05,0.0309541745837077,0.0824598249989542,5.762287401012145e-05,0.2187171727418899,1.8800551891326904,15,1.6888959849763184e-06,-2.6266463091164786e-07,1.185643094219482e-07,2099.503699491522,4.21424540481243,3.014017932230717,0.3457602710981799,1.0,0.026113643263989,470463317.1772316,2.704527981371271e-06,1.314038645032784,2.981323134907475,0.0095663265306122,0.0002052396292082,0.004976064499874,0.5946122660605951,0.0009375027327899,-0.0001458046314454,0.0365336662577393,847532.0414468524,0.001501277996018,0.0095663265306122,0.1139281018506118,0.7711637616157532,0.0001307165221078,3.731886386871338,2.7836034297943115,9,0.848250687122345,-1.013831615447998,0.1569364666938781,0.0,0.0,231.40927519748715
32,location_237,6.823140805701522,0.0043953354470431,11.613749504089355,1.4268230188463349e-06,0.9204357266426086,0.0812653888815961,1.4027473135351496,1.402747312993339,1.9059287991066327,1.8322252667727004,4.490100594547592,1.9216069261125608,2.1494807810995557e-05,2.127380560779102e-05,0.0305637834528208,0.0562117006618119,2.9889448342146352e-05,0.1742265522480011,1.8317660093307493,23,5.847929696415092e-07,-1.830590583648237e-07,5.19320030187851e-08,2116.164769240411,3.8631396503687783,2.7639087273523666,0.3582984538155442,40.22222222222222,0.0427835453227887,846126862.3909286,1.0724156509965816e-06,0.7483966191819778,2.3006769480310623,0.0109574000878348,0.0001776580096043,0.0055927164622816,0.6930254617946019,0.0008315524809485,-0.0002603027819314,0.1050050379287807,595042.4576835535,0.0015249326820361,0.0109574000878348,0.2526226724149017,0.4385727643966675,0.0018000814598053,2.599078893661499,2.5401625633239746,9,0.1887732297182083,-3.2744011878967285,1.4867092370986938,0.2409638554216867,0.0772200748324394,231.40927519748715
33,location_240,6.485995913535137,0.015507411211729,14.992934226989746,3.7248478292895015e-06,0.9535661339759828,0.1765851019932223,1.9057497861953352,1.9057497861427588,2.4372866703255167,4.0078756384456415,14.50687733340325,2.669511581795606,8.380738783309027e-05,7.06392127103328e-05,0.0360412628070567,0.0682960537468525,6.67483764118515e-05,0.2220643460750579,1.8981627225875852,19,2.267519428566757e-06,-9.14631664973967e-08,2.993856769338465e-07,2186.974451513077,3.603347792918105,2.961931525419983,0.3281515056174934,20.666666666666668,0.0690638609679401,284446003.4075456,5.192199948778773e-06,1.0351436739131472,2.802912309457868,0.0095686864014801,0.0003676866240901,0.004960708344278,0.5662848846245805,0.0009751829023653,-3.933521319933215e-05,0.0553733962516068,661400.871019955,0.0022329884786491,0.0095686864014801,0.1581295009915307,0.6716457009315491,0.0006485020276159,3.74328088760376,2.7893943786621094,9,0.3318057656288147,-2.9071133136749268,1.313696265220642,0.0,0.0,231.40927519748715
34,location_241,6.927050747375712,0.0391889028251171,32.848392486572266,8.55002690514084e-06,1.2592583894729614,0.0527622218310509,1.3014129535555066,1.301412953532637,1.6422742506884196,1.9756168760393824,5.17839420597181,3.802374600262462,0.0002236018811885,0.0001380939422546,0.0127676517694692,0.1157511157893753,0.0002796881599351,0.2094167321920395,1.6649277210235596,15,1.503588702496376e-05,-1.887730316097623e-06,5.5375096596824345e-06,1644.2523094573644,4.692025180558761,2.9645206096045777,0.2264549995800815,28.64,0.0427639971051895,44186391.888002805,2.8109149147781055e-05,0.6835190435917197,2.455961061208798,0.0096823928461301,0.0018061885829423,0.0052376230375551,0.536279885532155,0.0008585956922654,-0.000107795236057,0.0180565091043164,773800.2907857065,0.0016051194238348,0.0096823928461301,0.1031389577857598,1.0407859086990356,5.000882811145857e-05,3.376417398452759,2.512068748474121,9,0.311744213104248,-2.9212379455566406,1.2678251266479492,0.2121212121212121,0.0799999982118606,231.40927519748715
35,location_245,6.898827642313777,0.0016596296336501,6.9710373878479,0.0,1.085523247718811,0.052662417296358,0.8544330596454194,0.8544330586024309,1.2330037813621864,1.5593688864059785,3.3789504738077474,1.9767570540799435,1.4682401511922905e-05,5.658526391894014e-06,0.0167141313260981,0.0237677665613857,2.6470965167391117e-05,0.2151263803243637,1.728515386581421,16,8.575751883621311e-07,-1.4738288893322292e-07,3.409935408352846e-08,2054.075953046136,4.073362188330309,2.909718900137573,0.2705417566426482,104.66666666666669,0.0403805211406144,741228172.761631,1.3590581392946285e-06,0.6177819815540077,2.363845115922472,0.0072560129509713,0.0001487039215455,0.003983715047206,0.5962487597299785,0.0009762931735895,-0.0001677857826723,0.0441938916915649,651094.2622623355,0.001547198681221,0.0072560129509713,0.1692896736465096,0.5674762725830078,0.0007696825196035,2.800140142440796,2.581074476242065,9,0.8100060820579529,-1.1315737962722778,1.9093059301376345,0.9326923076923076,0.2412935346364975,231.40927519748715
36,location_263,6.4030767733733365,0.0037286742590367,10.266403198242188,4.4730776949108986e-07,0.8236881494522095,0.12574676227592,1.1708232318275378,1.1708232317356166,1.6601338167018438,1.9389197799610047,5.80513833425091,1.5150861799416286,2.3485127736921907e-05,1.593346682432495e-05,0.0244520075953643,0.0438707861721406,3.797180033870973e-05,0.2316440790891647,1.82618510723114,19,4.6307260070082e-07,-8.732960224064939e-08,5.8285041836943956e-08,2178.712201653253,3.518646973418151,2.9046546998343774,0.2765331995608316,10.888888888888888,0.0368095506385691,857879781.1640282,1.732949066136244e-06,1.312753020446604,2.870707775609254,0.0099187994655154,0.0001629418406923,0.0050936632747456,0.613283813440123,0.0004821663167684,-9.093043526608627e-05,0.0631906282276766,823907.8718726143,0.001804403152959,0.0099187994655154,0.1696603658098635,0.7774659395217896,0.0004194644861854,3.2522459030151367,2.743739366531372,9,0.4840635955333709,-2.420050859451294,1.5087430477142334,0.8809523809523809,0.1561181396245956,231.40927519748715
37,location_268,6.445251307759493,0.0034362201113253,7.290934085845947,0.0,0.975640058517456,0.1079845492461311,1.6892869050909392,1.689286904163208,2.4447695488923347,3.099342029292098,16.236610526159204,10.733343928400105,2.6990417145711376e-05,2.07390875797131e-05,0.0232910763743107,0.044004008408975,3.160109554301016e-05,0.2450466305017471,1.7395371198654177,17,1.1983407894906897e-06,-4.4249039276664304e-08,6.391046519587495e-08,2213.6345867867835,3.8523649063053127,3.1415345806955126,0.3286251480984516,16.666666666666668,0.0526133234356607,529626659.1197361,2.479731679292908e-06,1.287760873161958,2.9881706993105563,0.0112284913965586,0.000149895275075,0.0055228758169934,0.5100790307626595,0.0010341633382662,-3.818672502888063e-05,0.0475980961299411,613706.9471670244,0.0021399985927878,0.0112284913965586,0.1293590292235335,0.6593043804168701,0.0004669859772548,2.843017578125,2.796541452407837,9,0.5535344481468201,-2.176625490188598,1.3429546356201172,0.975609756097561,0.4938271641731262,231.40927519748715
38,location_270,6.784927763750274,0.0076348995789885,17.128503799438477,3.102475659488846e-06,0.9075797200202942,0.0416604670571504,1.2071926924172434,1.2071926913339492,1.6329110962213866,3.3862892280187227,7.333799170665022,1.5456901588822194,3.53477057197793e-05,3.387262639709121e-05,0.0207710646354338,0.0759913991613093,9.994571882998572e-05,0.1423430889844894,1.8400708436965945,15,1.0816166154532757e-06,-9.550494967829789e-08,2.3319194992575914e-07,1904.3819417861048,3.6923950398228143,2.5834476351004194,0.2860427655952373,14.22222222222222,0.0128590985455127,356716413.63370955,2.113332672957441e-06,0.7210673205743149,2.191062376401225,0.011049257759784,0.0004027627135291,0.0055927164622816,0.7271515852823558,0.0006356145880953,-5.6123677810918223e-05,0.0805294170070195,607019.4337310779,0.0012419049635914,0.011049257759784,0.2366844676918463,0.4517941176891327,0.0003100936010014,2.5617215633392334,2.290720224380493,9,0.1909588277339935,-3.181694507598877,2.0699148178100586,0.3732651570489408,0.1009722203016281,231.40927519748715
39,location_280,6.75327581233876,0.0009798206156119,19.003061294555664,2.554109883590172e-07,1.0999358892440796,0.2732777225189907,2.587253517802984,2.5872535175050526,3.250701821517469,7.308510247398174,58.32150918789371,3.0847313118307245,5.16886213586254e-06,4.5253523681676455e-06,0.0418559276607574,0.0877665038102188,3.408114707781351e-06,0.2856781184673309,1.8183406591415403,15,1.5747573396162545e-07,-8.920411668742e-09,5.612412400134926e-10,2425.129160134461,3.347431705020901,3.046056104947745,0.3514701921168128,20.222222222222225,0.0603918235281689,4011313118.793215,2.60210016012868e-07,0.9771101912463422,2.9333747177680314,0.0116930171277997,1.3692730002000975e-05,0.0054731117475194,0.494095355959238,0.0012752693713454,-7.223919374211196e-05,0.0368066371222715,495334.1636585365,0.0021072316977222,0.0116930171277997,0.1108864108497394,0.6786539554595947,0.0002608185750432,4.211482048034668,2.8842177391052246,9,0.3154913187026977,-2.998677492141724,0.997586727142334,0.4666666666666667,0.3181818127632141,231.40927519748715
40,location_282,6.898455927516192,0.0002608590875752,18.59688377380371,8.00029695824378e-08,1.1857424974441528,0.1325612227229198,1.640109026537061,1.6401090256587818,2.1712458586761367,2.750919206141503,11.552746994069642,2.175015637882533,1.4112520626552438e-06,1.180959462554476e-06,0.0326913022455873,0.0841924265256291,6.729419510520529e-07,0.2235497534275055,1.8795312643051147,19,4.110717736481008e-08,-1.8360438210279651e-09,5.206044263411085e-11,1872.7196683272064,3.856346297857311,3.103725132649793,0.3241431373567605,16.0,0.0584076770176199,17356670164.43866,8.678869021690269e-08,0.9954102253028072,2.8604307171598355,0.0078316326530612,4.263733896173923e-06,0.0042577030812324,0.5090554911024833,0.0009522482627702,-4.253195930457041e-05,0.0279365589656778,749262.3058618102,0.0020104610341201,0.0078316326530612,0.098769446362279,0.555342435836792,0.00026927064755,4.049719333648682,2.761305809020996,9,0.3063179552555084,-3.0935516357421875,1.1136795282363892,0.0,0.0,231.40927519748715
41,location_287,7.000375463673378,0.0064124097116291,23.16370964050293,4.080360554326035e-06,0.9574143886566162,0.0930370565942318,1.5366059760375246,1.5366059757437585,1.8608662573060248,2.39974547872973,5.7048364937071545,2.279846545556272,2.859492270257391e-05,2.5803527434753448e-05,0.0190791183590009,0.0932107852708812,2.4491380827385e-05,0.2094441056251526,1.767787218093872,15,6.262004425475638e-07,-4.95552143789337e-07,5.2108252383243716e-08,1644.3315865087689,4.487211584092244,2.955910329265558,0.2566119626967196,50.1875,0.0449374682663555,567959207.1980692,3.200123630132338e-06,0.7886701023825352,2.587610294422725,0.0078630897317298,0.0001611514981509,0.0045188640946632,0.5525362299308875,0.0004178280795774,-0.0003306538678033,0.0231993060441043,851202.5117358174,0.0021352611911458,0.0078630897317298,0.1075272626051228,0.6968478560447693,0.0001459405320929,3.8977649211883545,2.559369802474976,9,0.2268618792295456,-3.1795332431793213,1.9158110618591309,0.0320733104238258,0.0068480013869702,231.40927519748715
42,location_288,6.941406688913391,0.0016331782098859,16.273096084594727,3.59734301014214e-07,0.9890257716178894,0.1561075643580395,0.9873641876961352,0.987364184957343,1.3607403595473604,1.9528834108333624,3.331298801571423,1.2673424685224637,8.044064315981814e-06,7.238734627712517e-06,0.0327879982224822,0.0721272195984883,4.5721271817456e-06,0.2146271020174026,1.878806471824646,19,2.404497785065347e-07,-4.9324045696620896e-08,2.1156474347980543e-09,1911.3615137560116,3.588434684617896,2.9807631557459437,0.3093126459648442,4.0,0.0666696724877191,2069004027.551521,4.676438132369267e-07,1.145040707073606,2.854657219914087,0.0123829658713379,2.718678619694399e-05,0.0061128526645768,0.5565927046162392,0.0009800917833518,-0.0002010486256717,0.0351502187228711,507596.90761630016,0.0019061521385317,0.0123829658713379,0.1108154311327846,0.5373968482017517,0.0005708582466468,3.5307364463806152,2.701393842697144,9,0.284302145242691,-3.1281368732452397,2.2029836177825928,0.5142453496585825,0.0509678982198238,231.40927519748715
43,location_289,6.61684773973084,0.0074542802758514,13.866761207580566,1.7791004438549862e-06,1.279334306716919,0.0576081107599734,1.6932020408632713,1.6932020400251122,2.213369172993015,4.559046218362311,12.98450496428609,2.194586697742035,3.460589870549202e-05,3.447911453793861e-05,0.0283550179179447,0.0641393125358783,5.935524313827045e-05,0.1487170308828354,1.8675620555877688,19,1.3086003655870118e-06,-5.933017927770727e-08,1.513675850631382e-07,1893.4137351038237,3.655438386596504,2.730136659246764,0.3289055775453499,12.666666666666666,0.0199901028612938,359814144.8944469,2.2957111614551955e-06,0.7200440784073315,2.157682630825021,0.0099738675958188,0.0003332682868974,0.0052470737473332,0.6807084772430053,0.0010723026799294,-4.861679154125357e-05,0.1016374138502114,439104.4811770709,0.0018811681171358,0.0099738675958188,0.2730890902853873,0.4199872612953186,0.0011277818121016,2.5800793170928955,2.352660655975342,9,0.1967736482620239,-3.12815260887146,1.8799482583999636,0.1057971014492753,0.0571235865354537,231.40927519748715
44,location_301,6.714336231992672,0.0142653426155447,19.82955551147461,4.6176855903468095e-06,1.0447050333023071,0.1117212428256021,1.6938906990046452,1.693890698633549,2.178548407755335,4.359564307499974,11.149655648266585,2.2070042746548637,6.90577764839162e-05,6.743459269920038e-05,0.0341670164562496,0.0937371204464793,4.8886613512877375e-05,0.1895801126956939,1.852534532546997,15,1.945825859338079e-06,-3.442550123642692e-07,1.869286781143839e-07,2053.6689622239664,4.2408574688621625,2.9831422492271344,0.3508738441534121,18.0,0.0367195545426911,245626394.49315432,5.190930768390679e-06,0.914662282935895,2.637767608942559,0.0104768616396523,0.0003252854675523,0.005269803296119,0.5800299029155775,0.0009627706339695,-0.0001703331614356,0.0457629154496724,496427.8756849558,0.0025684085519363,0.0104768616396523,0.1609472420694623,0.5002648830413818,0.0003708928416017,3.374565362930298,2.60610294342041,9,0.2154049724340438,-3.1506049633026123,2.0392990112304688,0.0799065420560747,0.0226572547107934,231.40927519748715
45,location_302,6.975123684320083,0.0067132413387298,25.0596981048584,4.296650899959786e-06,1.1047040224075315,0.0595186577719703,1.5796720638290858,1.5796720636829775,1.8937943131087505,2.238801836493722,5.42749078355052,2.464958354499493,3.435773649940188e-05,2.852095392924525e-05,0.0157006235847063,0.1064657614411977,4.413870192365721e-05,0.199048563838005,1.7151333093643188,15,1.912971083527714e-06,-4.049133937661755e-07,1.1759168271202097e-07,1914.879727856956,4.827762588242744,2.9788618260294304,0.2463596080344722,5.1875,0.0387682293578188,298357486.68602467,3.3856306592260017e-06,0.6960823237687094,2.4592978475186915,0.0085414739438791,0.0002664157090761,0.0046160962072155,0.5534074509386092,0.0008742133756315,-0.0001850423610995,0.0245580946617295,652871.7939914322,0.0015472076747309,0.0085414739438791,0.1217499695790156,0.7468355894088745,7.763414760120213e-05,3.275884866714477,2.5003132820129395,9,0.2163240164518356,-3.2818679809570312,1.3041867017745972,0.3846153846153846,0.1829268336296081,231.40927519748715
46,location_311,6.757661395017505,0.008371296338737,15.918574333190918,3.037065084754431e-06,0.9645256996154784,0.0563736938447852,1.2237755006806423,1.2237754996462429,1.6242409085627123,3.321333767168664,8.174459517458194,1.6980447959107103,3.833591736274178e-05,3.760762957988328e-05,0.0241282281931437,0.0715132818570131,7.5730167736765e-05,0.1649180948734283,1.8584208488464355,5,1.1917306139523422e-06,-1.4111843918950232e-07,1.851054623406777e-07,1787.5075917524591,3.8755961811536808,2.69596203917489,0.33100852395752,28.25,0.0182892964143578,374473562.2125571,2.374662821108342e-06,0.8020954093719239,2.2968841168193666,0.0122967479674796,0.0003518874106661,0.0062861890349873,0.692591996016277,0.0007501073237024,-8.882378122771417e-05,0.0733347581960001,594943.6676874056,0.0014946767084114,0.0122967479674796,0.2214874102360856,0.4661744236946106,0.0004556647327262,2.718453884124756,2.436577081680298,9,0.158761128783226,-3.271971702575684,2.0357608795166016,0.1871428571428571,0.0651884749531745,231.40927519748715
47,location_315,6.838219753199758,0.003442654851824,21.84166717529297,9.209646094632262e-07,1.045862317085266,0.2112598461555662,1.7887426606084844,1.7887426604366756,2.215957160712027,2.778662342785946,8.472314247282823,2.144599437406,1.6562164947497848e-05,1.632413021157575e-05,0.0421915199474074,0.1035669857162385,6.623864010180114e-06,0.2115720212459564,1.9052743911743164,19,4.4038663836969163e-07,-3.4355050590986794e-08,6.015045305037165e-09,2108.0850180582256,3.7627605533144566,3.0396116589303315,0.317618816554786,62.0,0.100422435448246,1155708650.0364478,8.532899202158789e-07,0.9081034127383476,2.872484172079259,0.0091378905332393,4.331760733978666e-05,0.0047389479207661,0.5209228168339635,0.00112188643035,-8.75195975943194e-05,0.0390362777116893,453663.2646986423,0.0021737588807644,0.0091378905332393,0.110351745323452,0.5962838530540466,0.0003860193537548,4.140135288238525,2.741384506225586,9,0.2049285322427749,-3.3277595043182373,1.5353026390075684,0.1274509803921568,0.1171171143651008,231.40927519748715
