Unnamed: 0,domain,middle_layer_entropy,weighted_shortcut_score,shortcut_drift,shortcut_reliance,early_to_deep_edge_importance,path_depth_entropy,deep_shallow_ratio,logit_contribution_diff_deep_vs_shallow,logit_contribution_ratio_deep_vs_shallow,logit_contribution_ratio_deep_vs_shallow_1,logit_contribution_ratio_deep_vs_shallow_2,logit_contribution_ratio_deep_vs_shallow_4,logit_contribution_ratio_deep_vs_shallow_5,logit_contribution_ratio_deep_vs_shallow_signed,deep_logit_contribution,deep_logit_contribution_signed,deep_logit_contribution_normed,deep_logit_contribution_signed_normed,largest_edge_score,middle_layer_score_ratio,std_entropy_across_layers,logit_contribution_peak_layer,algebraic_connectivity,spectral_gap,graph_energy,laplacian_energy,normed_laplacian_energy,laplacian_spectral_entropy,modularity,community_size_variance,avg_clustering,kirchhoff_index,avg_path_length,effective_path_depth,node_importance_entropy,avg_betweenness,spectral_radius,avg_edge_flow_centrality,edge_score_gini,normed_algebraic_connectivity,normed_spectral_gap,normed_graph_energy,normed_kirchhoff_index,normed_avg_path_length,normed_avg_betweenness,normed_spectral_radius,attention_mlp_ratio,layerwise_score_variance,weighted_path_depth,layerwise_score_entropy,tail_shortcut_mass,tail_pos,tail_neg,backbone_chain_mass,inflow_from_10,inflow_from_11,inflow_from_5,inflow_from_6,inflow_from_8,inflow_from_9,mass_pos_frac,mass_neg_frac,signed_algebraic_connectivity,signed_spectral_radius,frustration_mass_frac,avg_clustering_pos,avg_clustering_neg,modularity_pos,modularity_neg,avg_path_length_abs,node_importance_entropy_pos,node_importance_entropy_neg,edge_score_gini_abs,normed_mass_pos_frac,normed_mass_neg_frac,normed_signed_algebraic_connectivity,normed_signed_spectral_radius,normed_frustration_mass_frac,normed_avg_clustering_pos,normed_avg_clustering_neg,normed_modularity_pos,normed_modularity_neg,normed_avg_path_length_abs,normed_node_importance_entropy_pos,normed_node_importance_entropy_neg,normed_edge_score_gini_abs,pos_low_layer_nodes,pos_low_layer_edges,pos_low_layer_density,pos_low_layer_gcc_frac,pos_low_layer_lambda2_norm,pos_low_layer_aspl_abs,pos_low_layer_res_connectivity,pos_low_layer_volume,pos_high_layer_nodes,pos_high_layer_edges,pos_high_layer_density,pos_high_layer_gcc_frac,pos_high_layer_lambda2_norm,pos_high_layer_aspl_abs,pos_high_layer_res_connectivity,pos_high_layer_volume,pos_between_cut_weight,pos_between_cut_weight_frac_of_sign,pos_between_conductance_sym,neg_low_layer_nodes,neg_low_layer_edges,neg_low_layer_density,neg_low_layer_gcc_frac,neg_low_layer_lambda2_norm,neg_low_layer_aspl_abs,neg_low_layer_res_connectivity,neg_low_layer_volume,neg_high_layer_nodes,neg_high_layer_edges,neg_high_layer_density,neg_high_layer_gcc_frac,neg_high_layer_lambda2_norm,neg_high_layer_aspl_abs,neg_high_layer_res_connectivity,neg_high_layer_volume,neg_between_cut_weight,neg_between_cut_weight_frac_of_sign,neg_between_conductance_sym,between_net_cut_sign,L_p,L1,L2,Linf,L0,srcc,pearson,cosine,residual_norm_L2,residual_norm_Linf,kendall_tau_c,kendall_tau_b,abs_srcc,abs_pearson,abs_cosine,abs_residual_norm_L2,abs_residual_norm_Linf,abs_kendall_tau_c,abs_kendall_tau_b,weighted_jaccard,binary_jaccard,spec_L2,spec_Linf,degree_dist_L1,mcs_approx,laplacian_spectral_dist,netlsd_dist,motif_counts_dist,degree_distribution_dist,ged_approx,trim_srcc_w,trim_srcc,trim_tau_b,trim_rbo,trim_sign_agree_w,inflow_from_0,inflow_from_1,inflow_from_3,inflow_from_4,inflow_from_7,inflow_from_2,model_id,AC,ANE,ATC,EMD,acc,alphaReQ,f1,l2,ood,rankme,edge_start_ratio_deep_vs_shallow,path_redundancy
0,photo-train,7.714602903141568,0.0057279570028185,3.729224678602544,3.729224678602544,4.086235549038975e-05,1.2750728130340576,1.2188455340287807,0.0010903886591402,46.5161391513485,113.70108908277189,84.21181358759951,47.42247265263299,20.517763016078163,179.27115789929772,0.0011360573270486,0.0011061018231224,0.0932470708934626,0.5433565089814876,0.0002196913847001,0.1900449693202972,1.813664436340332,22,5.060725837291879e-06,-9.717593901907917e-08,2.32441959568078e-06,6243.082224330188,7.120096419669184,3.58541905541649,0.3985635174137333,298.6666666666667,0.0143286462849906,632501890.4294851,7.464646175972127e-06,1.5798911853347195,3.707042300871544,0.0056163851679285,0.0012273307978693,0.0022374417892917,0.5555556686268056,0.0004153823403983,-7.976163726016177e-06,0.0156597551137618,7705957.458003197,0.0006126951570272,0.0056163851679285,0.1007388179727672,0.4212097525596618,1.8902337473036823e-08,3.729224920272827,3.062612295150757,0.6154724955558777,1.0,0.0,0.2284720487037246,0.2273119734665704,0.7097464527192615,0.0038999907355552,0.004336660651663,0.0099031390910728,0.0448017833358769,0.9999999996778506,0.0,5.076745089894962e-06,0.0012275790667484,0.09451627656603,0.0148597928533214,0.0,0.3990644207007455,0.0,380627.2641862914,3.676479448481588,0.0,0.557990263406152,0.999999999999,0.0,0.0016354704381123,0.3954638727299617,0.0945162765963839,0.0148597928533214,0.0,0.3990644207007454,0.0,1181.5240126065476,3.676479448481587,0.0,0.5579902634063766,51,136,0.1066666666666666,1.0,0.4176414036420628,1377.216240077479,6.123013516173988e-05,0.4864734674136292,51,168,0.1317647058823529,1.0,0.3094212688637386,907.9690390191064,9.461750539841308e-05,1.3017444807027707,0.1058910259418,0.0559054560176252,0.2176707118371268,0,0,0.0,0.0,0.0,,0.0,0.0,0,0,0.0,0.0,0.0,,0.0,0.0,0.0,0.0,0.0,1.0,0.0002695191942621,0.0031041493639349,0.0003733914054464,0.0002196913847001,426,0.0770452323419499,0.5413156668843145,0.541476295001501,0.001544578296019,0.0010369952988185,0.0560187107073616,0.0560187109724587,0.5220596164032307,0.6743707580048071,0.6809629366442974,0.0014825191705284,0.0010369952988185,0.3663141247189044,0.3663141285329165,0.1616071249399125,0.1997063142437591,0.2441832451019413,0.1455755244710894,1.272257619597371,,0.6097364084922228,0.0516180447805646,0.0210023874880835,0.0650944554904119,,0.4862989316269125,0.2340656975936121,0.1641406633290305,26.1168087748235,0.9999999999568226,,,,,,,0.0,0.5119217038154602,-1.3524099588394165,40.92606422703511,1.9913134574890137,0.5339805825242718,0.7795690151748643,0.49981489777565,322.44194233989174,,229.14987182617188,,
1,photo-val,7.583197973610764,0.0069478726945817,4.261194195240644,4.261194195240644,0.0001208811754622,1.3922123908996582,0.8035980712121616,0.0011689628063283,28.67629017437936,125.35803866157596,57.2376121308066,29.22568236263218,14.837626007257,105.39879719895646,0.0012344044681276,0.0011902643138137,0.0700705925213079,0.4605211299783777,0.0002188081707572,0.1964333951473236,1.813109993934632,22,6.4155708063539024e-06,-7.973430349093204e-07,2.9745706508786763e-06,5772.974651683291,6.710209384410948,3.701141099352256,0.4164285960136031,420.25,0.0194044146588801,412655022.9112436,1.2011362213705126e-05,1.3934116558111125,3.764266644062218,0.0059239565866959,0.0013021124526177,0.0024295432458697,0.4894306846182797,0.0003641769714196,-4.526081772791808e-05,0.0095847025381821,7269590.670076255,0.0006818195362462,0.0059239565866959,0.0739138230292049,0.3255235850811004,2.158641621008428e-08,4.261194229125977,3.044851303100586,0.6574579477310181,1.0,0.0,0.2254483117071476,0.2197492489160023,0.7226486164016097,,,0.0087338623380131,0.0488682723443748,0.99999999974619,0.0,6.447205824761724e-06,0.0013022565156699,0.0966798404011392,0.0201301344820282,0.0,0.4198083643797022,0.0,253851.02541696493,3.719204301616775,0.0,0.4907969424311976,0.999999999999,0.0,0.0016363642264061,0.3305255072922068,0.0966798404255808,0.0201301344820282,0.0,0.4198083643797025,0.0,1000.162300837149,3.719204301616774,0.0,0.4907969424313617,48,131,0.1161347517730496,1.0,0.3528459300106972,1182.9255977201087,7.150047604255014e-05,0.5519246136225001,51,146,0.1145098039215686,1.0,0.265447438758204,881.5592649967095,8.163280621204228e-05,1.1433550087684563,0.1523601888045217,0.0824620620758004,0.2760525351542511,0,0,0.0,0.0,0.0,,0.0,0.0,0,0,0.0,0.0,0.0,,0.0,0.0,0.0,0.0,0.0,1.0,0.000283171335468,0.0039399578236043,0.000406676903367,0.0002188081707572,404,0.0527642408767188,0.5339807686328043,0.5341443991174223,0.0015272834227615,0.0010121163868461,0.03733885522446,0.0373388553304164,0.5232184280165197,0.691559638795761,0.697475558950191,0.0014411577029098,0.0010121163868461,0.3672043094517773,0.3672043125793531,0.1904148420870688,0.2082066869300911,0.1113782810246373,0.0565375043543666,1.1911686184823114,,0.1974798059231186,0.0246496350260061,0.0602334379790003,0.0757839456367662,,0.4208371111303382,0.1209148300212945,0.0869609695783825,27.83358049450963,0.9999999999589212,,,,,,,0.0,0.5141902565956116,-1.346685767173767,40.85365853658536,1.653610110282898,0.5365853658536586,0.7568386842875157,0.5112013816833496,322.44194233989174,,98.57196807861328,,
2,photo-test,7.641680855870466,0.0083359442651271,4.2507130489268965,4.2507130489268965,3.714382955877227e-05,1.344173789024353,0.7922495534741684,0.0012817325825018,34.18257349844767,94.76475799941774,62.52235463250052,34.85028734416854,18.24107988805688,123.7354538338236,0.0013461508703755,0.0012924409006416,0.0778492835409921,0.475350327224903,0.0002466207079123,0.1996631622314453,1.7987734079360962,22,6.426803007655489e-06,-1.8246640206802943e-06,3.61836408635667e-06,6432.887901528428,6.247909693062589,3.6599732477307647,0.4352061772446966,34.88888888888889,0.0182603547038464,361345564.0624901,1.1185977465677482e-05,1.6833092926370177,3.663897063535265,0.0061671575846833,0.0014298412609911,0.0023832223689028,0.5154156617094343,0.0003716696910587,-0.0001055224973545,0.0121014266844493,6248281.265876044,0.0006468984284942,0.0061671575846833,0.082689426343619,0.4064186811447143,2.517066199914097e-08,4.250713348388672,3.042099952697754,0.6413647532463074,1.0,0.0,0.205903467350779,0.2162518341708627,0.7120194963814526,0.0025592485785338,0.0068609209622567,0.0107286662731292,0.0436431757067396,0.9999999997632149,0.0,6.4348008475222526e-06,0.0014301087757992,0.1958113107027125,0.0188519621565836,0.0,0.4369422044910946,0.0,245293.7244407925,3.623506583177457,0.0,0.5186681097574812,0.999999999999,0.0,0.0015236645836674,0.3386283653699047,0.1958113107488819,0.0188519621565836,0.0,0.4369422044910948,0.0,1035.9342094335573,3.623506583177457,0.0,0.5186681097576353,52,163,0.1229260935143288,1.0,0.3854972608279059,1069.369602363499,8.665689840094223e-05,0.6828162382797621,46,138,0.1333333333333333,1.0,0.2783439249823836,909.1374030134508,0.000100883048602,1.0664714275018854,0.125356167109176,0.0668693246737267,0.1835869741835508,0,0,0.0,0.0,0.0,,0.0,0.0,0,0,0.0,0.0,0.0,,0.0,0.0,0.0,0.0,0.0,1.0,0.0003168349503539,0.0042232396081089,0.0004572984762489,0.0002466207079123,423,0.0488826639124415,0.4254841090281334,0.4257127297755923,0.0015754170507662,0.0011281380066066,0.0356561144327985,0.0356561146690878,0.5324354563274444,0.7416775855282458,0.7465277332997828,0.0013914680741793,0.0009720900925458,0.374492743133015,0.3744927477416952,0.1915921287979026,0.191800878477306,0.1470895870200601,0.1388683639861546,1.2242479377260311,,0.2632260309024664,0.0386178103156564,0.0498966545736976,0.063080889436247,,0.3638744709635854,0.0764047465426287,0.0565767760986625,28.220145404778783,0.999999999958784,0.0024670841165994,0.0029169106524607,0.0025526631579651,,,,0.0,0.5196356773376465,-1.3326280117034912,42.51497005988024,1.6561341285705566,0.562874251497006,0.724436796809408,0.5296294093132019,322.44194233989174,,97.75558471679688,,
3,cartoon-train,7.645648001010187,0.0104543436318635,6.492788011028736,6.492788011028736,0.0004880873616457,1.267270565032959,0.3182460229876326,0.0011045597453627,15.927021972211076,47.32688233930162,30.635202808822715,16.386801084672197,9.906917982655704,54.04178174953897,0.0012125801598301,0.0011841342167429,0.0444827394604317,0.5622463895422314,0.0002103743172483,0.2088650017976761,1.8210408687591555,22,4.416658213659791e-06,-1.5152242475155838e-06,5.001045644619228e-06,4620.041077669214,5.120347899840885,3.5390610586990774,0.3581240984884521,18.666666666666668,0.0385166562312108,265431412.9241585,1.6903136177390186e-05,1.5245644894791923,3.347695594815817,0.0059892762237212,0.0012766383074336,0.0025621955363745,0.5033027183419567,0.0001620219893381,-5.558493052153297e-05,0.0067300945410581,7235559.940328257,0.0006200796293053,0.0059892762237212,0.0468325757181694,0.8160228133201599,2.9942704315999435e-08,6.492787837982178,2.9334607124328613,0.7105751633644104,1.0,0.0,0.1551531766254804,0.2374618699275138,0.6910073346990323,0.0069745390471775,,0.013616101762109,0.0449821309930495,0.999999999806087,0.0,4.418783189472147e-06,0.0012779543365691,0.0008533992983928,0.0406169514197837,0.0,0.3668522501940301,0.0,155515.43685836284,3.283021085131844,0.0,0.5004207450316172,0.999999999999,0.0,0.0008568590060468,0.2478118150749861,0.0008533992985574,0.0406169514197837,0.0,0.3668522501940302,0.0,801.9860831754911,3.283021085131844,0.0,0.5004207450317695,45,103,0.104040404040404,1.0,0.4007450566666489,1076.8388493319417,6.992248867102334e-05,0.6349872635473814,42,103,0.1196283391405342,1.0,0.2782138455003967,867.7346475197213,9.32453530331584e-05,0.8089017029214207,0.2780555167655987,0.1614776315223097,0.4378914865350693,0,0,0.0,0.0,0.0,,0.0,0.0,0,0,0.0,0.0,0.0,,0.0,0.0,0.0,0.0,0.0,1.0,0.0003076180000789,0.0051569547504186,0.0005009347805753,0.0002103743172483,348,0.1078193634252626,0.3425113646123429,0.3426992207025789,0.0016175159684026,0.0011121487987111,0.0813860577921277,0.0813860582543676,0.5380324812766586,0.629820261960315,0.6373310134304786,0.0014033047496565,0.0009880793004413,0.3797225817541908,0.379722584988388,0.1748719840159056,0.1601255886970172,0.1215613218741547,0.0749270593595209,1.2859358704242634,,0.6063337626924772,0.0452732571837895,0.0982939359499526,0.0896657585245645,,0.2787564050025815,-0.0188687749490201,-0.0160925287005373,22.699425735173666,0.9999999999633667,0.0059580235711177,,,,,,0.0,0.5083643198013306,-1.3546987771987915,44.7872340425532,2.0362648963928223,0.6335106382978724,0.7447806429610113,0.5607878565788269,322.44194233989174,,177.612548828125,,
4,cartoon-val,7.660635113718319,0.0127820651978254,6.516680978143729,6.516680978143729,0.0004664832513299,1.2970938682556152,0.2405465061275051,0.0011834003332682,14.58194457639697,43.519308767690895,29.56062229504031,15.013761622090428,9.185069989262944,45.2258515640515,0.0013081552341986,0.0012790257233632,0.039379068485118,0.4736819411567447,0.0003039837174583,0.2046595215797424,1.8194934129714968,22,6.736985381693696e-06,-5.024476238256892e-06,8.76953403531406e-06,5035.386981362968,5.174481749766331,3.5851822769970667,0.3503092050733175,124.22222222222224,0.033692491600798,222199113.58069345,2.1430173383077697e-05,1.231867248982646,3.2633627050992784,0.0059831100235743,0.0018496948404543,0.0025152564736928,0.5009508522385899,0.0002028019631661,-0.0001512506792697,0.0079467512179014,7381349.534751841,0.0006451077126225,0.0059831100235743,0.0556809497016179,0.7967739105224609,3.1416512058513035e-08,6.516681671142578,2.9054081439971924,0.7222259640693665,1.0,0.0,0.1422370658328557,0.2623462381453744,0.6701239962579588,0.0133940446494366,,0.0123316272367864,0.0418040937104436,0.999999999851404,0.0,6.739385513423493e-06,0.0020344294185566,0.0009969748189415,0.0355497406083231,0.0,0.358395402894947,0.0,120422.3312738872,3.193510997865742,0.0,0.5043101457610291,0.999999999999,0.0,0.0010014456576672,0.302308052119283,0.0009969748190887,0.0355497406083231,0.0,0.3583954028949468,0.0,810.4009525293753,3.193510997865742,0.0,0.5043101457611373,49,121,0.102891156462585,1.0,0.4670018609969538,953.0835550383586,7.99903937517173e-05,0.7827484600589315,45,110,0.1111111111111111,1.0,0.2555167459567562,956.8778543146636,9.382726454469071e-05,0.7180661877539125,0.249592676093578,0.1425911973086108,0.3475900694813326,0,0,0.0,0.0,0.0,,0.0,0.0,0,0,0.0,0.0,0.0,,0.0,0.0,0.0,0.0,0.0,1.0,0.0004177101072855,0.00672965683043,0.0006615885649807,0.0003039837174583,373,0.1360703015113817,0.3990315792484555,0.3992038628212388,0.0015829893461605,0.0009984411917685,0.1021657404745735,0.102165740764489,0.5454850130738171,0.5654692912234993,0.5753843818386246,0.0014186379096851,0.0009984411917685,0.3856990760017335,0.3856990789214616,0.1970097568544643,0.1771956856702619,0.1972880663474988,0.1737373216197403,1.2878785028820896,,0.6525824139927362,0.0618885682232406,0.2297069440504885,0.0930275355936446,,0.2736581478949451,-0.0159709197031274,-0.0190521164684273,20.661549019268044,0.9999999999658216,,,,,,,0.0,0.52409827709198,-1.32331120967865,48.69565217391305,1.7164479494094849,0.6478260869565218,0.7262687374248625,0.5892211198806763,322.44194233989174,,90.25989532470705,,
5,cartoon-test,7.647613721861575,0.0092532448470592,6.720075599721955,6.720075599721955,0.0005693959606105,1.274967908859253,0.2267320467136278,0.001111477411916,13.698924152647484,39.1665559303337,26.9503063864158,14.123952040275578,8.511217770786695,45.32944778353532,0.0012362034993032,0.0012022017807851,0.034549298807067,0.590358325962739,0.0001984885457204,0.2107586711645126,1.8174068927764893,22,1.3617889337346486e-05,-1.465271853149523e-07,7.484966878876361e-06,4928.216904041745,5.575027977985829,3.604340573084126,0.3393583385542304,64.75,0.0493662453051954,192441588.01045173,2.2527188735743884e-05,1.4072772338935766,3.315766901451578,0.0057101918056974,0.0014479060168323,0.0023919050136278,0.4767822270723424,0.0003805913895126,-4.095124879535444e-06,0.005846395511562,6885726.61505609,0.0006295875817345,0.0057101918056974,0.0404659300723213,1.03204083442688,3.409937576748234e-08,6.720075130462647,2.9039337635040283,0.7232301831245422,1.0,0.0,0.1524191042536009,0.2593539181494055,0.6569223058091014,0.0072765091773654,,0.0163178522921819,0.0482229388035691,0.9999999998475734,0.0,1.3739676390299996e-05,0.00167178148112,0.2929997560971748,0.052353011396236,0.0,0.3372024250750515,0.0,118111.77160308108,3.2339629308770315,0.0,0.4786318252814153,0.999999999999,0.0,0.0020942923098083,0.2548239856698312,0.2929997561415428,0.052353011396236,0.0,0.3372024250750514,0.0,774.8763208034807,3.2339629308770315,0.0,0.4786318252815242,47,115,0.1063829787234042,1.0,0.3290355887091605,970.5459427304088,8.241518961675089e-05,0.759799876844829,43,98,0.1085271317829457,1.0,0.2467956811323676,899.1394931211989,8.95571802720425e-05,0.6759496961999423,0.2821252134776141,0.1642292067448874,0.4173760489333263,0,0,0.0,0.0,0.0,,0.0,0.0,0,0,0.0,0.0,0.0,,0.0,0.0,0.0,0.0,0.0,1.0,0.0003597057657316,0.0065605342388153,0.0006032993551343,0.0001984885457204,364,0.0622896167509795,0.3696023853069657,0.3697367358128608,0.0016103938994926,0.0010291485832567,0.0475359391572422,0.0475359393371656,0.5397906667489379,0.543092094661648,0.5537679023721511,0.0014385591064756,0.0010291485832567,0.3808867424967093,0.3808867453800083,0.1863811121398986,0.17601246105919,0.1475014863778318,0.0720445647540725,1.3017397950266376,,0.4496285277372589,0.0426897649109856,0.1174953986821847,0.0537776874504859,,0.2210917968279491,-0.0713695049103678,-0.0534766420472203,19.53688944145417,0.9999999999671116,0.0067982215716178,,,0.0051082541967587,,,0.0,0.4933625161647796,-1.3768694400787354,42.73504273504273,1.7168859243392944,0.6239316239316239,0.7320829805375023,0.5398983955383301,322.44194233989174,,90.30638122558594,,
6,art_painting-train,7.611293624437875,0.01010896358639,4.883766783314643,4.883766783314643,0.0002082238963794,1.2375500202178955,0.4469805652404984,0.0010329421623467,22.676802518043,43.224391528164574,41.43050783739532,22.86772906951274,11.618862820116131,107.54446798531546,0.0010896925372172,0.0010796134558255,0.061009255944518,0.4597769204174987,0.0001832642301451,0.1895209997892379,1.8200091123580933,22,6.910776619312686e-06,-3.05553981386042e-07,3.82967036067507e-06,5323.878897133187,6.117466714061671,3.5379358954188747,0.4031174456309265,138.6875,0.0348076077462103,444413327.2658605,1.1201111922138692e-05,1.1321695271837766,3.4362776618829267,0.0057964454135293,0.0012057893743586,0.0024274339504563,0.5549500812594956,0.0003869173411526,-1.710720850357848e-05,0.0120045003852554,7937719.124400161,0.0006271226457846,0.0057964454135293,0.0675091748192463,0.6479611396789551,2.182172487152912e-08,4.883767127990723,2.9834978580474854,0.654212474822998,1.0,0.0,0.1687096962484497,0.2649563268723146,0.6701961977085447,,0.0054506672855007,0.0030902387805075,0.0376606156259087,0.9999999997647,0.0,6.950725976516501e-06,0.0012061551700841,0.0117681950375493,0.0360630077920762,0.0,0.405783677015256,0.0,233733.5417223936,3.4035433114243485,0.0,0.5519922761782903,0.999999999999,0.0,0.0016355054415068,0.2838082454464504,0.0117681950403066,0.0360630077920762,0.0,0.4057836770152561,0.0,993.342950015643,3.403543311424349,0.0,0.5519922761784685,49,123,0.1045918367346938,1.0,0.3704243055121857,1143.1473922710516,7.125809720483746e-05,0.7442777060627277,50,136,0.1110204081632653,1.0,0.3085954246444778,967.8469682750664,7.67756594917124e-05,0.9425179833342804,0.1566021553014958,0.0849529881744593,0.2104082307260421,0,0,0.0,0.0,0.0,,0.0,0.0,0,0,0.0,0.0,0.0,,0.0,0.0,0.0,0.0,0.0,1.0,0.0003025798941962,0.0042498945258557,0.0004687212349381,0.0001832642301451,389,0.0475004893377744,0.2597821504115452,0.2600526641011234,0.0016644782544066,0.0011439462541602,0.0355357411110114,0.0355357414474919,0.527608194144726,0.6721245650715539,0.6788555352786331,0.001410397603876,0.0009562818449921,0.3717930481132555,0.3717930537453099,0.1684273521923534,0.1981566820276497,0.1816668523640818,0.1253995081448905,1.3997980921707742,,0.2895707774363067,0.0431016202213654,0.2074798791173834,0.0715046117893907,,0.3905873492413727,0.1694555589744892,0.1221117581457177,24.24757528467031,0.9999999999590976,,,,0.0093832263610099,0.0092627273662136,,0.0,0.4955305755138397,-1.396188735961914,38.44282238442822,2.014557361602783,0.5462287104622872,0.7528625591014695,0.5154700875282288,322.44194233989174,,223.21990966796875,,
7,art_painting-val,7.712314933400456,0.0127526056021451,6.044860788692475,6.044860788692475,0.0002690435821932,1.4045425653457642,0.259055655471464,0.0010801805187545,19.41747842638589,36.59718042420711,33.421111365510335,19.66161079440225,10.487245629284567,75.5911480802165,0.0011531486255615,0.0011301100952469,0.0431523914203501,0.4437049934111502,0.0002053118078038,0.200183093547821,1.8148306608200075,22,9.453945830502578e-06,-5.833687791565594e-07,6.459554658699997e-06,5306.448461527132,5.714566371494036,3.648273599746738,0.3712356290968319,237.5555555555556,0.0407862513607585,361300150.6127254,1.6744888498390856e-05,1.1021114882083078,3.3202375639294743,0.005540293040293,0.0015817366100495,0.0023722072476789,0.4949550429937122,0.0003537778670213,-2.183034974584641e-05,0.0090456064447273,9654962.421991725,0.0006266135986111,0.005540293040293,0.0591904610989245,0.6439648866653442,2.183873171190953e-08,6.044861793518066,2.884247064590454,0.6972376108169556,1.0,0.0,0.1362073433150216,0.2695480280251688,0.6586312426878342,,0.0107924455586311,,0.043816185394801,0.9999999998252472,0.0,9.458552599553611e-06,0.0017198215616627,0.0730246606976862,0.0424874344273191,0.0,0.3666163025641504,0.0,141976.90068687976,3.2556951210999765,0.0,0.4966721545083731,0.999999999999,0.0,0.00165290620909,0.3005432076292061,0.0730246607103744,0.0424874344273191,0.0,0.3666163025641501,0.0,812.4453618016933,3.2556951210999765,0.0,0.4966721545084883,54,143,0.0999301187980433,1.0,0.433939059421466,809.956342245172,7.618291248264169e-05,0.8311480303062925,52,119,0.0897435897435897,1.0,0.2433959504014535,1220.5664717142345,5.13789320011256e-05,0.7004943927963607,0.2341787884486733,0.1326174965601077,0.3343050149392858,0,0,0.0,0.0,0.0,,0.0,0.0,0,0,0.0,0.0,0.0,,0.0,0.0,0.0,0.0,0.0,1.0,0.0003409771888982,0.0057223765179514,0.0005458196392282,0.0002053118078038,404,0.0364101076687017,0.3048352806825081,0.3050559710912809,0.0016470701089042,0.0010161007630813,0.0274363567435502,0.0274363568733872,0.529879370294147,0.5774674152661023,0.5869817452570703,0.0014300816688613,0.0010161007630813,0.3732459096857763,0.3732459132183856,0.1720634160182837,0.1847988077496274,0.1785883954617662,0.1485527826661774,1.3604394920762786,,0.3907472964926222,0.0571245444446988,0.4627554862159421,0.1112439028959488,,0.297862687861801,-0.0076399382812133,-0.0069038395857112,21.097900618358008,0.9999999999631014,0.0043822521585859,0.0048675902323029,,0.0079622559426757,,,0.0,0.4923156499862671,-1.406130075454712,38.308457711442784,1.6855885982513428,0.5522388059701493,0.7442065258601599,0.5257198810577393,322.44194233989174,,98.20672607421876,,
8,art_painting-test,7.674305254812943,0.0115104522556066,5.8372101704572055,5.8372101704572055,0.0002958411046165,1.2180685997009275,0.3695507916332419,0.0011156277421804,15.549653912967765,33.490345920428496,25.8866005586064,15.810334861512636,8.621034861196074,68.9486823956653,0.0012122934506599,0.0011959149828051,0.0471463247640257,0.5166201378010778,0.0001924536918522,0.2049195021390915,1.8064098358154297,22,9.091601242672716e-06,-3.086983890283435e-07,5.550509794521517e-06,5132.523304295659,5.918644147689437,3.642406688231795,0.3922628701210021,110.1875,0.0400298416669834,334415149.1770168,1.7082652952967242e-05,1.1059257333198136,3.423638531343802,0.0056195619561956,0.001349121703567,0.0024015401540154,0.4995077465998352,0.0003535743882562,-1.200535387936493e-05,0.0083948647651503,8598952.04362993,0.000664348156963,0.0056195619561956,0.0524676417348678,0.8063966035842896,2.4911606999467043e-08,5.837210178375244,2.951788902282715,0.6843029260635376,1.0,0.0,0.1502587019946989,0.2686764323777142,0.6293444338546366,0.0038403952243858,0.0040389585553997,0.0090199731565428,0.0452818203458718,0.99999999981631,0.0,9.1987658009135e-06,0.001349614745589,0.2114774303824245,0.0411190247237319,0.0,0.3920308579072657,0.0,164290.71947394474,3.379185478833056,0.0,0.4980011498639877,0.999999999999,0.0,0.0016897199193611,0.2479105315257388,0.2114774304210593,0.0411190247237319,0.0,0.3920308579072659,0.0,894.3919251871072,3.3791854788330555,0.0,0.4980011498641141,52,124,0.0935143288084464,1.0,0.473718134257031,970.8092509745462,7.014600032792181e-05,0.7774598917863388,49,117,0.0994897959183673,1.0,0.2908044349405969,1043.0952719010595,6.981586793247087e-05,0.7930905645066086,0.2147247718535261,0.1202754446307194,0.2761875874524685,0,0,0.0,0.0,0.0,,0.0,0.0,0,0,0.0,0.0,0.0,,0.0,0.0,0.0,0.0,0.0,1.0,0.0003270474262535,0.0054439585655927,0.0005250040558166,0.0001924536918522,386,0.0590091017653377,0.1651331613935688,0.1654063766597881,0.0017285004091442,0.0012399903062032,0.0434107330099777,0.043410733297656,0.5329464462546268,0.7542656877254401,0.757416102939634,0.0013196572136614,0.0008602377929491,0.3756936439316783,0.3756936489110317,0.1820959546387335,0.1917177914110429,0.1440124942952669,0.0850917474892098,1.2143953736236806,,0.4153354735148825,0.0094536493707017,0.4888202128479218,0.0713841958395769,,0.2775092430606685,0.0115641622504428,0.0082577847851793,26.22954548886798,0.9999999999624802,0.0075106611562969,0.0051440739426334,,0.0146161487568554,0.0085434015861794,0.0039837010434836,0.0,0.4983106255531311,-1.390461564064026,38.42364532019704,1.687692403793335,0.5714285714285714,0.7253222799545431,0.5359162092208862,322.44194233989174,,105.3056869506836,,
#9,id,7.478995571197426,0.0130054000765085,4.624975039274595,4.624975039274595,0.0001979839762498,1.3247853517532349,0.554373275434032,0.0032539848870935,96.0445667164096,363.5702916031356,255.34234126589948,97.67406497796468,41.90308878374354,2067.680106448617,0.0033440097002408,0.0033050361776094,0.0835841276826967,0.6775395822026937,0.0007726223557256,0.1928442865610122,1.8513340950012207,22,1.1228204558749949e-05,-2.516622705760822e-06,2.474428494466264e-05,5348.44708736711,6.199492863397205,3.507916444588432,0.4229274196233503,324.0,0.0182795001410898,194616171.4025465,2.6906355935613624e-05,1.4043796060489342,3.548873994796959,0.0055020075040325,0.0037879145128322,0.0023381568837593,0.5690803787188795,0.0002806492112572,-6.290304367053334e-05,0.0154590189776395,7786197.464864128,0.0006725249413217,0.0055020075040325,0.0946790041142033,0.2019771188497543,2.414133177808253e-07,4.624975204467773,3.00350022315979,0.6409170627593994,1.0,0.0,0.195244247822716,0.3346833338638895,0.5911635790691606,,,0.0100460952257836,0.059375265308695,0.9999999999025252,0.0,1.1237181733644268e-05,0.0037960144393842,0.0722310110013847,0.0193278735083009,0.0,0.4292881455160598,0.0,108185.66536573812,3.4699839886609936,0.0,0.5712314783604008,0.999999999999,0.0,0.0010953403050755,0.3700151615113146,0.0722310110083532,0.0193278735083009,0.0,0.4292881455160601,0.0,1109.8851900699149,3.4699839886609936,0.0,0.5712314783604769,47,123,0.1137835337650323,1.0,0.4252752460517807,1148.3535199291905,7.951235038864134e-05,0.4765024293923431,51,143,0.112156862745098,1.0,0.2479425691660459,1028.0037160034235,6.940735689307506e-05,1.2018887950509891,0.1608043877783335,0.0874319113800456,0.3374681383752825,0,0,0.0,0.0,0.0,,0.0,0.0,0,0,0.0,0.0,0.0,,0.0,0.0,0.0,0.0,0.0,1.0,0.0009128866367973,0.0102590778842568,0.0012645694660022,0.0007726223557256,391,0.9999999999999998,0.9999999999999998,0.9999996623764732,0.0,0.0,0.9999999886366084,1.0,1.0,1.0,0.9999996623764732,0.0,0.0,0.9999999839043424,1.0,0.9999999999025252,1.0,0.0,0.0,0.0,,0.0,0.0,0.0,0.0,,1.0000000000000002,1.0,1.0,49.99999999997074,0.9999999999545574,,,,,0.0047317265324711,,0.0,,,,,0.9002557396888733,,,,,,,
#10,id1,7.3799255196175695,0.0833809599280357,5.257403770050393,5.257403770050393,0.0001994324993574,1.354846477508545,0.1402377124526736,0.0029846577622887,92.32134148861486,362.2064714014353,274.5026533780416,93.52918328420812,42.73581807659533,4081.587719698503,0.0030568175784324,0.0030178127176654,0.0346339011160644,0.1598384505552753,0.0046059377491474,0.1933945268392563,1.7599986791610718,22,2.996615241788407e-05,-6.057932201572438e-06,0.0003193777540982,5412.531181654447,5.4845278365978505,3.149580290886677,0.4041104903810748,84.66666666666667,0.0087171554529519,63037123.35123606,6.022765518878969e-05,0.803320302940554,2.740625441421244,0.0074267960503915,0.0154814763923858,0.0028882235314739,0.648257203200263,0.0003395193693105,-6.863695236621124e-05,0.0409988615572022,5563688.587511696,0.0006823850868876,0.0074267960503915,0.1754066046056068,0.6699827313423157,2.174342625949066e-06,5.25740385055542,2.7929434776306152,0.647625744342804,1.0,0.0,0.1655289514464225,0.3370360455575079,0.611757903812555,,,0.0078191104412726,0.0433869401886644,0.9999999999657342,0.0,3.130829416553101e-05,0.0163844615336595,0.0404338618324284,0.0093071968972884,0.0,0.3922117343802543,0.0,39305.63155384697,2.686305888436592,0.0,0.6421738442187211,0.999999999999,0.0,0.0010728067374759,0.5614282474251548,0.0404338618337735,0.0093071968972884,0.0,0.3922117343802542,0.0,1147.0773179008156,2.686305888436592,0.0,0.6421738442187517,53,169,0.1226415094339622,1.0,0.4448059086479379,1224.4444344596516,6.252441600600246e-05,1.153916567257374,37,102,0.1531531531531531,1.0,0.1641649574484877,1042.3121135955494,9.844864845676543e-05,0.5505884623110706,0.1477474852157777,0.0797663839225449,0.2683446808812778,0,0,0.0,0.0,0.0,,0.0,0.0,0,0,0.0,0.0,0.0,,0.0,0.0,0.0,0.0,0.0,1.0,0.0051270290277898,0.0291835367679595,0.0060063046403229,0.0046059377491474,398,0.4572721491791973,-0.0343250107490653,-0.0340567565898816,0.0066363230753837,0.0043725799332605,0.3651974465699173,0.3651974479521886,0.6603135905295859,0.638958262176991,0.6416794021631262,0.005410096549586,0.0043725799332605,0.4853835975790031,0.4853836021729465,0.2123537355851482,0.2523809523809524,0.148294095219047,0.1128252587905705,1.308855888087614,,0.5533827244191687,0.0384861486604,0.2755346608585112,0.0622648696416038,,0.5064640458420644,0.2205001065662751,0.1516601669673067,24.435162174658952,0.99999999998087,,,,,,,0.0,0.7815344333648682,-0.7251453995704651,90.5852417302799,1.819087028503418,0.8804071246819338,1.3953764884628257,0.8078811764717102,322.44194233989174,,25.06096076965332,,
,motion_blur-1,6.695580710316491,0.0007649176404811442,5.027972071369658,5.027972071369658,1.4474960039478901e-06,1.0880707502365112,0.19569532088676084,-1.0851722804794406e-06,0.9249402263516308,1.91683481630261,1.545814736976551,1.0625102859044557,1.0156157995320385,1.1854937185720198,1.5361194376041498e-05,1.0218226081250281e-05,0.031512892196409015,0.0742330843050905,1.0969604772981256e-05,0.20652490854263306,1.8076838254928589,19,3.2232426378150595e-07,-1.828125472782219e-07,6.2743732510720496e-09,1999.996156958205,4.007676138527678,2.987825829236182,0.31168539893038916,27.1875,0.03902098099325605,1319517634.7164218,8.335084745447079e-07,0.9978191876294741,2.839756658788549,0.007622739018087857,4.412193465390196e-05,0.004057239057239057,0.5369604912048838,0.000661260620809656,-0.0003750469552614654,0.0264076453615539,643184.4519044785,0.0017099746835131124,0.007622739018087857,0.0905178462998999,0.6558210849761963,6.38781250117404e-11,5.02797269821167,2.761749744415283,0.5837673544883728,1.0,0.0,0.19175275065275174,0.06471922644889909,0.12440643428059171,0.07255392454869969,0.05254189743572457,0.015654336862795534,0.1252918478187654,0.9999999934978314,0.0,3.761006721956813e-07,4.9403598145232917e-05,0.059332889998088195,0.04025623661599618,0.0,0.31472239515791794,0.0,3037100.6998062422,2.747036151093651,0.0,0.5559948829430587,0.9999999999989999,0.0,0.0024454699800080452,0.32123052443174105,0.05933289038382131,0.04025623661599618,0.0,0.3147223951579179,0.0,467.09042599628856,2.747036151093651,0.0,0.5559948829551075,38,102,0.14509246088193456,1.0,0.47445661625231383,505.1819592364287,0.00020254838771551213,1.3586121268052556,7,14,0.6666666666666666,1.0,0.8931694308927834,183.58933654322672,0.0030562633507908725,0.26258982028065864,0.18939902645704298,0.10460561395061539,0.7212733009018073,0,0,0.0,0.0,0.0,,0.0,0.0,0,0,0.0,0.0,0.0,,0.0,0.0,0.0,0.0,0.0,1.0,1.3552220480050892e-05,0.00015379482647404075,2.0866065824520774e-05,1.0969604772981256e-05,156,-0.00546112921131407,0.052506402345997905,0.05301034869058085,0.0017199804383516855,0.0010522122140628198,-0.004101845746577732,-0.004101845769874558,0.46013564867632595,0.25059958453948905,0.2624094206939941,0.001715341954082924,0.001048015885089626,0.31392675678907245,0.3139267594628693,0.0038108324388273,0.05905511811023622,0.06748933115797859,0.04206216055642373,1.1791000821060889,0.8438661710037174,0.2708496692939982,0.029347320017523888,0.8803333282827257,0.1589034011078753,227.0,0.4350372779463608,0.2422306725899365,0.1645582553203566,10.541806367842584,0.9999999999546111,0.05873251650664889,0.05569577632633399,0.06860706829328067,0.11188059748002466,0.11974231047235899,0.1301740635258768,,,,,,,,,,,,0.06386413807607172,10381.0
,motion_blur-2,6.709757262300107,0.0008346136892214417,5.243449345928389,5.243449345928389,1.5934927546368272e-06,1.058607816696167,0.18187202308306824,-2.534994056557771e-06,0.8526478728648892,1.673903077021231,1.4771035844537654,0.9562069060892624,0.9407827524279646,1.0140935478344826,1.6450253062627596e-05,1.0081683785800877e-05,0.029522010557250653,0.07073450927684334,1.2265946679690387e-05,0.2047158032655716,1.8081492185592651,5,4.965122957444841e-07,-2.7465108700271793e-08,8.051614120968672e-09,1902.2282859761742,3.512509064947871,2.919646468833398,0.2982408002765279,2.8888888888888893,0.034891894864527644,1195690813.5085645,8.750480169771022e-07,1.1559950569718558,2.808440427898689,0.007778948221375901,5.072604904155257e-05,0.004181864646980926,0.5614054753961646,0.0008910860994234053,-4.929139262322096e-05,0.025933569313318146,666237.7306122492,0.0015704407424233845,0.007778948221375901,0.09103758174283723,0.6825379133224487,6.501438276629301e-11,5.243449687957764,2.7591934204101562,0.5785889625549316,1.0,0.0,0.18358817752004758,0.06488515662807068,0.11937075288517993,0.06864019575402447,0.05578521670530607,0.011655368475033475,0.1059060573732687,0.9999999942415155,0.0,4.966129906518134e-07,5.726387837034571e-05,0.014720316273812605,0.032553764795927746,0.0,0.30061899398859454,0.0,2944046.7946758745,2.705928118365932,0.0,0.5874744807315014,0.9999999999989999,0.0,0.00285973824811529,0.32975316049659165,0.014720316358564599,0.032553764795927746,0.0,0.30061899398859454,0.0,511.2537429907893,2.705928118365932,0.0,0.5874744807433278,36,92,0.14603174603174604,1.0,0.47374577023263686,565.0533104518819,0.00017421655911779927,1.326330444257782,7,14,0.6666666666666666,1.0,0.8721651858955362,212.78778891744747,0.0028555042164929304,0.26357338407331216,0.20504808583445322,0.1142359771402443,0.7779544454208612,0,0,0.0,0.0,0.0,,0.0,0.0,0,0,0.0,0.0,0.0,,0.0,0.0,0.0,0.0,0.0,1.0,1.6178773876163177e-05,0.00017365679377689958,2.502947063476313e-05,1.2265946679690387e-05,148,-0.0036391443272874606,0.06727785937249527,0.0677035039426,0.0017194068279271042,0.001052749640393813,-0.0030798424260203676,-0.003079842426007432,0.4618467177865175,0.2574066952633415,0.2684455307008638,0.0017140237085927108,0.0010474784587586328,0.31518332847314,0.3151833290676288,0.004220944654780688,0.05668016194331984,0.3188441527395532,0.20218933042059323,1.3700289284239389,0.842911877394636,0.36389272665024125,0.04847689496212896,0.7430032908716002,0.12636347494281963,220.0,0.428855822321811,0.22940147456155233,0.15579431333038712,11.027880388137989,0.9999999999546259,0.06819463178262683,0.04875986527850503,0.07869975887973117,0.12323232496344554,0.1193588049814309,0.1355118662933772,,,,,,,,,,,,0.0637759762587421,7590.0
,motion_blur-3,6.696320023709557,0.0008423189865425229,5.444753746265151,5.444753746265151,1.417338552300862e-06,0.9893566370010376,0.16628951529010327,-6.084112600168723e-06,0.6721344412267377,1.3987035925646327,1.1608920005432197,0.8314929431026784,0.8547372803392368,0.669086400664365,1.5429792454391134e-05,9.120866288903073e-06,0.02895024692816737,0.06568593320972206,1.2196752322779503e-05,0.2090396285057068,1.803350806236267,5,4.703192435617222e-07,-1.7453266362118367e-08,7.949302648803247e-09,2030.0908971693525,3.2417037116175837,2.8832737688142496,0.2846376907014593,2.0,0.03645248261358863,1198960528.0872505,7.935416551711904e-07,1.137179902673134,2.803374520088921,0.008768873403019744,5.2717633429166104e-05,0.004419041254991806,0.5733038758569942,0.0008824783616880349,-3.274825923461162e-05,0.027986698277698896,638989.2736139464,0.0014889531927526703,0.008768873403019744,0.0989161530239547,0.6947721838951111,6.077409409055434e-11,5.444753646850586,2.7623116970062256,0.5773062705993652,1.0,0.0,0.1819131916188068,0.0577576489655939,0.10909172536742265,0.05893151365479402,0.033580551313750505,0.04269516167754448,0.06705650138571263,0.9999999940828607,0.0,4.7086495115746357e-07,5.655033044191281e-05,0.09720817710237356,0.03712714091200496,0.0,0.28137006047174695,0.0,3162990.431711828,2.7054478280010956,0.0,0.598845953614116,0.999999999999,0.0,0.0027861735347498723,0.3346161859601396,0.09720817767747068,0.03712714091200496,0.0,0.28137006047174695,0.0,534.5472263533003,2.7054478280010956,0.0,0.598845953626249,35,93,0.15630252100840336,1.0,0.4695702631281621,602.4782597893552,0.00016290801581036657,1.333767531692422,7,14,0.6666666666666666,1.0,0.8389830623222657,141.96104212663772,0.004150325622190744,0.24263717889008324,0.2117976447087474,0.11844165403431145,0.8728985626918024,0,0,0.0,0.0,0.0,,0.0,0.0,0,0,0.0,0.0,0.0,,0.0,0.0,0.0,0.0,0.0,1.0,1.6533473171875812e-05,0.00016900058835744858,2.5210247258655727e-05,1.2196752322779503e-05,151,-0.007949468989415337,0.06403458915513774,0.06445031948787218,0.0017194898122178733,0.0010527191084293008,-0.006236103486404195,-0.00623610351000783,0.464858850895488,0.24928342060355652,0.25990205875401257,0.0017142325262047764,0.001047508990723145,0.31739876219490687,0.3173987645976041,0.004229583716165943,0.06882591093117409,0.3837424761019223,0.2269732997390979,1.3398486099622064,0.9507575757575758,0.44769562624390435,0.11514896525575329,0.8383369694533451,0.12766733236150957,251.0,0.44283341589608355,0.2336151177145122,0.1591399854853292,11.431453937424845,0.9999999999546317,0.08225292341779293,0.07406695502062108,0.09255795852608054,0.12512394881457764,0.11507621408229626,0.14180889777381336,,,,,,,,,,,,0.06044623974395429,12329.0
,zoom_blur-1,6.69041487348775,0.0008540073176845908,5.039948629883769,5.039948629883769,1.3546951436183008e-06,1.0309646129608154,0.18520228732502791,-1.7433338517225394e-06,0.8908573833666382,1.8619265578562374,1.4280950756798538,1.0342764298270837,1.0335557928305568,1.1449784620690835,1.6520495865979257e-05,1.142916745910938e-05,0.030837790629790814,0.0754438447931416,1.0526195183047093e-05,0.20545333623886108,1.7979670763015747,19,4.064553204715419e-07,-9.392322187614893e-08,6.87574939323504e-09,1964.4504917399493,3.7829744259177227,2.9970348062756536,0.3096129573449547,24.0,0.04615168706057728,1128670977.236119,8.972726032073876e-07,0.9728953938292151,2.8325985382207013,0.008330816470351355,4.456285782803493e-05,0.0044045102184637076,0.5223215997829778,0.000758724219084322,-0.000175325092548081,0.023958647307599352,604639.0990701428,0.0016749256627866013,0.008330816470351355,0.08318483453951656,0.632135272026062,7.303488369636568e-11,5.039947986602783,2.7531585693359375,0.5898292660713196,1.0,0.0,0.17816437224678594,0.05838807094840026,0.11678404772354137,0.06811064554190585,0.062927380585001,0.01606233498377443,0.12834244671792605,0.9999999937729402,0.0,4.064728855604295e-07,5.18618659180763e-05,0.057877811974387364,0.047607904942232396,0.0,0.30400785620044896,0.0,2809421.9260263764,2.7483127550127757,0.0,0.5424513638360419,0.9999999999989999,0.0,0.00253113097212022,0.3229469412607906,0.057877812334738085,0.04760790494223239,0.0,0.304007856200449,0.0,451.1634718262413,2.748312755012775,0.0,0.5424513638475292,37,102,0.15315315315315314,1.0,0.4805129168148278,489.42550881144376,0.00020660831344875515,1.3794061205738497,7,13,0.6190476190476191,1.0,0.8493268308307153,174.32630181913547,0.003264296191847734,0.2517713366510583,0.18441127138754582,0.10157105983384263,0.7324553852733843,0,0,0.0,0.0,0.0,,0.0,0.0,0,0,0.0,0.0,0.0,,0.0,0.0,0.0,0.0,0.0,1.0,1.3215978469816037e-05,0.00016058945038821548,2.09462086786516e-05,1.0526195183047093e-05,152,-0.004681358931305727,0.04310223177656836,0.043653248335383435,0.0017201756223384865,0.0010527438485041785,-0.0036564597194689943,-0.003656459733308684,0.46143172107074415,0.2690060494126405,0.2814547465095647,0.0017148159423842665,0.0010474842506482673,0.31461380834333147,0.3146138107249467,0.0040322083496152775,0.06,0.18149306923088124,0.11079179711755346,1.2745299495883928,0.8377358490566038,0.29330327996767513,0.09894652052731942,1.046826396002416,0.1858870153643213,222.0,0.4538388354440154,0.25615079439669924,0.17372769487676606,11.295875531434545,0.9999999999546183,0.058505267712399375,0.06432675480523477,0.06777743282961313,0.10897787509674486,0.11461401143212842,0.1351837316233305,,,,,,,,,,,,0.06127415153976711,12326.0
,zoom_blur-2,6.687482753177905,0.0009330714237876236,5.120395482649565,5.120395482649565,1.4690415071072493e-06,1.015150785446167,0.1855028077226116,-1.4766473246385914e-06,0.9143042283500545,1.8902377447796552,1.4737236299383603,1.0616376550578404,1.057734757354808,1.1680330060344044,1.8293381749856508e-05,1.2659203697751309e-05,0.03128847836352911,0.07731726512476032,1.0991348972311243e-05,0.20470310747623444,1.802037239074707,19,4.3942752169505074e-07,-2.566714303197571e-08,7.95008984938447e-09,1937.8138283612916,3.8837688766274603,2.9941419593680596,0.301243215742038,26.0,0.04452269509722261,1120380609.975755,9.814444101375056e-07,1.143236450122274,2.8618351805807145,0.00810429880197322,4.743752337629648e-05,0.00436227518897159,0.525827094364083,0.0007516183455226912,-4.3902344538749596e-05,0.023259066421941744,655021.358507662,0.0016787105860645404,0.00810429880197322,0.0811394625762026,0.6280826330184937,8.006285912021127e-11,5.120395183563232,2.753981351852417,0.5896676778793335,1.0,0.0,0.1745951049800359,0.05547340007036961,0.11619625053371124,0.06573812825183192,0.06359810063290451,0.017825135750864796,0.12940314769451328,0.9999999942467241,0.0,4.395334115518882e-07,5.5325274540491594e-05,0.05713634151203945,0.045587182586378144,0.0,0.3013027741922811,0.0,2758867.808721891,2.776771291321931,0.0,0.5473056539433615,0.9999999999989999,0.0,0.0025287569915430305,0.31830156963343537,0.05713634184070345,0.04558718258637813,0.0,0.30130277419228113,0.0,479.52989711688315,2.776771291321931,0.0,0.5473056539541431,37,100,0.15015015015015015,1.0,0.4801742919594688,524.0595115022479,0.0001877664288495741,1.3634971912017158,7,13,0.6190476190476191,1.0,0.8558446716949131,163.18270558424445,0.0034371435364245117,0.2590898785265476,0.1887064651358682,0.10418325992094009,0.7283436397015889,0,0,0.0,0.0,0.0,,0.0,0.0,0,0,0.0,0.0,0.0,,0.0,0.0,0.0,0.0,0.0,1.0,1.4211233974492643e-05,0.00017381401266902685,2.276547093060799e-05,1.0991348972311243e-05,150,-0.004275336589723549,0.04902550657410633,0.04956705774968804,0.0017199695351509164,0.001053189006370303,-0.0033617132267159955,-0.0033617132330709732,0.4619867875938741,0.2789449470292579,0.29123605396184443,0.001714028932266498,0.0010470390927821427,0.31497355283181766,0.314973553724285,0.00442351179083158,0.06048387096774194,0.17231549288174305,0.09405835388865871,1.276190428683637,0.8022813688212928,0.2956540269962992,0.09325869571829101,0.9435227198317621,0.18747648902012415,211.0,0.454126782445848,0.25586701901857883,0.17373165811750133,11.443157014652035,0.9999999999546304,0.05730078775952675,0.05989690145736856,0.06929566883494376,0.1177351534234037,0.11616731872329991,0.13137000686726197,,,,,,,,,,,,0.0619355251069775,9169.0
,zoom_blur-3,6.674304735854884,0.0009963505435734987,5.14002704884918,5.14002704884918,1.5579464047732472e-06,0.9998706579208374,0.18954365947591248,-1.1502318184586358e-06,0.936874336087676,1.882514575819956,1.4926408611744715,1.0892109777109655,1.0785224748310465,1.1799185824117018,1.9846859985017673e-05,1.3607718873265284e-05,0.0317781110500251,0.07851118248991779,1.1417871064622886e-05,0.20521022379398346,1.8062596321105957,19,4.787305385735378e-07,-1.379331292259526e-07,9.120040532082762e-09,1955.8092032935303,3.681933415219298,2.989595067650641,0.29525590169796356,11.555555555555555,0.049280572067440374,913765210.0142614,1.047607711069903e-06,1.1520896158817802,2.8686472755749723,0.007171217891580909,5.029695324166512e-05,0.0039599801428189555,0.5228315012655648,0.0007665725850338599,-0.00022086694236213083,0.023384121781058944,570653.4848187169,0.0016774934459519433,0.007171217891580909,0.08053855417561057,0.6319491863250732,8.408288648675821e-11,5.1400275230407715,2.7578482627868652,0.5904101133346558,1.0,0.0,0.17060258261506078,0.054655501564166625,0.11605056050577907,0.05702583027673808,0.06472981479971245,0.019813926837044204,0.13226193522497834,0.9999999946414213,0.0,4.787507313035032e-07,5.874634128154122e-05,0.059757351765509864,0.0503758627877808,0.0,0.29794427431487386,0.0,2426349.762836499,2.7839639025550094,0.0,0.5445159016956508,0.9999999999989999,0.0,0.0025654235115306293,0.3147968980219196,0.05975735208566458,0.0503758627877808,0.0,0.29794427431487397,0.0,452.7972547749016,2.78396390255501,0.0,0.5445159017057104,36,99,0.15714285714285714,1.0,0.49341432582683087,491.5941809718859,0.00021317512898505375,1.3538379869641552,7,13,0.6190476190476191,1.0,0.8460246147942722,153.64344356108927,0.0036661249019774127,0.2649321445131379,0.19061493426135323,0.1053479095581782,0.7194858691520564,0,0,0.0,0.0,0.0,,0.0,0.0,0,0,0.0,0.0,0.0,,0.0,0.0,0.0,0.0,0.0,1.0,1.4981187632656656e-05,0.0001866166276158765,2.4245164240710437e-05,1.1417871064622886e-05,149,-0.004869479961370689,0.05370430602950747,0.054237597319891674,0.001719789093960285,0.0010534926620948681,-0.0038691776714162326,-0.003869177686061059,0.4608781641207579,0.28952914165650745,0.3016432661748874,0.001713292807511267,0.0010467354370575777,0.3141624202257312,0.3141624220087177,0.004762957745828063,0.056451612903225805,0.24515075842510325,0.1223441097894773,1.3386299904791532,0.83206106870229,0.3106241071865002,0.10165246348661504,0.9244951003312287,0.1700753357624519,218.0,0.4400577448097661,0.24728971471271527,0.16786290276921786,11.55488888212808,0.9999999999546326,0.0577846787511625,0.05807879819129073,0.06969616859716672,0.11948612602794048,0.11889767520457642,0.13151898401944437,,,,,,,,,,,,0.06281326667420574,7312.0
,defocus_blur-1,6.693865278839079,0.0007893930887803435,5.020276215266661,5.020276215266661,1.402372987513445e-06,1.0667363405227661,0.19100520745336222,-2.159546048097205e-06,0.8610500519666388,1.7170718423452076,1.3569709544336614,1.001092968286782,0.9749661850747294,1.0633719563098212,1.5558892938027924e-05,1.032820810431545e-05,0.031142253369447048,0.07383848849256018,1.0778548130474519e-05,0.2066648006439209,1.80353844165802,19,4.171898233566568e-07,-5.440869245358703e-08,6.342843554490841e-09,1955.810059362675,3.544557760561748,2.972779604407739,0.3064478910223334,1.5555555555555556,0.03909298502574781,1108999828.6029332,8.283432322916394e-07,1.1182904820455335,2.810134466806115,0.008872862815006887,4.475821556431165e-05,0.004628250658723794,0.5341715661975386,0.0008350682571244657,-0.00010890722211128162,0.025413270730233462,554042.653849562,0.0016580537534736568,0.008872862815006887,0.0895903120148312,0.6480511426925659,6.287141640637373e-11,5.020275592803955,2.7546205520629883,0.5868877172470093,1.0,0.0,0.1873945781719776,0.06348320921047278,0.1174656430666261,0.054978499393777136,0.05053157851362804,0.017217102740236547,0.12650574448253113,0.9999999935044163,0.0,4.1733654790361774e-07,4.930821643480615e-05,0.008356292376029433,0.039976812248620625,0.0,0.30048585923082244,0.0,2979049.902742515,2.7203637386593935,0.0,0.5574327931814453,0.9999999999989999,0.0,0.002710844519622952,0.32028565187045666,0.008356292430300073,0.039976812248620625,0.0,0.30048585923082255,0.0,458.6269678853075,2.7203637386593935,0.0,0.557432793193929,36,100,0.15873015873015872,1.0,0.47477814549580827,497.0451792870781,0.00022105447835736418,1.3786478177944443,7,13,0.6190476190476191,1.0,0.8320686614887418,174.21516707912843,0.00336596762764929,0.24691490374016217,0.1872186392326966,0.10327701028073889,0.758231424660027,0,0,0.0,0.0,0.0,,0.0,0.0,0,0,0.0,0.0,0.0,,0.0,0.0,0.0,0.0,0.0,1.0,1.3264771951071452e-05,0.00015395076479762793,2.0699579181382433e-05,1.0778548130474519e-05,150,-0.002588942847818764,0.052931807814852475,0.053445184241455716,0.0017199745039813213,0.0010524816277666105,-0.002028503140804919,-0.0020285031446395986,0.46092248225696464,0.2573837822252443,0.2694321946195885,0.0017152095127583608,0.0010477464713858353,0.3141063836827962,0.314106386358123,0.0039106515462092005,0.06910569105691057,0.17682783136496602,0.11675028994947184,1.2319491475527733,0.8136882129277566,0.2798464313237002,0.03979497470187879,0.8999690208733746,0.18507677480744736,214.0,0.44456377991469526,0.23521326233920176,0.1589334680913439,11.15214707222872,0.9999999999546181,0.06536068551179053,0.07016275365025171,0.059804386972984985,0.1160957771247873,0.11463950271257868,0.14375511662033508,,,,,,,,,,,,0.061496984248880095,12349.0
,defocus_blur-2,6.695491303631762,0.0008375289617106318,5.146942229343494,5.146942229343494,1.492778011424889e-06,0.9991474151611328,0.17896173049893752,-2.589007793041276e-06,0.8437492220193488,1.6468791881458127,1.3267195772017133,0.9921185977274651,0.9662644101755223,1.0274305787785396,1.6438982303412786e-05,1.0917389307252279e-05,0.0312237071522838,0.07497417566187158,1.0906106581387576e-05,0.2047252506017685,1.80506432056427,5,5.334012018435394e-07,-1.168733271230667e-08,7.010893610821661e-09,2057.995746801133,3.2779313446369605,2.959044430158494,0.29568922019316624,2.0,0.04266255122853348,978951830.7037753,8.392930774497083e-07,1.095134572750471,2.8390338268110655,0.008246225319396052,4.619910042713771e-05,0.004278366398824338,0.5409013468235143,0.0010131621519669151,-2.2199343808749572e-05,0.025294337522674164,515390.43566201103,0.001594184601291934,0.008246225319396052,0.08775229521379085,0.64605712890625,6.337603358774757e-11,5.146942615509033,2.747577667236328,0.5830760598182678,1.0,0.0,0.18095415420742322,0.057110680604713956,0.11320308997682907,0.05912082729618342,0.04986603764172299,0.022996289626534803,0.12188542461089254,0.9999999938458727,0.0,5.337590204019351e-07,5.177865679261027e-05,0.34477777141396626,0.0437348412510708,0.0,0.2926566659254862,0.0,2871234.796010726,2.7446404868576724,0.0,0.5659933627364578,0.9999999999989999,0.0,0.003284820974325474,0.318652446803971,0.34477777353542777,0.0437348412510708,0.0,0.29265666592548667,0.0,466.55433706774016,2.7446404868576724,0.0,0.5659933627483036,35,99,0.16638655462184873,1.0,0.46796791699706736,512.1686493713142,0.00020861487123637534,1.3659841939174757,7,13,0.6190476190476191,1.0,0.8454521918173439,155.28080739228614,0.003652198660235051,0.24697451962099412,0.1935206432307648,0.1071258536697941,0.7835652176902322,0,0,0.0,0.0,0.0,,0.0,0.0,0,0,0.0,0.0,0.0,,0.0,0.0,0.0,0.0,0.0,1.0,1.3806409697281197e-05,0.00016249256441369653,2.1838664906681515e-05,1.0906106581387576e-05,151,-0.005349099814561457,0.0592878266842786,0.059785574324358416,0.0017197681307876773,0.0010528966215588298,-0.004136926134178422,-0.004136926141998861,0.4628375809246739,0.27612165036434483,0.2877410678891643,0.0017144107512967056,0.001047331477593616,0.31557677976540466,0.31557678095852687,0.004142410719764554,0.06882591093117409,0.39081981608796557,0.24047057828897273,1.3212586717726778,0.9242424242424242,0.4424211908015034,0.11118017886661685,0.9373734290203555,0.19467114035980332,244.0,0.44041386546281514,0.23801128867497046,0.16126257889903353,11.741671111800418,0.9999999999546213,0.06592125237112154,0.0663172727674315,0.07177828778993962,0.11917202069968523,0.11062043600859249,0.14200838060635282,,,,,,,,,,,,0.06089956973790381,10255.0
,defocus_blur-3,6.686786309490782,0.0008355362224392593,5.2175087288211275,5.2175087288211275,1.5039296386021306e-06,0.994694173336029,0.17492599838854253,-2.4025939423522047e-06,0.8491870064024049,1.582355872920167,1.3326153120439284,1.022898646018537,0.9909016079178214,1.0249341424234923,1.629575181605336e-05,1.1147067889516471e-05,0.03184953958731252,0.07853659182786014,9.83452900982229e-06,0.20510584115982056,1.8056597709655762,19,4.91509847335029e-07,-3.681810646207939e-09,6.539064109375492e-09,2114.3767567858154,3.2273096064105644,2.9608290331392446,0.2819386756898318,1.0,0.04558533810648303,1095691743.9445965,7.781673070274023e-07,1.0875045064037039,2.857494232073233,0.0085801393728223,4.337532101420854e-05,0.004392426474600315,0.5381642041304834,0.0009606782813000889,-7.196243538833851e-06,0.024980842957272688,560586.5054212372,0.001520963287910957,0.0085801393728223,0.08477903022760185,0.6433530449867249,5.482383991228801e-11,5.217508316040039,2.7541823387145996,0.5851131081581116,1.0,0.0,0.17762786442768902,0.05278996796163106,0.10485736525666726,0.058299432948588255,0.04857181601581371,0.03566948163183633,0.12435859616530359,0.9999999936707146,0.0,4.921435117975663e-07,4.93514416517493e-05,0.31792234002207376,0.04652248818342092,0.0,0.28970892536969384,0.0,3005228.1701212134,2.764227073751008,0.0,0.5629034327133445,0.9999999999989999,0.0,0.003114916817034638,0.3123593664466898,0.317922342033977,0.04652248818342092,0.0,0.28970892536969395,0.0,474.8131755262819,2.764227073751008,0.0,0.5629034327252982,35,102,0.17142857142857143,1.0,0.47416686435209704,539.409759041121,0.00019214629617569318,1.3600384108879902,7,13,0.6190476190476191,1.0,0.8515069282122908,134.99715484338648,0.00414666650660798,0.2537108569500462,0.1931253660809819,0.10688365559823201,0.7612026083653444,0,0,0.0,0.0,0.0,,0.0,0.0,0,0,0.0,0.0,0.0,,0.0,0.0,0.0,0.0,0.0,1.0,1.287778104597237e-05,0.00015799571701791137,2.0805404346901923e-05,9.83452900982229e-06,153,-0.00962390033516536,0.06175986898476954,0.06225772063183384,0.0017197437991109486,0.0010531449690915906,-0.007534555266475875,-0.007534555294994146,0.4626712258958146,0.29693683286729633,0.3082350674475797,0.0017141322805727817,0.0010470831300608552,0.31551602567194365,0.3155160277615005,0.004158979065420179,0.064,0.39836021854697246,0.2221159296217699,1.3830113053105488,0.9323308270676691,0.4523656214282616,0.12158619941194042,1.007808610652552,0.21653683188516457,248.0,0.43151630935588153,0.2490686252987965,0.16879250667716225,11.848058908062722,0.9999999999546187,0.06530716289781617,0.06225671231589368,0.07859323026288417,0.1323553686893373,0.11233358221815477,0.1246072836360737,,,,,,,,,,,,0.06179730004804522,13965.0
,snow-1,6.655504945860528,0.00038083133404143155,4.57697692541168,4.57697692541168,5.971854974973212e-07,0.923957109451294,0.13100467712577696,5.516313738018752e-07,1.1055792887211637,2.0633224040667084,1.749629870960882,1.3339973629356858,1.2582220786637295,1.424245437541821,6.969865711692336e-06,5.598385763416758e-06,0.03281227758847462,0.07450809242070297,1.0777614079415798e-05,0.1959528625011444,1.8041502237319946,19,2.3249678725961958e-07,-5.575085333349196e-08,2.0101034375461856e-09,1701.0267721852883,2.927078951450333,2.667316499322791,0.31679397217759564,0.25,0.036209568696479386,1305699176.4030273,3.793545217444789e-07,0.7697902298315591,2.3573446914581226,0.012605042016806721,3.51487116013826e-05,0.006454057032649126,0.5820152434860769,0.0010946054693610125,-0.00026247757487368457,0.04455533665777252,277333.5866308035,0.0017860184005899903,0.012605042016806721,0.16548173611171263,0.6735405921936035,2.6624600094060646e-11,4.576977252960205,2.7075939178466797,0.5594126582145691,1.0,0.0,0.17821068619156435,0.1050237435385456,0.11345611258694883,0.07155686828067513,0.0342367118063542,0.03766602459382009,0.14481390151692966,0.9999999846237458,0.0,2.3252986597973394e-07,3.544545015604994e-05,0.0973907370414473,0.036982183436050524,0.0,0.3166004532678427,0.0,5120206.175603829,2.3459869471319346,0.0,0.580424030190948,0.9999999999989999,0.0,0.0035754383872976187,0.5450182608114116,0.09739073853885465,0.036982183436050524,0.0,0.3166004532678427,0.0,332.99437071313696,2.3459869471319346,0.0,0.5804240302275225,27,76,0.21652421652421652,1.0,0.4822980873934091,327.98739111302876,0.0004341552322812264,1.4342858375632785,8,15,0.5357142857142857,1.0,0.8120367090457385,263.97864197059374,0.001371769125209889,0.2592253328860598,0.15324441477533085,0.08298034455744598,0.5911629587633245,0,0,0.0,0.0,0.0,,0.0,0.0,0,0,0.0,0.0,0.0,,0.0,0.0,0.0,0.0,0.0,1.0,1.1252745935053099e-05,6.503534677904099e-05,1.3546319678425789e-05,1.0777614079415798e-05,125,-0.007503526385074761,-0.021992449647194573,-0.021517953530598734,0.0017213749890762863,0.001050539961170216,-0.005209100320152392,-0.0052091003448034,0.464848500824487,0.2800583638393854,0.2874493053722493,0.001716981150886055,0.0010496881379822298,0.31731203694377086,0.31731203904522215,0.002043800603396598,0.08181818181818182,0.6302834714569729,0.31955915558361586,1.4451635493213524,1.0,0.7097219799617934,0.11102420661319351,0.44812706553642134,0.1504174921782931,243.0,0.44613019999562065,0.2565642055735218,0.17454426016800859,14.06299103852099,0.9999999999545662,0.05376854731319054,0.07329760850714094,0.039386612624731525,0.09131341998150828,0.13804633879377534,0.09743411045637985,,,,,,,,,,,,0.058885891826498525,22801.0
,snow-2,6.679049917317972,0.00027279992355033755,4.345154866436563,4.345154866436563,3.0626959812707355e-07,0.9000282883644104,0.11432454406104622,5.266927921576681e-07,1.1521080083751596,2.160120974975258,1.8590082566507349,1.419577322361913,1.3056945535026756,1.473859019749701,4.915452727294323e-06,4.193199934610092e-06,0.03272819354732272,0.07746597391787018,8.779034942563158e-06,0.19469724595546722,1.8004969358444214,19,1.6216219720864454e-07,-7.287493642487771e-09,1.0885033911922586e-09,1665.9987403092941,2.9467491373706407,2.6010783423376984,0.3108985131835089,1.0,0.03275781408753439,1786600143.2027576,2.617443095317285e-07,0.7172200272547806,2.2825701566464356,0.01278409090909091,2.7132617560334322e-05,0.006538444254707229,0.5975188611949829,0.0010798171600065818,-4.852648427785969e-05,0.04826485513581408,268303.75743659615,0.0017429216217653039,0.01278409090909091,0.18067260393701162,0.6653981804847717,1.3706180287953451e-11,4.345154762268066,2.6832475662231445,0.5501174926757812,1.0,0.0,0.1779065011067849,0.12677428144220415,0.10957216630732443,0.07147338385844584,0.017648751328687266,0.05573089987443603,0.13962554780051015,0.9999999779342355,0.0,1.6216280114165336e-07,2.7328608775770056e-05,0.2783045633745174,0.03352393167786696,0.0,0.31057004128014054,0.0,7853991.714111522,2.272008598444031,0.0,0.596854298040524,0.9999999999989999,0.0,0.0035782462589212757,0.6030266585491533,0.2783045695152422,0.03352393167786696,0.0,0.31057004128014054,0.0,355.93561883234395,2.272008598444031,0.0,0.5968542980958579,26,75,0.23076923076923078,1.0,0.47941072640667787,351.7846061647939,0.0004942544642077042,1.4902453968345353,8,14,0.5,1.0,0.7619593137019798,263.49172677139876,0.0013894348722528521,0.23913972921689644,0.13530743697428382,0.07256286621035761,0.5658091084127717,0,0,0.0,0.0,0.0,,0.0,0.0,0,0,0.0,0.0,0.0,,0.0,0.0,0.0,0.0,0.0,1.0,9.015572686621454e-06,4.531907325144857e-05,1.0438078788865823e-05,8.779034942563158e-06,122,-0.0015098219491192066,-0.028252476644047217,-0.027804302455031002,0.0017213488905838427,0.0010503780866599755,-0.0007696086848159135,-0.000769608685541731,0.46747237536489233,0.27248510644707263,0.27924919040173385,0.0017179937915290375,0.0010498500124924703,0.3197257896690967,0.31972579178653343,0.001465939773059814,0.08796296296296297,0.6192932657980074,0.31049791561587964,1.4394567251762989,0.9872340425531915,0.7187912269485639,0.10359132171199552,0.407739202328039,0.19871735591632875,232.0,0.444314271821322,0.2585298604621084,0.1759689183274774,14.09088977178226,0.9999999999545662,0.05214743295727537,0.07744923633633612,0.03570399544896568,0.0909188339164838,0.12786009315312505,0.09509537757620613,,,,,,,,,,,,0.056682600939420305,20647.0
,snow-3,6.668096474562949,0.00027442898135632277,4.445083920494524,4.445083920494524,3.535174286639631e-07,0.9085025787353516,0.12153922204943021,4.813182085117163e-07,1.1334981123206478,2.017120201508544,1.793550690199051,1.3880418340190883,1.3032270415084708,1.4242226516725174,5.004478413228597e-06,4.155518595672092e-06,0.03289580510981387,0.07714390924681924,8.336246537510306e-06,0.19675011932849884,1.7987582683563232,19,1.633763327407731e-07,-2.4693503153736632e-08,1.070233937886879e-09,1645.7130344892375,2.9412279817536904,2.6391991357492426,0.31110460812665935,0.25,0.03468056045419618,1857819692.425728,2.7516773807273233e-07,0.7273784549717933,2.3112314101958824,0.012095747389865037,2.6501052876292547e-05,0.006309523809523809,0.5836323439383463,0.001074011544105946,-0.00016233145544931426,0.04625070424013565,282607.5373821448,0.0018089115792814987,0.012095747389865037,0.1742139559675151,0.6704612970352173,1.3501933945891942e-11,4.4450836181640625,2.6983799934387207,0.5556619167327881,1.0,0.0,0.17941174469046503,0.11582879339662114,0.10855093287294407,0.07080139637230787,0.03172765258336003,0.04976031017359219,0.14475273995147628,0.9999999782413015,0.0,1.6342457333584725e-07,2.670585919315696e-05,0.24693529857764956,0.03550555941851389,0.0,0.31082216909853916,0.0,7586929.43521742,2.3004157587661043,0.0,0.5828500539382989,0.9999999999989999,0.0,0.0035559060890373623,0.5810847498605087,0.24693530395039343,0.03550555941851389,0.0,0.310822169098539,0.0,348.68488504296926,2.300415758766104,0.0,0.5828500539911384,27,76,0.21652421652421652,1.0,0.4706482915681438,346.4472096838671,0.000478369972866886,1.4720687227879927,8,13,0.4642857142857143,1.0,0.7391963507970942,267.85649716625056,0.0013364299144363796,0.2417080971177487,0.14311159004712926,0.07707064639967327,0.592084385064734,0,0,0.0,0.0,0.0,,0.0,0.0,0,0,0.0,0.0,0.0,,0.0,0.0,0.0,0.0,0.0,1.0,8.601209628977813e-06,4.59586335637141e-05,1.0090983778354712e-05,8.336246537510306e-06,123,-0.0019968920686360796,-0.029077721112414717,-0.02861570093419342,0.0017213451182757956,0.0010504398435102758,-0.0009242136140327584,-0.0009242136157798905,0.4660894904792648,0.2781733379309508,0.28526344033225254,0.0017180293145945458,0.00104978825564217,0.31866653285132757,0.3186665346598766,0.0014595553161191638,0.08256880733944955,0.5930078799300768,0.29749771762048255,1.4582471517919084,1.0,0.6938222087095852,0.10878632629467685,0.4086265874147159,0.16468266899407427,237.0,0.45282011535304034,0.263277641228355,0.1793382185741845,14.149756424971713,0.9999999999545662,0.05677841968015537,0.07687904059443705,0.0361174867571733,0.0868436686165722,0.12478331992288316,0.09717623907847736,,,,,,,,,,,,0.05763750454355627,17124.0
,fog-1,6.693505400389338,0.0014568952610716224,4.588379224553106,4.588379224553106,3.1971918019735313e-06,1.111374855041504,0.21698588338733693,1.2109203555876746e-05,1.535581365237491,2.14201476173909,1.8659949605296349,1.7961507873275362,1.470433958063514,1.9403341241666214,4.0609989660600476e-05,2.0387583390180097e-05,0.029394538157591205,0.08227978441620347,1.9133494788547978e-05,0.21151916682720184,1.7673133611679077,19,1.331445715492868e-06,-7.016966037002659e-08,2.983064418982484e-08,1904.6871017167614,4.371979166724259,3.096169019912421,0.3314164254049796,20.222222222222225,0.047216584073360816,511133393.5589499,2.4226022416026875e-06,1.1254184082297964,2.9699076438854037,0.008454106280193236,9.520300414020606e-05,0.004592636114375245,0.48697623348363756,0.0009637931655040995,-5.0793657489940896e-05,0.015630877746957997,706112.4803638459,0.0017536482422788075,0.008454106280193236,0.06891456527367877,0.7062526941299438,1.588201514746146e-10,4.588378429412842,2.7861757278442383,0.5764471292495728,1.0,0.0,0.21803585686794583,0.06952491034748076,0.1134947346984301,0.11333294619266655,0.0860010666802668,0.027465879230940377,0.15797468644841456,0.9999999970355065,0.0,1.331488757190288e-06,9.912097773545113e-05,0.159357419814638,0.04502405329399879,0.0,0.33240223000054175,0.0,1225807.670667371,2.946797912552087,0.0,0.4936746727814051,0.9999999999989999,0.0,0.003947189801654629,0.29384349686363376,0.15935742028689262,0.04502405329399879,0.0,0.33240223000054175,0.0,413.49649091792827,2.946797912552087,0.0,0.49367467278634763,39,106,0.14304993252361672,1.0,0.40977451303119405,445.2611873939266,0.0002505830026855539,1.3971156573010937,7,14,0.6666666666666666,1.0,0.836973940037366,145.2761496386612,0.004478602092852543,0.27068913950667967,0.16609760159611334,0.09057057875090531,0.6136101429810583,0,0,0.0,0.0,0.0,,0.0,0.0,0,0,0.0,0.0,0.0,,0.0,0.0,0.0,0.0,0.0,1.0,2.7652737117023207e-05,0.00033732576412148774,4.3650605221046135e-05,1.9133494788547978e-05,150,-0.001567012412413377,0.07046648426659245,0.07084536412723429,0.0017180942983016782,0.00105765444050121,-0.0007805916728760344,-0.0007805916743516637,0.4513722462305732,0.33024968043096165,0.3428333397153714,0.0017037625232369364,0.0010425736586512357,0.30675122413329503,0.3067512252930499,0.00941015472005068,0.0778688524590164,0.16543953377357457,0.0894825357293183,1.20684501712068,0.908745247148289,0.5986810990710684,0.08393858106912147,0.5925270112272253,0.1832224725969182,239.0,0.36259794327551875,0.2082522437066279,0.14158164079200092,13.399560419048285,0.9999999999547826,0.06528098081789113,0.044754609767210234,0.07216334391908197,0.1000383612336595,0.149968480663958,,,,,,,,,,,,,0.06812205500175386,31699.0
,fog-2,6.779052567166965,0.0011734000872820616,4.184751621183726,4.184751621183726,5.036652169110312e-06,1.134895920753479,0.12048459202944256,4.768103174512817e-06,1.1600238152630282,1.6340095526044212,1.7586508543009256,1.4352118751930318,1.1179633697309477,1.162049402263038,4.276386519741493e-05,1.0844437762003167e-05,0.023638304901941624,0.059244262385876774,5.045423313276842e-05,0.20251332223415375,1.7158600091934204,9,8.312790876412471e-07,-6.268619021513034e-07,5.0956156635355423e-08,1861.2963341750199,4.3813177601078,3.04811155679892,0.33166923653039515,26.888888888888886,0.017838452867917468,574208337.2768521,2.7508911262226646e-06,1.0576401178534758,2.826178672285557,0.00763496888116949,0.00016234294188032325,0.004271410550975357,0.5238301518294224,0.0004595219736176387,-0.00034652240924102165,0.015570965505559371,1038747.652742563,0.0015206625211416098,0.00763496888116949,0.08974140224927579,0.5424935221672058,2.158628276127672e-10,4.184751987457275,2.719386100769043,0.5440263152122498,1.0,0.0,0.17610918822617708,0.0439711929715958,0.07981393630101867,0.11203521956707864,0.026667637247482605,0.0161488215892339,0.10854777117940063,0.9999999976412025,0.0,8.316576560938942e-07,0.00019505167268108267,0.001955062297838127,0.014930813680494759,0.0,0.347139581662354,0.0,1111915.1068640798,2.7160161422455187,0.0,0.5519122102233004,0.999999999999,0.0,0.001961711999150373,0.460087397679931,0.0019550623024477683,0.014930813680494759,0.0,0.3471395816623539,0.0,471.3906587462775,2.7160161422455187,0.0,0.5519122102276094,41,105,0.12804878048780488,1.0,0.32535087087796577,498.8811223602587,0.00018771108534351857,1.5054333976490328,8,14,0.5,1.0,0.6877812201203346,375.0081531871988,0.0014499602281813299,0.16989754104647953,0.16233453065224374,0.08833736790508516,0.9554848743092359,0,0,0.0,0.0,0.0,,0.0,0.0,0,0,0.0,0.0,0.0,,0.0,0.0,0.0,0.0,0.0,1.0,5.35332401341293e-05,0.0004239447880536318,6.885386392241344e-05,5.045423313276842e-05,156,-0.005749973931867993,0.06088743961136398,0.06106202534307968,0.0017179112460237764,0.001055711885328492,-0.0038044202914102065,-0.0038044202986020773,0.44702224797718787,0.20502509917549722,0.2170488200125982,0.0017045024354333557,0.0010445162138239539,0.3033695020347765,0.3033695043312727,0.006935389135663768,0.06324110671936758,0.13406784601279204,0.09903366238406847,1.281641001312101,0.9107806691449815,0.5568439341239847,0.08424280194826567,0.5756200079442839,0.12731168235008888,245.0,0.35160858357591285,0.1701879002209974,0.11663480228149,8.244952790521642,0.9999999999549751,0.09088312190487793,0.035256656935194114,0.0844403192407034,0.21361883811881102,0.15514938246315235,0.0334671024814509,,,,,,,,,,,,0.05582190562382406,17450.0
,fog-3,6.878943088981776,0.0012614298611879349,3.8084298635954736,3.8084298635954736,8.196580211006221e-06,1.0107111930847168,0.08243352662685186,-9.570994363883312e-06,0.81145318313748,1.5684912385404501,1.220596981369321,0.9788108528494568,0.8412646572434808,1.2694398292021245,4.9686302290741224e-05,1.3703593725988839e-05,0.019793290324079737,0.06280406935956527,0.00011387019185349345,0.20718616247177124,1.7117116451263428,8,1.117613852991267e-06,-7.321693845704704e-07,1.234865541195936e-07,1515.1187989694442,5.039713943965294,2.8469259527433453,0.40622404912651894,21.25,0.0070334288858686774,374508497.861149,3.3215913639242648e-06,1.015137692058577,2.5034478836570373,0.008871321914800176,0.00030624339439441295,0.005281071585419411,0.5982371203511934,0.000445235695584685,-0.00029168208873387813,0.019598194050124394,940077.1163006742,0.0013232576051178042,0.008871321914800176,0.12200142924874308,0.12291713058948517,4.2702136271444147e-10,3.8084304332733154,2.6761832237243652,0.5279402136802673,1.0,0.0,0.11985139484241446,0.04241905795528537,0.04086993236533554,0.11329001301997635,0.022055540693377555,,0.08622623978364971,0.9999999981877492,0.0,1.118045098473905e-06,0.0003727743135627272,0.13116996059947206,0.005676757836631579,0.0,0.4062560895307907,0.0,904501.1243149902,2.3621938333413244,0.0,0.6295461639633663,0.9999999999989999,0.0,0.0020261781835078127,0.6755605677658918,0.13116996083705376,0.005676757836631579,0.0,0.4062560895307905,0.0,499.10371004673476,2.3621938333413244,0.0,0.6295461639676855,40,92,0.11794871794871795,1.0,0.18392959716641283,634.7040899376706,0.00017051677967306852,1.5828784960241595,6,9,0.6,1.0,0.7930525684218407,235.56259476575315,0.0030582273880090027,0.11814509753288269,0.14948820322147915,0.0807820860594982,1.2652933244214633,0,0,0.0,0.0,0.0,,0.0,0.0,0,0,0.0,0.0,0.0,,0.0,0.0,0.0,0.0,0.0,1.0,0.00011613421520451084,0.0005517999525181949,0.00013220579421613365,0.00011387019185349345,136,-0.009921706347559,0.051033616053960756,0.0511514984443378,0.001719912020394628,0.0010514035769801922,-0.006720226476403606,-0.006720226501839645,0.4486041809589979,0.10982312101052992,0.12033316538894503,0.001709424531873951,0.0010488245221722536,0.3049656596781748,0.3049656608311789,0.0048064602376895,0.0375,0.12735377670951636,0.07749080496973082,1.3511028378789187,0.8514056224899599,0.24782242080020098,0.024777213244358234,0.6307220103058349,0.18729903380142157,212.0,0.2921804206345159,0.13987088087489333,0.09629472462594024,5.460027364423893,0.9999999999553008,0.06254024714599542,0.0556858906003585,0.10048556163634341,0.27358022147385364,0.13684309631639763,0.06600419900942685,,,,,,,,,,,,0.050799972600512465,5320.0
,frost-1,6.67485936744489,0.0002879645908251405,4.514150271442948,4.514150271442948,3.074486016885203e-07,0.9081180095672607,0.13724684613394778,3.06015764992007e-07,1.0803840033234275,2.020992065897068,1.6702967907672128,1.3578480957220083,1.2544997627587786,1.313217226435295,5.1692071671993745e-06,4.309962869708528e-06,0.034676082874010423,0.07774543051894947,7.656599336769432e-06,0.20245927572250366,1.8081624507904053,19,1.5832970549733024e-07,-7.53618278067871e-09,1.0231486604075907e-09,1820.4431304462162,2.905041476663186,2.6924294733864573,0.3082311222615059,0.0,0.03747917631389188,1997691454.0222535,2.5923490518100573e-07,0.7747320341835771,2.429181326826832,0.011811391223155932,2.522122508297117e-05,0.006020585317460317,0.5774765669889912,0.0010621985559534032,-5.055854415070781e-05,0.046049545277025136,297772.8582371844,0.0017391489542898765,0.011811391223155932,0.1692035539788705,0.6547425985336304,1.2452951864139195e-11,4.514150619506836,2.7342710494995117,0.5668585300445557,1.0,0.0,0.17937314079956787,0.12345671584814255,0.09473162047255795,0.08057544293439216,0.021949671057686394,0.05697441236910094,0.1284697081286343,0.9999999785152647,0.0,1.583325892743871e-07,2.5408909299181962e-05,0.00337872909531528,0.03826303678150027,0.0,0.30804063564902007,0.0,7558749.848686949,2.418067694058144,0.0,0.5765980898386215,0.9999999999989999,0.0,0.00340173383779947,0.5459037014471837,0.0033787291679030027,0.03826303678150027,0.0,0.3080406356490202,0.0,351.8195403536266,2.418067694058144,0.0,0.57659808988701,28,81,0.21428571428571427,1.0,0.4871183605365717,359.8230036796546,0.00037205067375849004,1.4632763227823677,8,14,0.5,1.0,0.754714695302524,263.7229936812032,0.0013822672403646333,0.24147482574033005,0.1476244257386512,0.07969465144643668,0.6113449933592627,0,0,0.0,0.0,0.0,,0.0,0.0,0,0,0.0,0.0,0.0,,0.0,0.0,0.0,0.0,0.0,1.0,7.938817361718975e-06,4.654466829379089e-05,9.480530934524722e-06,7.656599336769432e-06,132,-0.004592002871968727,-0.018145736260661238,-0.01764184408067084,0.001721212322440353,0.0010504384589467008,-0.003077815205522812,-0.0030778152113411098,0.4648127061001171,0.28818213338221665,0.2955907653564629,0.0017181291676792267,0.001049789640205745,0.3174621535696258,0.3174621562735346,0.0014723342689565023,0.084070796460177,0.6355573059297779,0.3263259572282788,1.430187874674914,0.9673469387755103,0.7131031879878741,0.12693309667240552,0.7040327940316365,0.1853408986832456,241.0,0.4445130941235843,0.26798652549357516,0.18281347165883838,14.559667612212204,0.9999999999545662,0.050032713294247445,0.08999189822675518,0.04134964647558606,0.08908602587710765,0.12574332824665058,0.09763881706913878,,,,,,,,,,,,0.06024659229133325,26557.0
,frost-2,6.615006892145036,0.0008785676909610629,4.21638290506674,4.21638290506674,1.5979069303284632e-06,1.2127264738082886,0.24280036282132542,5.11176547779435e-06,1.517893618075342,1.6169123830386236,2.5525420424438168,2.090092445445641,1.6831204532774509,1.977406652428661,2.0629835831398324e-05,1.6152375521771845e-05,0.04206737707081893,0.08549985677516742,9.677990419731941e-06,0.21356727182865143,1.8579823970794678,21,5.529584529210051e-07,-1.1418855204787164e-08,8.156040707585326e-09,2027.995663423998,3.4063580924419705,3.068294580869935,0.33399477806750166,2.0,0.09507283516769093,1316081274.7977197,1.2621256111596757e-06,0.987780900421574,2.909162633895754,0.011226102374344743,5.580308988904661e-05,0.005594767230405527,0.4868161481366248,0.0011276435176595348,-2.328638882788739e-05,0.033918609780653926,645361.9900645928,0.002573842142763505,0.011226102374344743,0.11379877329048407,0.6315294504165649,7.587146189091953e-11,4.2163825035095215,2.8688364028930664,0.5896971225738525,1.0,0.0,0.20327199479905064,0.16819904923926007,0.039740139329577984,0.11465315832913388,0.06434765090024759,0.1342852334017191,0.1370065173538984,0.9999999940230986,0.0,5.529598069087128e-07,5.598945137229975e-05,0.09442090224316815,0.09537597177279743,0.0,0.33448199478525303,0.0,2747761.393828534,2.9043069929238943,0.0,0.48695188676114676,0.9999999999989999,0.0,0.0033049862694215053,0.33464343286064935,0.09442090280741817,0.09537597177279743,0.0,0.334481994785253,0.0,459.7300823366482,2.9043069929238934,0.0,0.4869518867704735,41,109,0.1329268292682927,1.0,0.39252177825849954,496.91039559010204,0.0001831464476447861,1.423853149853687,7,17,0.8095238095238095,1.0,0.814102626406691,121.28942114101999,0.005607522070777644,0.3030492078224849,0.13654882116191405,0.07327738054669941,0.45058299984700617,0,0,0.0,0.0,0.0,,0.0,0.0,0,0,0.0,0.0,0.0,,0.0,0.0,0.0,0.0,0.0,1.0,1.2230984793859534e-05,0.00016731079085730016,2.0075496649951674e-05,9.677990419731941e-06,158,-0.010410613767511888,0.07921581212611886,0.07989011400749026,0.0017194609735758104,0.0010509871364661194,-0.007301373755094901,-0.007301373775813995,0.46660234838169545,0.3253728575525683,0.33663974158317667,0.0017140578894646779,0.0010492409626863264,0.31799083562650726,0.31799083803368644,0.005702479066255043,0.09716599190283401,0.38073367641457445,0.17569926240454398,1.305235407060342,0.9261992619926199,0.42810031201826576,0.1430509636995977,1.058841082134835,0.11985060383906167,251.0,0.3812367542432566,0.22187255160282365,0.15060832288000386,13.086201800807363,0.9999999999545925,0.00861272842327995,0.06068879723841603,0.07461133646752817,0.06699008335785764,0.08803644596284753,0.04282885999623361,,,,,,,,,,,,0.07943440856045003,107584.0
,frost-3,6.6454383400935235,0.0016474646981805563,4.457755417528689,4.457755417528689,2.845151243491273e-06,1.2337069511413574,0.2576691646252246,6.38817752052212e-06,1.3576408437292202,1.696776873245518,2.0773837832763724,1.8515030629218423,1.4554932913339462,1.7103023458346815,3.307152581677464e-05,2.788650633811507e-05,0.041242934944818094,0.08327193740939882,1.0619042768666986e-05,0.21842874586582184,1.8439137935638428,21,9.162817638064023e-07,-5.83432042190251e-08,2.031371908591942e-08,1920.301085307711,3.480719609718822,3.1243272762073255,0.3217406675496405,73.55555555555556,0.12836135716923047,1026948430.6813258,2.227351376199072e-06,0.9794038323535048,2.9529111504669303,0.008220211161387632,7.595974012013572e-05,0.004472382916165492,0.46464896210860623,0.0011427721892087808,-7.276469730672355e-05,0.03159734991455199,823413.5816458429,0.002777917484735626,0.008220211161387632,0.09473578935959492,0.5950613617897034,2.0898326125173838e-10,4.4577555656433105,2.8844518661499023,0.600541353225708,1.0,0.0,0.192918243423119,0.1367104238488515,0.037368918034199526,0.1350172584440656,0.04896572949911184,0.12441991533544328,0.1344989042819477,0.9999999963387882,0.0,9.163127398261105e-07,7.657129209509987e-05,0.13232316578870212,0.12915787978376447,0.0,0.3219412522323231,0.0,1774628.3346335907,2.9451738489651054,0.0,0.4656580006709574,0.999999999999,0.0,0.0033548149937317772,0.2803437163372903,0.1323231662730329,0.12915787978376445,0.0,0.32194125223232334,0.0,484.71064858104734,2.9451738489651054,0.0,0.4656580006763512,45,115,0.11616161616161616,1.0,0.45471349421352186,517.7809696095372,0.00016183987712750506,1.4147981268062573,7,16,0.7619047619047619,1.0,0.7921669485358835,123.97733579548228,0.005571895090315443,0.29319276463887833,0.14600455427743197,0.07875130147395203,0.4979814370837693,0,0,0.0,0.0,0.0,,0.0,0.0,0,0,0.0,0.0,0.0,,0.0,0.0,0.0,0.0,0.0,1.0,1.6599326045252383e-05,0.000273133598966524,3.01196523651015e-05,1.0619042768666986e-05,160,-0.007973013965560145,0.07879852674155867,0.07957613414798514,0.001718786555297005,0.0010534389548411127,-0.005889035758828305,-0.005889035803433006,0.4683109919977053,0.3264805603838363,0.33869036161414895,0.0017105758844946724,0.001046789144311333,0.3194298912589947,0.31942989579523745,0.008831827595322741,0.08333333333333333,0.3965075699478179,0.22745394804402036,1.3965831723361017,0.9853479853479854,0.4105622148424563,0.15537960336915319,1.0009327577961897,0.11313093623727961,269.0,0.39285941272267527,0.19128908885905513,0.13037978257800367,12.800182858167355,0.9999999999546475,,0.06341969036739108,0.05915531296254204,0.07826718252025947,0.11103150454466411,0.07114516016152389,,,,,,,,,,,,0.08165919955539912,79945.0
,gaussian_noise-1,6.699161377161977,0.0006214600871317089,4.68370377497795,4.68370377497795,1.156365541987725e-06,1.063207983970642,0.12063134106467105,-8.416724334159298e-08,0.9913376818466,2.050183717229763,1.5618678795395229,1.1477320422738628,1.130668390590996,1.274988847966095,1.1152048233098455e-05,7.9035245443837e-06,0.028904705725388256,0.06316333286419248,1.5001241081336048e-05,0.1957484632730484,1.7876536846160889,19,3.819788382572965e-07,-1.2702747392305493e-08,5.634831162327555e-09,1689.1860955599961,3.044163307766943,2.740780120721298,0.30883802277732714,6.25,0.03606133363934958,929262653.0154122,6.635428534850662e-07,0.7868263657023035,2.43704239785202,0.0104032604032604,5.5548484677023414e-05,0.005495495495495494,0.5830943401210998,0.0009901011102838367,-3.292590859960555e-05,0.0378583233483257,358507.5030450852,0.0017199238147233493,0.0104032604032604,0.1439834089402635,0.6568384766578674,8.166238518736435e-11,4.683703422546387,2.688765525817871,0.5484512448310852,1.0,0.0,0.17506358644425077,0.08470412855436955,0.11467950492666032,0.06430341553818662,0.055363924520114204,0.014303683550887491,0.1364378424613264,0.9999999913821518,0.0,3.8198273968267967e-07,5.651889749213911e-05,0.1621026745727838,0.03666031677869613,0.0,0.30849000023425444,0.0,3270791.0290347454,2.417288508812884,0.0,0.5839867489447272,0.999999999999,0.0,0.0032918693079240337,0.4870712852801541,0.16210267596959796,0.03666031677869613,0.0,0.3084900002342545,0.0,379.53685317723813,2.417288508812884,0.0,0.583986748964856,29,81,0.19950738916256158,1.0,0.49422030279806245,370.83147788351084,0.00036977064932051967,1.4354320763255033,8,15,0.5357142857142857,1.0,0.8352897278325786,319.30233527127797,0.0011638776839909264,0.25017778003312446,0.15719507182068626,0.08530206828565112,0.6283334667046492,0,0,0.0,0.0,0.0,,0.0,0.0,0,0,0.0,0.0,0.0,,0.0,0.0,0.0,0.0,0.0,1.0,1.6344329196726903e-05,0.00011603824532357976,2.1176558220759034e-05,1.5001241081336048e-05,128,-0.005373119448347662,-0.02311598938287472,-0.022627509221884688,0.0017216848457811103,0.0010511736360285795,-0.003736472407368775,-0.003736472421511312,0.46466227538760757,0.2760867888160754,0.2845864339286457,0.0017146059079600306,0.0010490544631238663,0.31706385589413,0.3170638585946464,0.0033251097956540805,0.08558558558558559,0.4484956921408824,0.24005339516960705,1.3877884587257756,0.946058091286307,0.4989296989955427,0.06989887436107166,0.8208414672874764,0.13147255279934894,228.0,0.43402252310710276,0.24330095121040649,0.1646186260062598,13.266697562040449,0.9999999999545944,0.050146499155582364,0.07356386282390392,0.05230582541644306,0.0871069991232972,0.14420132021837417,0.12288299371085472,,,,,,,,,,,,0.055879012059703984,11787.0
,gaussian_noise-2,6.690319060659602,0.0006493084947578609,4.468079603141839,4.468079603141839,7.351816293521551e-07,1.0662896633148193,0.08237889320478212,-6.294782110144448e-08,0.9931583931415073,1.9623340417630717,1.4939465128091804,1.164576186601475,1.1314828916952735,1.295258341023301,1.0715128710980792e-05,7.865619353619735e-06,0.025887524666759358,0.057824891824179575,2.250905345135834e-05,0.1851242333650589,1.7832032442092896,15,4.813412135861926e-07,-1.1647686405410688e-07,7.347690594098885e-09,1351.9970333060094,2.9786573502868356,2.509944634000737,0.30144809721785815,0.0,0.027741774566510946,636876199.2417545,6.717911601056461e-07,0.6952830393594965,2.1566763211938422,0.013541666666666665,7.010659852603053e-05,0.007260003101736971,0.6282530897135706,0.0011629749005602685,-0.0002814212893408449,0.04289290634809531,263595.334632115,0.0016231235773199342,0.013541666666666665,0.16938548964918748,0.6659244298934937,1.1241010205997881e-10,4.468079566955566,2.5910699367523193,0.5155978202819824,1.0,0.0,0.17409803707803512,0.08200323195835355,0.11511965320619633,0.07678463001132804,0.043465812349421214,0.02594985506405244,0.13972161920500686,0.9999999913416244,0.0,4.81429783424881e-07,7.105037917827761e-05,0.08944267716976628,0.02817227245039533,0.0,0.3009421231967252,0.0,3009330.415156317,2.1401874369957334,0.0,0.6284881953351997,0.9999999999989999,0.0,0.0041683999202961584,0.6151808739310272,0.08944267794410513,0.028172272450395337,0.0,0.3009421231967254,0.0,347.56293007502035,2.140187436995733,0.0,0.6284881953613587,25,66,0.22,1.0,0.515791536744654,373.92632230744186,0.00045998710983096943,1.490272292189857,7,14,0.6666666666666666,1.0,0.8538991386627889,164.68615032503163,0.0032377695558139232,0.23685719507184672,0.1364352563691479,0.07321197550846884,0.5760232714389889,0,0,0.0,0.0,0.0,,0.0,0.0,0,0,0.0,0.0,0.0,,0.0,0.0,0.0,0.0,0.0,1.0,2.3398722987622023e-05,0.0001154951096395962,2.767175465123728e-05,2.250905345135834e-05,106,-0.0033678048904363413,-0.0477880480945666,-0.047380800727311385,0.0017227407812869585,0.0010511676113083013,-0.0021776895180376436,-0.0021776895242172686,0.46853980299565495,0.24792908168198535,0.25480119007179913,0.0017134362656721406,0.0010490604878441445,0.3203425876124901,0.3203425897340117,0.0035131859170500603,0.08415841584158416,0.4724378628156379,0.22446986221675874,1.5201593544250809,1.0,0.6335360569971072,0.10183420734776685,0.6028646886970934,0.1785031599136933,231.0,0.4332472702855359,0.24133038913807234,0.16341138353830653,12.474462868690265,0.9999999999546041,0.05265163870613123,0.07261394612324476,0.060252944497848814,0.08910945140079454,0.14658250841226902,0.0957447090653532,,,,,,,,,,,,0.04775394128594791,7938.0
,gaussian_noise-3,6.598894358647321,0.000753388914745301,3.9425250223016506,3.9425250223016506,9.319707032773294e-07,0.9218506813049316,0.046370961150622954,8.317770630317245e-07,1.1005513707004653,2.277953455309243,1.7791956550431245,1.29730058645814,1.1372945516586286,1.3691801969569497,1.0731465602237256e-05,8.109717280296858e-06,0.020860421736331316,0.04794129356645092,3.8831884012324736e-05,0.16762609779834747,1.7556018829345703,19,7.138965500324599e-07,-5.755078064098875e-08,1.679037116847648e-08,1040.1628074396458,2.9283947484931314,2.20227929432792,0.2695695223458307,1.0,0.026400270513248485,224601761.74968973,6.650639045985365e-07,0.5238756510664822,1.6634817800392292,0.020339262187088272,0.00011472645468487506,0.01075490735644836,0.6976857367136465,0.001387769369517528,-0.00011187507803869009,0.06344893329576312,115539.67385826801,0.0012928418379843883,0.020339262187088272,0.2230209110420052,0.6793074607849121,2.1948919071146378e-10,3.9425249099731445,2.355076789855957,0.4461285471916199,1.0,0.0,0.15029077929082824,0.08972455336523764,0.11952468223666084,0.08769457174787249,0.026756096392341243,0.04222342307254292,0.14540159149099832,0.999999993208056,0.0,7.139091031416044e-07,0.00011530391640704143,0.4841310867098533,0.02643030476049212,0.0,0.26904130238513585,0.0,2251632.329770912,1.6583037802919367,0.0,0.6989060323674778,0.9999999999989999,0.0,0.004848830731203898,0.7831377563926776,0.48413108999756044,0.026430304760492115,0.0,0.26904130238513563,0.0,331.5151438071117,1.6583037802919367,0.0,0.6989060323975173,17,45,0.33088235294117646,1.0,0.5224441450547879,336.87501164468483,0.0007782995557985761,1.6195938604302158,7,12,0.5714285714285714,1.0,0.8587719344421437,205.325640745369,0.0025277759845301435,0.1772523633627845,0.10157688810349984,0.053505926822617456,0.5730636600630324,0,0,0.0,0.0,0.0,,0.0,0.0,0,0,0.0,0.0,0.0,,0.0,0.0,0.0,0.0,0.0,1.0,3.995453516836278e-05,0.0001472332514822483,4.545223418972455e-05,3.8831884012324736e-05,80,-0.0029111119588532144,-0.06402006688628863,-0.0637187531677058,0.0017251292917813928,0.0010513561513789682,-0.0017149717029741039,-0.0017149717078406756,0.473237841790519,0.2096037165060049,0.2145837377351521,0.0017105580482545796,0.0010488719477734776,0.324177605689404,0.3241776081434168,0.004334095092904516,0.08426966292134831,0.7195267561742168,0.3686582236073181,1.6265574112849652,1.0,2.777405965413784,0.032676023656415865,0.5945280069198315,0.2333431450498946,218.0,0.41669585608142073,0.24083016108856134,0.16375957648833914,10.283828552890814,0.9999999999546532,0.04789312403068893,0.05269945172852828,0.06524994592532787,0.10265172419336148,0.1244683582525915,0.09571247756384849,,,,,,,,,,,,0.03589837235617168,2611.0
,shot_noise-1,6.694361806035552,0.0006914515397511423,4.402355820563207,4.402355820563207,1.2573399033044552e-06,1.0663331747055054,0.0912617554627664,1.6348377918085077e-07,1.01588538866004,2.0210271242155278,1.5964547583220372,1.1533883734388362,1.1470393438220468,1.2837383532082893,1.18699731499472e-05,8.291968429330332e-06,0.02653756402789365,0.05745859420091197,2.159124778700061e-05,0.18718872964382172,1.7858729362487793,19,4.2213115896547023e-07,-3.79698473300162e-08,8.69591162257754e-09,1433.5966199663708,3.0937717956478368,2.6267723407531323,0.3031092298943921,0.25,0.030894080231275663,763852078.9325502,9.640396581385213e-07,0.7206417049956965,2.250168477904955,0.01145912910618793,7.390535528269949e-05,0.00625750300120048,0.6129098711817021,0.000943795805714738,-8.489255611873454e-05,0.043468673201539576,341647.8053142958,0.0021553883577027835,0.01145912910618793,0.1652367124875318,0.6649180054664612,1.2385160952366192e-10,4.402355670928955,2.6138899326324463,0.5200862884521484,1.0,0.0,0.1664224608231825,0.08404582646084172,0.12057925633697196,0.07179830243981415,0.057024137701758286,0.013001140778120328,0.14551210379244758,0.9999999925518641,0.0,4.221941561029254e-07,7.543575667268631e-05,0.08624919083753531,0.03145755338944789,0.0,0.3022161182327246,0.0,2880847.823433446,2.226789885152054,0.0,0.6137616208677055,0.9999999999989999,0.0,0.003144559488933918,0.5618557742238788,0.08624919147984476,0.03145755338944789,0.0,0.30221611823272493,0.0,386.7877583348815,2.226789885152053,0.0,0.6137616208881107,27,70,0.19943019943019943,1.0,0.4995425179192922,376.2431422524466,0.00037641283919208037,1.4834110498328257,8,15,0.5357142857142857,1.0,0.8444032934241286,358.172451510499,0.0010377403333431017,0.2363247153072793,0.1401321174299475,0.07534519991619318,0.5929642917277689,0,0,0.0,0.0,0.0,,0.0,0.0,0,0,0.0,0.0,0.0,,0.0,0.0,0.0,0.0,0.0,1.0,2.2764146706322208e-05,0.0001342617761110887,2.807907367241569e-05,2.159124778700061e-05,116,-0.0015310016570186892,-0.04078646601406316,-0.04036163861047839,0.0017225432964235417,0.0010513699559169254,-0.0011333545638310385,-0.0011333545659735305,0.46865061783801826,0.25599412330861593,0.26334662412035026,0.0017130959349787502,0.0010488581432355204,0.32028829978406737,0.3202883012984116,0.0037417917994805637,0.08018867924528301,0.46223798192318566,0.2279746735878389,1.4393209421158957,0.9956331877729258,0.5627665969833681,0.07759968581967654,0.6596913308209161,0.1200081054357487,228.0,0.4080492901412315,0.2364472302521417,0.16048441700081492,12.678949774243874,0.9999999999546143,0.05253845004160898,0.058472773806294315,0.061897438389542696,0.08474633375950996,0.14634044126705867,0.10404379522603135,,,,,,,,,,,,0.05013702078682063,9440.0
,shot_noise-2,6.639114748040971,0.0007868031971156597,3.8475930311405975,3.8475930311405975,5.674664294019749e-07,0.8556080460548401,0.039329430164342837,-2.9235021464790734e-07,0.9682239760931851,1.9135602678404622,1.5610652021985658,1.1463552508433257,1.0678714180007476,1.1603448626166624,1.0546893829288528e-05,7.1378019051993036e-06,0.01789581040138511,0.040374927028969845,4.2720548663055524e-05,0.16738972067832947,1.733588457107544,15,4.186374333949309e-07,-2.909452274417281e-08,1.9947577045012e-08,852.6363276059628,3.02056830679701,2.1787551256271454,0.25681314810102107,2.25,0.02446624557284449,305558967.89827275,1.950843059859153e-06,0.5011442323137627,1.649483834468646,0.014202898550724638,0.00012569968818146958,0.008812785388127853,0.6838953042138335,0.0007104020880166549,-4.9371623540231586e-05,0.057441067166368945,180064.81663028698,0.003310461159465679,0.014202898550724638,0.21330467589504076,0.6704753637313843,2.674500620969411e-10,3.847592830657959,2.3377766609191895,0.44244396686553955,1.0,0.0,0.14230853348695713,0.08172241911178652,0.11259870169147043,0.07889852473849868,0.04821456318508829,0.03148830246233057,0.11845952759406601,0.9999999937497044,0.0,4.18639820475732e-07,0.00012769951214646548,0.18871462199753702,0.025288461336156608,0.0,0.2544567777879192,0.0,2146360.547617497,1.6299915370827924,0.0,0.6804282259839767,0.9999999999989999,0.0,0.002616622679265499,0.7981597145581394,0.1887146231768705,0.025288461336156615,0.0,0.2544567777879194,0.0,343.4014393634369,1.6299915370827924,0.0,0.6804282260131012,18,42,0.27450980392156865,1.0,0.521131517119643,367.9406464290056,0.0005286121559240687,1.6561142228618069,7,12,0.5714285714285714,1.0,0.8046243991724187,214.03078771238117,0.002364779943889472,0.15650027193441807,0.09369275260188731,0.04914882043792627,0.5986746952180987,0,0,0.0,0.0,0.0,,0.0,0.0,0,0,0.0,0.0,0.0,,0.0,0.0,0.0,0.0,0.0,1.0,4.39525829278864e-05,0.00015999242896214128,4.986881685908884e-05,4.2720548663055524e-05,75,-0.0005841808812561081,-0.07077901729317206,-0.07049700187085854,0.001726143265788562,0.0010517037292174791,0.0001249620395862338,0.00012496203982246184,0.4707730447263432,0.20272729575994386,0.2079025999509464,0.001709769544102812,0.0010485243699349667,0.32248588259777955,0.3224858835115328,0.004379087890647723,0.08670520231213873,0.8264801975101914,0.3619898105563993,1.5287924867045595,1.0,2.741858905274254,0.033309069756370685,0.5470802580145918,0.19897850356698638,215.0,0.42756076209458077,0.25611781364151415,0.1738465940869656,10.136201620382712,0.9999999999546786,0.04844851481836423,0.05543936973202716,0.06571906795157058,0.10867445139282284,0.13939088675843017,0.11094567056354451,,,,,,,,,,,,0.03192180260667012,1065.0
,shot_noise-3,6.388805734316721,0.001285021542571485,3.2720028483088903,3.2720028483088903,8.193601956918428e-07,0.7529628872871399,0.018417519854198768,1.329636632851905e-06,1.1534806634798724,2.362935580823546,1.8975318093973093,1.3657019585434038,1.1949210094012168,1.3959016670648718,1.1831366585002279e-05,8.351075890256077e-06,0.010674477123066068,0.026808250605523675,9.621190110919997e-05,0.1528768688440323,1.6676146984100342,15,1.3100247411512466e-06,-2.532669583002848e-07,7.966296065402047e-08,577.9940738377508,2.798284921720865,1.7565327546842135,0.17654869717972319,4.0,0.0287935693141466,69048254.43761916,1.6350395483662284e-06,0.3346779689776691,1.237451536514651,0.02369281045751634,0.000260769801567482,0.015250544662309368,0.7370163237805002,0.001182056915370222,-0.00022852694958190546,0.06485959249545732,76523.32253470295,0.0014753231123999808,0.02369281045751634,0.23529688812415434,0.6596813797950745,1.1041766390107455e-09,3.272002935409546,2.017643690109253,0.37442639470100403,1.0,0.0,0.11939620313482724,0.09457680226937698,0.14371743708766857,,,0.05230222515533291,0.13265848841981975,0.999999996175204,0.0,1.3100247411512486e-06,0.00026076980156748177,0.04910647769595933,0.0287935693141466,0.0,0.17654869717972319,0.0,1096765.3526925796,1.237451536514651,0.0,0.7370163237528635,0.9999999999989999,0.0,0.005010577457416925,0.9973913074045166,0.04910647788373247,0.028793569314146603,0.0,0.1765486971797233,0.0,286.75132945763414,1.237451536514651,0.0,0.7370163237804929,12,31,0.4696969696969697,1.0,0.6179598163208176,190.95396849037428,0.0020893524075803424,1.8238258736981139,6,5,0.3333333333333333,1.0,0.9999999999999991,255.82872140804528,0.0015635461014637299,0.07796117053432274,0.0491064778837816,0.02517127527827028,0.6298837940377289,0,0,0.0,0.0,0.0,,0.0,0.0,0,0,0.0,0.0,0.0,,0.0,0.0,0.0,0.0,0.0,1.0,9.918722935253754e-05,0.0002614518452901393,0.00010886570817092434,9.621190110919997e-05,51,0.007007961739609735,-0.08389345922463329,-0.08368097328073203,0.0017381943646842262,0.0010544122319515736,0.005422638633291632,0.005422638633268856,0.4727025905073595,0.1760937674341638,0.18015095161166422,0.0017014570527191647,0.0010458158672008722,0.32392016005258556,0.32392016066355345,0.007334951895008274,0.09333333333333334,1.1670352920164277,0.5735663436753162,1.6737500455563246,1.0,4.68358764428352,0.11401729561044435,1.2187193965750778,0.18401451214380488,213.0,0.39678329006254287,0.24651907940420295,0.16994617365234457,7.569318351862594,0.9999999999549318,0.039217072386264644,0.05289264180097353,0.08512080814359807,0.12212358374198855,0.17703045685279187,0.10036048414218512,,,,,,,,,,,,0.018682457411446918,677.0
