,Unnamed: 0,model_id,middle_layer_entropy,weighted_shortcut_score,shortcut_drift,shortcut_reliance,early_to_deep_edge_importance,path_depth_entropy,deep_shallow_ratio,edge_start_ratio_deep_vs_shallow,shortcut_vs_local_ratio,shortcut_vs_local_ratio_1,shortcut_vs_local_ratio_2,shortcut_vs_local_ratio_4,shortcut_vs_local_ratio_5,edge_start_ratio_deep_vs_shallow_1,edge_start_ratio_deep_vs_shallow_2,edge_start_ratio_deep_vs_shallow_4,edge_start_ratio_deep_vs_shallow_5,logit_contribution_diff_deep_vs_shallow,logit_contribution_ratio_deep_vs_shallow,logit_contribution_ratio_deep_vs_shallow_v1,logit_contribution_ratio_deep_vs_shallow_1,logit_contribution_ratio_deep_vs_shallow_2,logit_contribution_ratio_deep_vs_shallow_4,logit_contribution_ratio_deep_vs_shallow_5,logit_contribution_ratio_deep_vs_shallow_signed,deep_logit_contribution,deep_logit_contribution_signed,deep_logit_contribution_normed,deep_logit_contribution_signed_normed,test_rankme_id,test_alphaReQ_id,val_id_acc,val_id_f1,test_rankme_location_46,test_alphaReQ_location_46,test_ATC_location_46,test_EMD_location_46,test_AC_location_46,test_ANE_location_46,test_acc_location_46,test_f1_location_46,sharpness,shortcut_vs_deep_ratio,shortcut_vs_deep_ratio_1,shortcut_vs_deep_ratio_2,shortcut_vs_deep_ratio_4,shortcut_vs_deep_ratio_5
0,0,0,6.90021226900148,0.0433450415730476,3.1413063574472218,3.1413063574472218,0.0,1.088320255279541,0.1315170355441495,0.063644296039268,11.000439866964625,125.89235551397674,36.60592778932205,7.737719777702333,2.266402333202889,0.08427542059084726,0.0497451466456906,0.1045263481246945,0.1898572138680731,0.0002372755945234,17.653143483688062,1.90351136806558,2.7244663496037305,2.2259746650083403,2.033526641922809,1.629386438172574,2.182519794404252,0.0009208006157246,0.0007773336541481,0.0303740862026977,0.0713333251580137,57.33575439453125,1.1194976887402035,0.8039014935493469,0.4063765704631805,43.32937240600586,1.1138051289025206,45.46938775510204,2.013978719711304,0.532304584980011,-1.1938145160675049,0.3526530612244898,0.1543309837579727,0.947121798992157,1.690844366528476,1.2411590222841336,0.9106242159979908,0.6473521747591123,0.5211970303042043
1,1,1,6.813685426097273,0.0460203997790813,3.1059002530159607,3.1059002530159607,0.0,1.0604679584503174,0.1350056697807365,0.0685499078525983,10.490622840513726,115.0384238862306,32.99424295977537,7.55671095145153,2.2535163240433,0.09156521262947781,0.0524772385711922,0.1102107349043206,0.1995178307849277,0.0001746591180875,17.152475153786046,1.1342099162585084,2.671287067935248,1.841409186917731,1.7869479408381923,1.501164611379035,1.9517054237375773,0.0008696522464219,0.0007611347097622,0.0321269182034206,0.0661458088274615,57.33575439453125,1.1194976887402035,0.7967146039009094,0.4004363715648651,43.32937240600586,1.1138051289025206,48.89795918367346,2.014510154724121,0.5420469045639038,-1.1764119863510132,0.36,0.1616823375225067,0.8671601116657257,1.7267036487639102,1.2353057264366736,0.8670009514659636,0.6618626289446006,0.541162876229774
2,2,2,7.570623611341617,0.0274452269077301,6.118226698427328,6.118226698427328,0.0001186795143439,1.290919542312622,0.1835404219532557,0.0980649766413382,14.015975468784127,192.24812554683183,61.09118132162046,7.346034876958463,1.097508771337511,0.1824966639524949,0.116277725919045,0.148979692955436,0.2699849990694052,0.0011786078696509,24.213369320057584,1064282212.6101238,21.941987450462257,18.06225825532804,8.632230114084933,5.012857362352854,18.865238717579896,0.0014564338833844,0.0013964287209953,0.0234828139714109,0.3629360820079037,57.33575439453125,1.1194976887402035,0.8285421133041382,0.4736159741878509,43.32937240600586,1.1138051289025206,51.755102040816325,2.0329906940460205,0.5786085724830627,-1.1006864309310913,0.3706122448979592,0.1761331409215927,0.8708581030368805,1.4005938715963206,2.8886046874429123,2.098407961997319,0.6827614964476588,0.4459075533117213
3,3,3,7.572486059378789,0.0271233469247818,5.960208565894917,5.960208565894917,0.0002094204628519,1.2250359058380127,0.1825524213678485,0.0959881164870176,13.92709028225656,192.6939858125598,61.565258646617984,7.46990008645148,1.0967068811634284,0.19081406678779597,0.1117336707253503,0.1443634995684558,0.2643546286071075,0.0011208933042929,23.942524268688995,999932311.970042,22.584534722199127,17.15423213020355,8.63712963342338,4.11952550247189,17.40140106974945,0.001403851352407,0.0013138028807162,0.023800153824357,0.352700290841602,57.33575439453125,1.1194976887402035,0.826488733291626,0.4530349671840668,43.32937240600586,1.1138051289025206,48.97959183673469,2.0273234844207764,0.5628266334533691,-1.138872742652893,0.3714285714285714,0.174225702881813,0.8467733561992645,1.3602735875495293,2.990991065226043,2.038787880263213,0.6701720847357248,0.4383850514143709
4,4,4,7.594343014511717,0.0320554077625274,6.115357878429864,6.115357878429864,0.0003124288978142,1.2471096515655518,0.2083862730327831,0.1086563517264454,13.322200361480304,166.57173277952074,53.71560308624274,7.302569729160576,1.1255415830964135,0.23427263149141478,0.1303320888158029,0.1605974162748236,0.2815793870276286,0.0014956394016056,26.155793034224224,1290117885.218933,22.53854151947733,17.313408779026712,9.472317416755867,4.646652350497337,26.118733031753123,0.0018577019076335,0.0017413023367556,0.0272138621206244,0.3740872646155881,57.33575439453125,1.1194976887402035,0.8480492830276489,0.5480045080184937,43.32937240600586,1.1138051289025206,49.87755102040816,2.0421805381774902,0.5928106307983398,-1.0691274404525757,0.3844897959183673,0.195124477148056,0.9067141115665436,1.4572899955842002,3.112861312059797,2.02925642993654,0.720857156268108,0.4670086786103408
5,5,5,7.587250184960432,0.0287000630050897,5.967503767770054,5.967503767770054,0.0002226127671747,1.2458769083023071,0.2002623550354302,0.1033356133048406,13.529549938771591,174.16668169456463,56.33689563284491,7.390298789909509,1.1209887623785582,0.22221028875975013,0.1233334701113704,0.1530257834366166,0.2721520211624481,0.0012883471442819,26.576195387027823,1119416680.012364,27.48777083022012,20.19090783047101,9.5820430526838,4.374450146439562,20.20500827760772,0.0015898608335405,0.0014906285884208,0.0263943097864534,0.3630458467162571,57.33575439453125,1.1194976887402035,0.8398357629776001,0.5156537294387817,43.32937240600586,1.1138051289025206,46.04081632653062,2.021826267242432,0.565140962600708,-1.1456565856933594,0.3844897959183673,0.1832953691482544,0.8893545269966125,1.4221569375881642,3.118737228472072,2.0480687404209474,0.7021087549046057,0.4537440250393266
6,6,6,7.605025032509401,0.0379561595618724,6.166760864087425,6.166760864087425,0.0003904491459252,1.240386962890625,0.2093525992984528,0.1113277748523656,12.9112719531514,157.18286842450934,51.368164459089975,7.1663484616815945,1.1364880141925835,0.23392284706831487,0.1326472452692024,0.1650606033176946,0.287258313417855,0.0018203745458285,25.085439483375154,1548435124.277603,19.88314201869992,15.475969913780236,9.12926686198907,4.802512577241068,36.52499103042186,0.0022849276822611,0.0021190808429523,0.0272570412022014,0.3837313748818188,54.70491409301758,1.021486452874943,0.9466119408607484,0.8393526077270508,76.61678314208984,0.9588050133389048,60.89795918367346,1.9928480386734009,0.645555853843689,-1.073710560798645,0.3714285714285714,0.1863082647323608,1.1868921220302582,1.4471806315218638,2.895464913656703,1.9622406546952216,0.7271779756281355,0.4767682890040143
7,7,7,7.608048698733919,0.0330917537212371,6.078318225120118,6.078318225120118,0.0002895540928875,1.272575855255127,0.205131501238868,0.1082245971939095,13.307742761526082,165.11892324444582,53.94576663332109,7.248447375032275,1.133968154126724,0.22260179001287367,0.1284140483955171,0.1605428485629836,0.2810321607355232,0.0015359865351314,25.375433544688647,1250799483.3867998,20.032963831569266,15.787607709562549,9.195795664922782,4.858470101549278,30.50238059560949,0.0019168093753449,0.0018020023539264,0.0266284104830299,0.3756024990618523,38.43052673339844,1.1772479366181836,0.9414784908294678,0.7361628413200378,42.150367736816406,1.0774649512926768,53.30612244897959,1.9835079908370967,0.5845345854759216,-1.257009506225586,0.3224489795918367,0.1607970148324966,1.3135450184345243,1.4534079754140805,2.912465127399113,2.004892217419573,0.717580484724852,0.4681488097462713
8,8,8,7.616098561285533,0.0306577980518341,5.634988745272603,5.634988745272603,0.0002114137187163,1.4084126949310305,0.3080983365745047,0.1501490540610262,11.102458166933763,222.6249587732492,44.18762163102071,5.928483150579352,1.1303309601181546,0.1622988671391585,0.1773631459595623,0.2132523402716201,0.3652295530823116,0.0019800567232088,20.60835881945309,1626083918.3814824,38.50352045829189,42.00171379788712,21.165608343307888,13.099353919503384,986.0281484287428,0.0021373095534293,0.002085640164541,0.03071645455284,0.2926183101262326,85.21971893310547,0.9568302495556508,0.9620123505592346,0.9156898856163024,146.7625274658203,0.940289496272206,62.44897959183674,2.0185911655426025,0.6934492588043213,-0.9002553820610046,0.3779591836734693,0.2195961028337478,1.0582056045532229,0.9498679097980356,5.42260289618459,2.251148391960528,0.7723230493269746,0.5699113549986674
9,9,9,7.57922289907302,0.034139160066843,5.59577011973745,5.59577011973745,0.0001469394519517,1.543405532836914,0.1978650827881675,0.1134770367098209,12.910881167921804,227.0716200492536,51.31135871988466,6.653386836496272,1.177171261265513,0.0498124865058448,0.1342038865472041,0.1693373168636403,0.2990740284824594,0.0017131055458179,13.687385516682909,1225379215.611611,29.06236803413729,26.901189927628984,14.076253877310211,8.880510743490813,155.9306440997684,0.0019006366601317,0.0018568414346944,0.0251738991219753,0.2310145438153353,24.38329696655273,1.5328460473254468,0.9414784908294678,0.8520205020904541,43.81477737426758,1.4268338989893012,39.6734693877551,1.978533387184143,0.5665836930274963,-1.265878200531006,0.2293877551020408,0.1284806132316589,1.2731817662715912,0.5824582275545283,4.314912590026635,2.1413124276474838,0.7341241275468783,0.5012303883586615
10,10,10,7.590103100965285,0.0595892630517482,4.888168673545122,4.888168673545122,4.036400787299499e-05,1.5429787635803225,0.2128598034862281,0.1462304502404998,10.626954963888704,259.474178069283,49.99859116586555,5.572454275363434,1.1221422522446969,0.08195540840188824,0.186296038805613,0.2100115541924746,0.3517379101280647,0.003383897559047,26.771733109931688,2731932363.5310864,55.55326106935696,46.50892316436912,27.58549336176261,14.663701443923234,258.0411187867624,0.0036220497391994,0.0035732874254179,0.030937684550696,0.2829649845922343,82.59656524658203,1.0261463699609186,0.969199240207672,0.9535861015319824,117.33854675292967,0.876028181014179,54.44897959183673,2.0191802978515625,0.6916784048080444,-0.8778246641159058,0.2538775510204081,0.1549101620912552,0.2936646938323974,0.580379575812084,7.933181068071243,2.75782909777471,0.7233359944362238,0.5522060713147389
11,11,11,7.491648199132911,0.0411239862442016,5.814556397896823,5.814556397896823,0.0001676997144386,1.700899958610535,0.137631498542594,0.12702903140085,13.69473485574422,371.28312787084695,69.03593810813885,6.5651943395366095,1.1979752850585017,0.06866536361468503,0.1532242117501386,0.2112441845685867,0.3446237379739003,0.0017545223889499,9.105560919239993,1177881291.3689764,47.34560019171928,36.277043196303865,17.569935193066758,11.314425582346717,-88.46105913436537,0.0018981189401898,0.0018394722614658,0.0229896627819774,0.1881465690422278,7.230649948120117,2.344406745553019,0.767967164516449,0.3595910668373108,8.570147514343262,1.9443320390079373,47.42857142857143,1.9825830459594729,0.5980184078216553,-1.1922404766082764,0.1020408163265306,0.0444015190005302,0.8525687456130981,0.6496322373829172,9.01286687145011,3.052388375612258,0.8538246315886434,0.5633356286365166
12,12,12,7.489527905766652,0.0538583174347877,5.363458800329052,5.363458800329052,0.0002271627090522,1.394545316696167,0.180178271188753,0.1324919365003513,11.678355215923949,270.81473206787626,51.21819482815829,7.23730739838821,1.3174493091940738,0.049857944997700264,0.1373402425974518,0.2045342898616451,0.3578387297015571,0.0021207578960877,9.764569644588782,1022356689.645676,57.87186614875644,43.68764447521316,31.93282534022402,19.55449871355773,-319.1099665937345,0.0022868413155947,0.0022785120339676,0.0264994885666001,0.1900854156276298,3.2477691173553467,1.605235588254165,0.650924026966095,0.2239086925983429,5.618082046508789,1.628396092709962,55.3469387755102,1.991565823554993,0.6408342123031616,-1.0103696584701538,0.1355102040816326,0.0352881215512752,0.7849111258983612,0.5750386100962851,4.767151132308061,2.072667367887054,0.8854357322159184,0.6107301985207231
13,13,13,6.621129963764473,0.0591882206499576,8.354498790498239,8.354498790498239,0.0012339674158283,1.111892580986023,0.0254429152451805,0.1683573349258865,11.511900586809192,194.17718548012908,42.051256393124135,7.23486429910436,1.816420740279194,0.1001226566106636,0.2030495403168186,0.2433111868627318,0.3449623782231037,0.001130878977487,6.617294612977899,1034416040.0563852,37.5494765605374,25.100563661490547,15.88582166958797,10.82030485826851,20.157236963796347,0.0013063061852793,0.0012940421905174,0.0184878261560516,0.1224322011151527,3.2318990230560303,1.5892407803595674,0.6519507169723511,0.2246316969394683,5.506656646728516,1.5797054849320842,75.42857142857143,1.979337215423584,0.6208531856536865,-1.0847607851028442,0.1444897959183673,0.0371146015822887,0.7864639163017273,0.7756071026067586,7.353322883811742,2.7585499704779504,1.132572403882219,0.7223690508928289
14,14,14,6.8100408123389,0.0408273674547672,3.019420609185354,3.019420609185354,0.0,0.9097561240196228,0.1205353727693628,0.0629591828028612,11.553955202685612,122.58627924566473,38.71801699008506,8.21604734904369,2.413677285566779,0.0277708256170041,0.0477255911455025,0.1006674938723413,0.1760848202035003,0.0001176778578528,1.2948538159354306,0.8199970274923787,1.947388297681448,2.0099691899952123,1.7179303542632225,1.4479705665170377,1.5680642969292269,0.00068563590359,0.0006363724905149,0.0301176922845078,0.0603888755068747,4.977511882781982,1.55051913912474,0.6704312562942505,0.2597417831420898,6.153289318084717,1.5734977941017103,55.3469387755102,1.9925225973129272,0.6166362762451172,-1.0302948951721191,0.1412244897959183,0.0475351810455322,0.5127958357334137,0.5682267539300511,1.0827425045611254,0.9375539266634896,0.6669848589213708,0.5110998294815082
15,15,15,6.771894004750619,0.0464244484901428,3.234008754917864,3.234008754917864,2.167795901186764e-05,1.002674221992493,0.1187196908640879,0.0670393932249556,9.878973515805932,93.05288355741956,29.50601471918116,7.5172066439734,2.4789891826615262,0.0366650845128271,0.0548278396644654,0.1058207097553256,0.1859238093936893,-3.156722605979212e-05,0.9429111584856096,0.7971893572491998,1.6262581218541508,1.3774124293968475,1.2315625964012684,1.15449961566604,1.0360517448630704,0.0006809915054617,0.0006163787916904,0.0340845205727439,0.0570254641823892,9.782116889953612,1.503539802823147,0.6611909866333008,0.2407970875501632,8.590149879455566,1.5422734932187536,41.87755102040816,1.985353350639344,0.5793153047561646,-1.1204479932785034,0.1330612244897959,0.0402134917676448,0.623298853635788,0.5254451500774221,1.1779163121864655,0.8581074229355181,0.6493476120354748,0.5454203015036553
16,16,16,6.780807558200848,0.0273822527378797,3.066112742055035,3.066112742055035,0.0,0.9118633270263672,0.0983527464938448,0.0666609000686643,10.46360530166562,127.59031371285202,35.35927837391397,7.650229712602011,2.355502658170058,0.0372891967011221,0.0539843587736572,0.1051691148377182,0.1870090746388032,2.7042836027391104e-05,1.1019042444182257,1.292769491560486,2.766658798357737,2.1101394797315973,1.4585143878052391,1.2145488278901695,1.1949297671430177,0.0003870532014182,0.000359183049202,0.0318049160531217,0.0562664554729679,7.526987075805664,1.6650082484081317,0.7392197251319885,0.3381116390228271,8.133333206176758,1.7889161123966475,39.6734693877551,1.9868015050888064,0.5787755846977234,-1.0950579643249512,0.1412244897959183,0.056004237383604,0.3684448599815368,0.5453389680706886,1.5765363998261404,0.9851275927644948,0.6492171642229657,0.5286475566695836
17,17,17,6.687619157732626,0.0607017539441585,3.746046322176997,3.746046322176997,9.08002803043928e-05,1.0785030126571655,0.1302979758553809,0.0852196324507656,8.837120100334374,94.22668116702695,26.080016558663207,6.726397322875407,2.123139889042362,0.0489732851371056,0.0689307859922361,0.1289959453389907,0.2116381889705418,7.679843577079737e-06,1.0101697953943969,0.9266060014714655,2.288289622779374,1.4799555430649762,1.295355891720903,1.1314965413811904,1.1587744266749818,0.0009782034885716,0.000902461130849,0.0394742227724875,0.0733438734301739,6.257339000701904,1.574399010545966,0.6498973369598389,0.2197429537773132,11.756174087524414,1.4689821683975763,59.51020408163266,1.988497376441956,0.5626300573348999,-1.2273921966552734,0.1330612244897959,0.0330031178891658,0.153251439332962,0.579934464018008,1.4756232734983334,0.910638471644593,0.6894843059660551,0.5455223151889734
18,18,18,6.450005390726812,0.0293770413845777,4.310431405976193,4.310431405976193,1.1625364095380064e-05,0.901110291481018,0.0324685279031385,0.0386596505117427,7.0744257370430415,29.111686673209928,16.51639930016964,6.123540537158741,3.0021100036047565,0.03717196027377512,0.028015955120069,0.055907790772776,0.0975238138753251,-0.0003229185836852,13.942784360299111,0.1926543128294133,0.2441358499597377,0.3682438196887029,0.4040318649461928,0.4761361791866677,0.4014513651075076,0.0001864729178526,0.0001832961195242,0.019898531789435,0.0367620428973087,69.49268341064453,1.0646440972929987,0.7885010242462158,0.4316101372241974,68.18162536621094,0.9352170027157553,70.0408163265306,1.997527837753296,0.6527394652366638,-1.0803430080413818,0.2922448979591837,0.1053121462464332,0.9141066074371338,0.8181498550391706,0.2292190451619384,0.3262440581069283,0.334196009153146,0.3556196468502925
19,19,19,7.49724450996485,0.0120892832055687,5.418892756443809,5.418892756443809,6.568820117536234e-05,1.414047360420227,0.2743518406800085,0.1663406299407949,12.578392350454536,157.4823383152977,46.717981386457545,7.232450296562565,1.3393192186726235,0.0896546321508576,0.2100449566503397,0.2328879608367407,0.3303711645778038,0.0007875304676137,10.7390046729161,73.04937267370745,29.796218196024103,24.316441432099147,11.306010179364414,6.258754460560476,28.87225509304385,0.0009142444938952,0.0008766246258851,0.0403281985668693,0.3588815965772314,69.49268341064453,1.0646440972929987,0.7823408842086792,0.3901507556438446,68.18162536621094,0.9352170027157553,66.28571428571428,1.9947701692581177,0.6147317290306091,-1.1639227867126465,0.2897959183673469,0.1055168285965919,0.8988918662071228,0.8079173087127914,5.378388866059928,2.9038450088592773,1.0528278724778155,0.5809233055929744
20,20,20,7.514089886672507,0.0105449799448251,5.685696654597546,5.685696654597546,3.636079691204941e-05,1.4209141731262207,0.2518189868375663,0.1718471074056919,12.75132858865982,171.10597369433248,49.67807469959727,7.329113881991596,1.3704145408208703,0.09522996614835044,0.2147199568446095,0.2362542365417159,0.335698586319708,0.0006919127237186,11.184157153581763,573028386.4977537,33.029402461847496,27.8089196625734,11.814566743694122,7.164079699014442,22.301134819798467,0.0008026838073647,0.0007552004931881,0.0405213477302349,0.3471047326810926,69.49268341064453,1.0646440972929987,0.8039014935493469,0.4272196590900421,68.18162536621094,0.9352170027157553,64.89795918367346,1.998907327651977,0.6302740573883057,-1.1199040412902832,0.3077551020408163,0.1290674060583114,0.89615598320961,0.8492793141714068,6.077959502180075,3.154803065744969,1.08568307254233,0.5957517800013448
21,21,21,7.496071949992444,0.0146565856412053,5.669540866560768,5.669540866560768,4.984004772268236e-05,1.4281508922576904,0.2622606704091619,0.1812315424050674,12.917574312941044,169.87201855866883,50.176953353376135,7.434951469843077,1.378017439111595,0.10719593655222028,0.2318398748193665,0.2509154632155021,0.3506756270431638,0.0010456832937606,12.54439925299061,861432989.0406225,35.305984418265936,26.50842602123252,13.214647679003996,7.380662589541474,41.20595125852367,0.0011969756026815,0.0011229616106334,0.0422570397899938,0.3556323011647308,69.49268341064453,1.0646440972929987,0.802874743938446,0.4247481524944305,68.18162536621094,0.9352170027157553,64.16326530612245,1.9986262321472168,0.6310474872589111,-1.124026656150818,0.3085714285714285,0.1283673495054245,0.8955751359462738,0.8876516008323381,6.462948392714319,3.332445018415785,1.1434474783722397,0.61740416417049
22,22,22,7.489245804479544,0.0138942431658506,5.581529043998375,5.581529043998375,3.043767355848104e-05,1.4011309146881104,0.2685669624377352,0.1813574029542486,12.998999356645632,169.76432164986508,50.55222235857958,7.472423616051487,1.37592714068076,0.10834823011738053,0.2332797809999725,0.2502413757144022,0.3478318119358737,0.0009709942598554,12.638771219311293,788400602.6870339,35.157482444437704,26.516989358081663,13.320483970794632,7.389683544542535,41.10383095200471,0.0011112975337397,0.0010464816939332,0.0430524428364757,0.3549754234426084,69.49268341064453,1.0646440972929987,0.826488733291626,0.5438910126686096,68.18162536621094,0.9352170027157553,70.6938775510204,2.009514570236206,0.6765968203544617,-0.996354043483734,0.3322448979591836,0.1615649610757827,0.9064150750637054,0.896514617282498,6.574032275099917,3.3915033637524266,1.1493515228692248,0.6131499754287795
23,23,23,7.503093787810167,0.0185328982770442,5.915150076530944,5.915150076530944,5.865332241228316e-05,1.3574094772338867,0.2431765838714313,0.1853926966143823,12.689062885900931,168.58634228153323,49.05552185429429,7.302065990534776,1.3652683065929936,0.10016189045339102,0.2284166273084858,0.2627626199259383,0.3661287774257888,0.0012804246710054,13.433221415933447,1023314694.975852,35.370998064795025,25.967018946559094,14.18764482332482,7.3118322023233295,50.690421320760166,0.0014611052757658,0.0013669470572352,0.039756568805645,0.3497818339397784,69.49268341064453,1.0646440972929987,0.8151950836181641,0.4897706210613251,68.18162536621094,0.9352170027157553,69.79591836734694,2.001037120819092,0.6577186584472656,-1.0691121816635132,0.316734693877551,0.1382248699665069,0.9009985327720642,0.8781921241140954,5.92041996780894,3.174645436459935,1.1588679808663964,0.6339027533031388
24,24,24,7.497391830356216,0.0154539439827203,5.9769433423144935,5.9769433423144935,4.614641511579976e-05,1.3638335466384888,0.2434983508427905,0.1794248246005597,12.654971956976537,167.8962091213925,48.90170429102899,7.214310948060222,1.3573349972379778,0.09904085095491326,0.2219612803356329,0.2536587345417703,0.3549340906390388,0.0010030288868358,12.769248909564917,810954497.8651685,35.74570009588786,25.172377882390705,13.564458510928963,7.1686462976598255,48.71010323039116,0.0011560263646837,0.0010918533821913,0.0400738106333533,0.3436533316945924,114.86338806152344,0.9165019123611244,0.909650981426239,0.6319202184677124,165.92755126953125,0.8263021976734068,48.57142857142857,1.992235779762268,0.5821330547332764,-1.193994402885437,0.3077551020408163,0.1444804519414901,1.108794987201691,0.8585195408008127,5.937297709059119,3.12017428936435,1.1208791822417103,0.6175197445815415
25,25,25,7.527571574151025,0.0286076515913009,6.19672043526243,6.19672043526243,0.0002286140224896,1.3240365982055664,0.197670650865156,0.13213342901606,12.092133158072429,241.3305140864807,42.64256649300666,6.751845569002217,1.1607979244456743,0.06580555904357395,0.1591671259075902,0.1833369019229867,0.3091627143519463,0.0017225225004864,20.10363202187543,1214472777.064657,78.01055418973114,56.20438514726634,20.61711218788207,12.397103202470076,91.48912137689902,0.001858991003516,0.0018247268774729,0.0281322364060266,0.2907094556796577,60.063438415527344,1.021643426416562,0.9034907817840576,0.615178644657135,55.40172958374024,0.9689942848632552,49.06122448979592,1.989429950714112,0.5713998079299927,-1.2362136840820312,0.3208163265306122,0.1533541232347488,1.0832326114177704,0.6318468618973261,6.729598349987542,2.227363486270241,0.7969016300498499,0.5102789318426051
26,26,26,7.48410524499295,0.0273524168878793,6.308896307894909,6.308896307894909,0.0001328100934188,1.580564022064209,0.2085780246514237,0.1379686354142384,13.737549233777798,312.62065590303826,48.69744078071706,7.215659090894469,1.1321407403345656,0.1728506049258319,0.1734339365030609,0.1900165878151221,0.3150205637481897,0.0016956613920733,21.21770691494808,1420001382.9395175,79.02631487618288,49.74859871203382,21.722197277779745,13.620650445223989,175.05755358963924,0.0018218436842758,0.001791610044215,0.0319290233737389,0.290909020708591,140.85191345214844,0.8841544181127354,0.9507187008857728,0.7917441725730896,133.33187866210938,0.8246551097883247,61.46938775510205,2.023076057434082,0.6933472752571106,-0.9119017124176024,0.3812244897959184,0.1954940855503082,0.9965368509292604,1.1552423935462708,10.007051294882183,2.7973029664357147,0.8869546293063266,0.5107662925788997
27,27,27,7.618149139706769,0.0589012168347835,5.545509727146887,5.545509727146887,0.0002022669032157,1.693611979484558,0.1812308730756783,0.1347185759278139,13.4774143129783,229.24602224326128,51.388647831910944,5.985134109252986,1.078417476617555,0.06301165970012738,0.1558784551695854,0.1965514828013827,0.3148339263444,0.0027134479021899,11.495559248829084,2385321386.100259,48.79084577277246,35.306135415878856,19.90019921269969,13.77701047604408,140.74973532238567,0.0028983370175126,0.0028627212629714,0.0269035236939925,0.2291042341882363,38.7470588684082,1.324296010457972,0.909650981426239,0.6323354244232178,52.04320526123047,1.2155564184111756,41.79591836734694,1.9846408367156985,0.5622857809066772,-1.2659478187561035,0.1893877551020408,0.0919005200266838,1.157496303319931,0.7067583632660303,6.655462037906362,2.650637354443112,0.7637734265470455,0.4976722319339718
28,28,28,7.379929575366694,0.0298945121467113,7.320851410527239,7.320851410527239,0.0001948118151631,1.2460302114486694,0.0933444993757936,0.0995688776268835,12.713934617155632,316.7849753451142,54.788936766162045,5.49895429270198,0.9884406364832478,0.0724488008703177,0.1029229909790729,0.1670160116286691,0.306810891318374,0.0011114989729135,12.466762198263948,841032029.7116414,25.436039269871767,19.58341246374413,12.885542527766724,8.79644524627706,-72.18830910667396,0.0012490247787084,0.0012099019193598,0.0176588102817742,0.1685063706217641,110.36135864257812,1.0094988684843276,0.9671458005905152,0.9258636832237244,140.64486694335938,0.939627914011128,68.81632653061224,2.027327060699463,0.7275947332382202,-0.7625449895858765,0.3314285714285714,0.1785505414009094,0.2972793579101562,0.7899754159309227,4.63794476467807,1.8879402499792337,0.6279563855310004,0.4668427911536816
29,29,29,7.52765050116605,0.0687561631202697,6.012806151363926,6.012806151363926,0.0001947254459082,1.4068937301635742,0.1731122550644434,0.1760594189355893,14.013149351442577,322.3410717640599,64.44163755634683,6.965488224355439,1.300429075745021,0.07874594432988198,0.2059818711348908,0.25218412906014,0.3524970666229577,0.0031934147745849,9.748600391207802,2449570711.17824,84.59001392710144,65.12013122149894,31.856513928648784,19.516934949837896,129.67671002355567,0.0034410858673794,0.0033861600284836,0.0367809622372699,0.2563419623121131,10.477466583251951,2.259659223636455,0.7433264851570129,0.3031274378299713,12.85542106628418,2.0055961311108823,51.83673469387755,1.9778056144714355,0.5165315866470337,-1.2316902875900269,0.110204081632653,0.0358682721853256,0.6407681107521057,0.9493773809921873,11.51210394713679,4.342861843524056,1.1076408484279925,0.5995536117494138
30,30,30,5.667828491865394,0.005487763788551,7.062904355376094,7.062904355376094,0.0001510507030388,1.0090711116790771,0.9724935838085828,0.4144420822249278,7.2624977518279215,55.4101631549929,17.034101081532544,4.687584163557181,1.161162875316543,0.0317628321502956,0.3077845207676429,0.5272080536320929,0.6351140693671903,0.0004240901560272,11.265928944833911,423086342.0389141,3.8022222752104953,27.04648368174553,21.32529541487569,15.029182074386096,58.89485725766996,0.0004914841127074,0.0004904100525138,0.1391457790910448,0.5239303591740458,7.100247859954834,1.5375847630984916,0.6160164475440979,0.1889998018741607,12.596384048461914,1.505216037406044,27.591836734693874,1.9838628768920896,0.5362873673439026,-1.189580321311951,0.2408163265306122,0.0499001927673816,0.0966341197490692,0.7219427801493807,0.6509524262826417,2.292706263069984,1.53597715370398,0.8394429318553871
31,31,31,7.415414955943067,0.0200994908809661,7.831676793216019,7.831676793216019,0.0006140795940154,0.918559730052948,0.5397393855192741,0.1876682853937727,4.289012368611807,69.05043377617685,9.357420685651574,2.924554998295672,1.1111514402935925,0.0091895729712091,0.2308169360759543,0.2423689982753343,0.3272691266796588,0.0005085769591328,4.348569843936387,5.395154875501333,0.2078503995780758,6.320884463584616,4.388758568012069,4.081564714082395,5.509954607808599,0.0006665596340553,0.0006533460308695,0.0803066570618863,0.2514610391422308,7.100247859954834,1.5375847630984916,0.6149897575378418,0.1877291351556778,12.596384048461914,1.505216037406044,31.020408163265305,1.9842870235443115,0.538787305355072,-1.208416223526001,0.2408163265306122,0.0494536757469177,0.0958350002765655,0.619885485694188,0.1794750140394213,1.0353087692456353,0.5940369866797255,0.520553574452382
32,32,32,7.442771955938128,0.019182238727808,7.574835364417717,7.574835364417717,0.0005958055701285,1.0130019187927246,0.5441252706594175,0.1785088404530955,4.373826803939267,79.86388769510522,10.014483516693655,2.9248894588418177,1.1250991552546596,0.0068460222792886,0.2189662387348468,0.2330968611865687,0.3208195815401874,0.0004920263105983,4.259166342541702,5.215120544905462,0.1546164555307345,6.526974320880815,4.299288670113278,4.014017997512766,5.573330320512402,0.0006490503774703,0.0006318236218252,0.0768992479182803,0.2643592423943635,7.100247859954834,1.5375847630984916,0.7012320756912231,0.2602791488170624,12.596384048461914,1.505216037406044,27.26530612244898,1.98665714263916,0.4593625366687774,-1.2255233526229858,0.1877551020408163,0.0531206168234348,0.1473414599895477,0.6042439105506006,0.1493695420107864,1.042664231052777,0.5762789330520192,0.5161745262174265
33,33,33,7.381634407323345,0.0237333234399557,7.543452944898854,7.543452944898854,0.0008308133756145,1.0454617738723757,0.4998971933010687,0.137659209501377,5.450716347164116,162.6431527349607,12.100266262372404,3.629132543401236,1.3486475619363878,0.0152019129624639,0.1621133394012773,0.1875582318148608,0.2772002399346744,0.0006762561869457,4.654326111465052,6.492553380293807,1.4352235209921118,9.115954262884305,4.715565392016167,4.294944076916496,9.012743495633313,0.0008726452353045,0.0008406907039244,0.0595710714088944,0.3055300862261638,7.100247859954834,1.5375847630984916,0.6611909866333008,0.2295582294464111,12.596384048461914,1.505216037406044,10.448979591836736,1.984535455703736,0.4587617218494415,-1.2432736158370972,0.1812244897959183,0.0443803668022155,0.1343393921852111,0.5800864643567214,0.6741181287169041,0.9572748218566368,0.5671726245815054,0.5097443982034124
34,34,34,7.387160623751444,0.0221216566860675,7.58320574349218,7.58320574349218,0.0007698293807152,1.0116087198257446,0.5150761942473784,0.1499123503440051,5.254000369969756,149.52642261904148,11.498630127776954,3.538829010291942,1.3328315472622323,0.0142496494040452,0.1795780702821739,0.2003187449473187,0.2869807269718258,0.0006243313525224,4.658375940945673,6.162341930565795,0.9580930454196156,8.642254821648374,4.7121724050171,4.326810664486552,8.200613126060595,0.0008041702160319,0.0007776705768911,0.0655176434715745,0.3016295669485527,7.100247859954834,1.5375847630984916,0.7433264851570129,0.2987543940544128,12.596384048461914,1.505216037406044,26.204081632653057,1.986619234085083,0.4874041378498077,-1.191401124000549,0.1828571428571428,0.0620157532393932,0.3124396502971649,0.6078248144751803,0.5813057448842308,1.004813891320811,0.5894521051361041,0.5201924778713339
35,35,35,7.39883368754592,0.0274907574057579,7.460049584969167,7.460049584969167,0.0009829046593949,1.1045770645141602,0.4708759243612119,0.1177607896704964,5.723212134531532,203.4894555540388,14.149573864978311,3.729938512972202,1.31181347105337,0.0212982773776944,0.1330445371436281,0.1711682590111501,0.2690841858120579,0.0007993103254486,4.419661364658979,6.641856116343528,4.363617780857355,9.06956204374696,4.491268389007866,4.044341669862653,11.312037888727412,0.0010497873370951,0.0010077427036065,0.0466868708828991,0.3072602522438347,7.100247859954834,1.5375847630984916,0.6848049759864807,0.2528188228607178,12.596384048461914,1.505216037406044,41.87755102040816,1.98059630393982,0.501173734664917,-1.2153135538101196,0.2155102040816326,0.0521089769899845,0.2439701557159423,0.5151710933612597,1.1081623711235975,0.8814705212624382,0.5268083999316614,0.4901742946309694
36,36,36,7.392573597026622,0.023236408829689,7.528452434194002,7.528452434194002,0.0008086665066002,1.004937767982483,0.5061340202318256,0.1398976870990405,5.363626598578797,178.03804809561026,12.210594435287708,3.610408751362813,1.335389033843979,0.03578729056853035,0.1654214005934553,0.1919994997119091,0.2818884773453644,0.0006707560845784,14.162385089797077,6.434328154285693,1.7282788786668248,8.919750453223706,4.727344261754869,4.312493276781378,9.155072637465484,0.0008638262026678,0.0008348189302225,0.0596335044402066,0.3074612839050105,10.32103157043457,1.7938439370629955,0.8244353532791138,0.4058332741260528,16.325580596923828,1.609969026258633,31.18367346938776,1.986100196838379,0.5208609700202942,-1.3127315044403076,0.1657142857142857,0.1030178889632225,0.8397678732872009,0.9987277278999086,0.8356301819550961,0.9703372455334748,0.5733085540375245,0.5135542368885633
37,37,37,7.389803743736412,0.039186056703329,4.548935225655642,4.548935225655642,0.0008127105247694,1.893234848976136,0.096180274233755,0.044257605647845,14.802145418952389,522.3005062451496,59.20569829048056,6.75359536416986,1.2966187973005492,0.0113374912041364,0.0364229118304291,0.0813759737437918,0.198826167035064,0.001102548761299,3.482304730580088,1011488748.1904588,4.839241562600482,7.460936398281333,3.6062740987892057,3.324619208122881,5.255945523507375,0.0016017747533112,0.001503903314159,0.0076018270142148,0.1691798424414354,3.775468349456787,1.6430498466448211,0.8213552832603455,0.3998969197273254,5.206496238708496,1.5275315089222825,17.959183673469386,1.975691795349121,0.466882973909378,-1.493079423904419,0.1485714285714285,0.0671649277210235,0.8163096904754639,0.4771839319573389,1.313744164359061,0.9651434747432418,0.4305079479899852,0.3808958505946518
38,38,38,7.2829908329897854,0.0416438542306423,5.205833237456027,5.205833237456027,0.0005307324317982,1.226047158241272,0.1173259162865754,0.0266033883675921,23.48503846385228,741.6355090487309,94.4499525414136,10.6467790493157,1.634077706209721,0.01956657357398792,0.0218734459343998,0.0528147621187468,0.1307798319782055,0.0009361881152329,10.5636414844198,688304775.3944993,6.580037446535578,7.653497549053351,3.531221076329433,3.2513017083385733,5.171617236056791,0.0013309315381349,0.0012857721508936,0.0062356158280271,0.1651251036622142,11.877281188964844,1.779088524581239,0.907597541809082,0.6222150921821594,6.61293888092041,1.6426042710231163,52.73469387755102,2.0270791053771973,0.6299220323562622,-1.0493189096450806,0.2546938775510204,0.1391769498586654,1.0489617586135864,0.8434844119788664,1.7447776707957692,1.0060151504794466,0.4598513752214742,0.3046430702898173
39,39,39,7.432275378466364,0.0666888058185577,5.197559301693054,5.197559301693054,0.0005431627942016,1.310513615608215,0.1872596448538875,0.0750885927387408,13.260660484468422,354.3246738229253,47.6385175397932,6.755905853205721,1.285502941125197,0.0363075432200847,0.0626857840191801,0.1362970050209273,0.2618668621452219,0.0014118051370388,6.258134992022636,768058609.5375475,14.397073214048683,10.899461225353445,6.5129071479190666,5.101553801949693,13.126093779676069,0.001748710489565,0.0016465315011515,0.0133084553479179,0.1114002620220473,14.212650299072266,1.73956189444297,0.826488733291626,0.4001850187778473,8.377863883972168,1.6635595067383775,39.42857142857143,1.9834308624267576,0.5221747756004333,-1.36052668094635,0.076734693877551,0.0537205450236797,0.833916574716568,0.661748677015528,2.366389645141433,1.1643630815092778,0.6532784281654265,0.4742952696282575
40,40,40,6.716185750118754,0.040467794984579,5.296027818975547,5.296027818975547,0.0002873224075301,1.5033003091812134,0.1636241523325597,0.0495386098087829,37.841109558610725,906.4086415919188,151.0514009616481,14.945671492093956,1.3414593371074186,0.0318991802559935,0.0518288385120036,0.0882194273489984,0.1747337829905273,0.0012536024241178,9.401067355243626,514081839.3556401,16.412873254326946,17.77721244747626,9.744534070914597,7.77854234786293,11.259811546879591,0.0014540737915851,0.0014419391500339,0.0119422292666978,0.1275177089170172,5.4825310707092285,1.5947671725862438,0.9630390405654908,0.9387126564979552,7.386995315551758,1.5031210855633832,54.93877551020409,2.0990917682647705,0.7273704409599304,-0.7263349294662476,0.2628571428571428,0.1494389325380325,0.8635155260562897,1.2362399050441784,5.637092204338075,2.7902167226483705,0.9038042154327436,0.3482763955674634
41,41,41,7.429680056100308,0.1277129799127578,4.031168317669293,4.031168317669293,0.0002726537641137,1.4524590969085691,0.1773464012730664,0.0975893178427968,12.412841126042212,343.54998153664974,48.45921198756286,6.571157384022274,1.3817859402759256,0.0380451797143795,0.0715931947307111,0.1865905182087374,0.3648317385290785,0.0035954581282737,7.692039354533587,2973771130.200476,15.068804527257928,14.384129879459303,7.922169314902099,6.586123649587645,11.888852237811566,0.0042563748983752,0.0041022186442774,0.0110374031263383,0.1397163646541513,8.962995529174805,1.8521135164486475,0.7535934448242188,0.3237641453742981,14.00745677947998,1.7290964848181043,36.0,2.003283262252808,0.5263316631317139,-1.229690432548523,0.1746938775510204,0.0551625192165374,0.6296187043190002,0.742151694480888,2.638894187048157,1.291858437618658,0.8009796190926575,0.6366726980803344
42,42,42,7.1600043643612885,0.0386980809271335,6.222882897118555,6.222882897118555,0.0005215771670918,1.6062612533569336,0.1968029835412681,0.0694044702365489,13.49136633205907,361.4945470541356,38.08856673389873,7.263863126019764,1.2859841567811112,0.05295054843930219,0.0706619390117739,0.1143783876610581,0.2105082095301524,0.0007714963351892,18.005114698539057,9.280377106470388,8.41469145078816,11.78749224827197,6.293152557690035,4.456950383086075,12.717911726656906,0.0009832032068786,0.0009761240748957,0.0239362661995158,0.1612006449027627,7.762802124023437,1.5964089535057422,0.8603696227073669,0.6563991904258728,10.69728946685791,1.473114038156627,64.73469387755102,2.0698490142822266,0.687894880771637,-0.8562962412834167,0.3159183673469388,0.1706656664609909,0.9798323512077332,1.1611865978085352,2.1330578107337668,1.137827678715731,0.6300127381056698,0.3975342158522554
43,43,43,7.566487686868461,0.032295424491167,2.8641601556888903,2.8641601556888903,0.0,1.218831181526184,0.2823027633633697,0.1015955439666692,20.45380041027235,276.18989467660816,62.96013369171712,13.074951772341084,2.641676861604641,0.0941926513486468,0.0973421006715669,0.1455020801981982,0.2242283635838459,0.0015387318621316,16.858628950741384,1128839889.1338148,67.19652703488441,33.891260650584,19.14816467877173,8.869657870332562,122.53477825671004,0.0018579139665604,0.0016890552663682,0.0335936122029522,0.2415768251434991,7.762802124023437,1.5964089535057422,0.8593429327011108,0.654638409614563,10.69728946685791,1.473114038156627,64.40816326530611,2.0595054626464844,0.6778010129928589,-0.8905594348907471,0.3142857142857143,0.1701656728982925,1.000902622938156,1.505762490114087,6.861002360191016,2.9946109600105943,1.4147955856607546,0.6670056565168274
44,44,44,7.566158080990569,0.0308101195842027,2.8667476320452496,2.8667476320452496,0.0,1.2679766416549685,0.2804900417218954,0.1021786788941754,20.79388161940736,277.4663723296663,63.62412555696751,13.241055618408286,2.654719757727076,0.095560601923664,0.0982649506174678,0.1464189765363674,0.2252533481114714,0.0014446722876342,18.509535214609173,1055113474.6492608,69.17292236891785,36.49363994374878,21.06026783046146,9.238748837731382,131.56682699637796,0.0017376399789696,0.0015908859200663,0.0338339769433582,0.2398554923268067,7.762802124023437,1.5964089535057422,0.8778234124183655,0.7419441342353821,10.69728946685791,1.473114038156627,67.18367346938776,2.099059581756592,0.6979405283927917,-0.8060706257820129,0.3355102040816327,0.1963392943143844,0.9989725649356842,1.5369158029138013,6.961909730505653,3.0508720115828014,1.439112530837228,0.6718919504329915
45,45,45,7.555971591581541,0.0348052456974983,2.951687809025364,2.951687809025364,0.0,1.2792526483535769,0.2994012625829073,0.110324643081124,19.14648119192284,269.6027209594055,59.35628003822963,12.182345967738303,2.4317097819662785,0.1064557069465357,0.1074964276129632,0.159426806772706,0.24346847343836,0.0017159634135226,16.905098927636775,1212451141.3276196,60.97747540102464,31.62782827018763,19.435240820720587,8.66285275405786,1170.0047292793747,0.0020968271357446,0.0019466679863739,0.0355944108392069,0.2637011121684289,7.762802124023437,1.5964089535057422,0.8706365823745728,0.6645714044570923,10.69728946685791,1.473114038156627,63.102040816326536,2.0619330406188965,0.6727311611175537,-0.8844130635261536,0.3265306122448979,0.1854752302169799,0.9904837608337402,1.4931103861588435,7.17741415286021,2.99799742566388,1.4118034393428964,0.6719214517666936
46,46,46,7.562647668067031,0.0320724360644817,3.0565209118479464,3.0565209118479464,2.0965180738130584e-05,1.3706198930740356,0.2865358882377894,0.1093655081143651,19.61481818957436,271.56075968015887,59.58163226418202,12.36042549892878,2.480738645800387,0.1064176637500975,0.1075985367055166,0.1589157823696033,0.2428403811407301,0.0015311841725433,20.129975737884592,1006833756.03694,65.26570721811339,39.16937262157115,23.2668669657154,9.582350405438628,-232.8680768782672,0.001862309775042,0.0017256037640507,0.0358037555719421,0.2539707634419911,7.762802124023437,1.5964089535057422,0.8778234124183655,0.7615163326263428,10.69728946685791,1.473114038156627,66.93877551020408,2.1151585578918457,0.7256079316139221,-0.7323119640350342,0.3363265306122449,0.189474418759346,1.0049911439418793,1.5180883518653323,7.23649639338409,3.0265031923123638,1.429632735446016,0.6801065625350995
47,47,47,7.523629945894928,0.0360614620149135,2.914010326429183,2.914010326429183,2.456480979162734e-05,1.2494401931762695,0.2894711076251756,0.1098187836430353,18.82950888030864,267.4854315490504,57.15082681335517,12.061841754589976,2.5003723772370123,0.1044444127791791,0.1053286919762945,0.1611391526753726,0.2492541783272039,0.0018501360926359,17.00149496974776,1263527909.0318365,70.83446707702774,34.761933650672624,19.79080612123783,8.858156444355492,-235.9380240776068,0.0022882722783208,0.0021165187642679,0.0355347995546317,0.2749753710793272,7.762802124023437,1.5964089535057422,0.8829569220542908,0.7057527303695679,10.69728946685791,1.473114038156627,64.81632653061224,2.0478665828704834,0.6629767417907715,-0.9114064574241638,0.3338775510204081,0.170195922255516,0.9902746677398682,1.4555696128844844,7.00816033162838,2.82601495474784,1.4068567764954487,0.6984026596538891
48,48,48,7.560589611549137,0.031958382576704,3.1385680275452748,3.1385680275452748,2.52038717007963e-05,1.4505645036697388,0.2741044878505458,0.1058124998431185,19.79792106258853,274.11951752637435,58.94637975184446,12.418726378287207,2.4656257824035235,0.103288554505425,0.1040960149270346,0.1546178452953334,0.2389037817738111,0.0015021616310284,19.62436001924184,996661667.15906,81.27771646741243,37.4596592665041,22.750768634420712,9.60185970982795,-109.43722841315976,0.0018349837978348,0.0016915890980158,0.0347960026123771,0.2578717325677739,5.448036193847656,1.5071005027282116,0.9507187008857728,0.886995792388916,8.979378700256348,1.470666281140438,41.87755102040816,2.033066272735596,0.6131873726844788,-1.031466007232666,0.3453061224489795,0.2167524099349975,1.0503681302070618,1.487876130679906,7.037789830950128,2.8979891235768758,1.40275165690104,0.6682933072038885
49,49,49,7.605759866213633,0.069311611354351,3.2101160730167586,3.2101160730167586,0.0,1.346479892730713,0.4459332820830055,0.1417571264150216,15.74028850541618,324.97755352346763,53.94942731631102,9.844161698665776,1.7264153188965825,0.1888761970159397,0.1641436721478621,0.2037777694117693,0.3144045483447084,0.00371280272382,22.773093449769604,3155408099.7011623,118.92418030544428,42.331881511797086,24.149414732740983,11.958021562105934,60.22366641148101,0.0041180190381737,0.0038362675207963,0.0368570026323095,0.2055632603571067,7.8898491859436035,1.4470436720048585,0.977412760257721,0.9731656312942504,12.289695739746094,1.3978929012589338,61.55102040816327,2.143073797225952,0.7496050596237183,-0.6861886382102966,0.4269387755102041,0.2450820654630661,0.912941575050354,1.3783850695561983,10.455185334482328,3.138641286924466,1.2835580349440094,0.6521564293255704
50,50,50,7.554357616405118,0.0809179991483688,3.6024833961003044,3.6024833961003044,0.0,1.3317525386810305,0.4043966643781495,0.1712774141923245,17.443468451055043,367.6406817791727,67.35062175750288,10.189813820597156,1.6010383837372058,0.2137165705828811,0.1861606438213481,0.2527278607975706,0.3920926185526571,0.0029627931922457,16.563644650690456,2426601600.745926,67.97557872647937,29.09054032094152,18.049129074244533,10.883438947862242,26.28372090027584,0.0034359500570531,0.003212038635695,0.0364466575175469,0.1725172426417451,7.191250324249268,1.4711688938738143,0.9158111214637756,0.7954249978065491,12.95433235168457,1.389646669062932,40.40816326530612,2.0268876552581787,0.5979775786399841,-1.069680094718933,0.3224489795918367,0.1762794554233551,0.9257862269878387,1.6247475482115428,11.854841150694488,3.865238599175707,1.4545182588039514,0.7326006454195673
51,51,51,7.59929964412847,0.1022295579314231,3.125110506697096,3.125110506697096,0.0,1.300534963607788,0.3664225176182686,0.1636559548259421,14.941286572095002,372.27616530380567,54.67347302586877,9.281758816264515,1.611570970757383,0.08683464954838435,0.1817042489553901,0.2392949339866201,0.3756818509154306,0.004622142785869,25.257357889378746,3995563936.769031,163.87292054608906,52.31714928678756,26.753941237425188,12.99856414986918,65.0424793394901,0.0050978651236164,0.0047513255503872,0.0367115653405514,0.1794947875882007,7.215648651123047,1.3962092343998254,0.9815195202827454,0.9723203778266908,16.769756317138672,1.3246451060140627,55.42857142857143,2.162073135375977,0.734240710735321,-0.6729686260223389,0.3012244897959183,0.1524977385997772,0.2935545444488525,0.9116418704485713,12.183769602682707,3.249386619480832,1.3198695210561542,0.7131880204992656
52,52,52,7.65575375545129,0.1244232058525085,3.064532976095428,3.064532976095428,0.0,1.4773870706558228,0.4373756936419745,0.2279221368452265,20.831213098808146,886.6887319000763,90.04289702865032,12.557529598891971,1.7810582689878438,0.1330459672506977,0.2916511391649292,0.3145009418756969,0.4146385515667394,0.0067647651104638,23.741226386664813,5960268314.083805,382.0885978169392,170.986178920483,77.12619594823894,37.6554591102002,285.7525932724269,0.007104988165679,0.0070715796106242,0.0488383502001996,0.2218559533476829,4.710090637207031,1.635979383791431,0.7227926254272461,0.4100395739078522,9.713948249816896,1.5095188083197104,29.714285714285715,2.074896335601806,0.6056616902351379,-1.0429590940475464,0.2571428571428571,0.1097845584154129,0.3458967208862304,1.6378582032232203,40.23673781802789,7.728913313563484,2.154643563424198,0.815143890429612
53,53,53,7.302823357871738,0.033121682703495,3.795329277907325,3.795329277907325,9.934378795151131e-06,1.0230257511138916,0.3927361687478558,0.2409076342824132,15.761534857664554,255.6476411738399,51.719612886019966,9.455171100984115,1.763137073438286,0.13366829963253932,0.2583552512454861,0.3445598163533679,0.4362721434872554,0.0011619008681691,10.426923075777786,967533101.1749222,33.74878512397118,17.327160958338954,11.914897450917312,7.054274329611965,35.53014761861957,0.0014685528031179,0.0013567149403286,0.0593232853728302,0.1815993089081066,85.41825103759766,1.0370530766130617,0.8357290029525757,0.5393412113189697,133.60516357421875,0.9572154784938104,39.265306122448976,2.0165352821350098,0.5133010149002075,-1.3068277835845947,0.2277551020408163,0.1149115711450576,0.5935094058513641,1.3256611269308858,11.45441564329958,3.981280294274298,1.8156199538425528,0.8393115046088196
54,54,54,7.4980257843681715,0.0278603602200746,2.1675348820939617,2.1675348820939617,1.0183563972532284e-05,1.2963340282440186,0.4118388499051651,0.1711692173690318,19.60429058712603,429.0972763982216,89.76251077708419,12.571506439643274,2.6603000293030483,0.09139330830777731,0.2180688186645419,0.2188475203169505,0.2746257100994406,0.0011624215594828,9.27134468157337,51.10747436454577,193.3999077216484,68.40155494834215,18.31526587160744,9.198888125004224,22.198447902287416,0.0012976576504177,0.0012964765293412,0.0551875633110634,0.1698883584002069,85.41825103759766,1.0370530766130617,0.8316221833229065,0.529003918170929,133.60516357421875,0.9572154784938104,38.36734693877551,2.0116329193115234,0.5043787956237793,-1.332909107208252,0.2244897959183673,0.1024883612990379,0.5924198031425476,1.4376195566427639,21.963401997388356,7.737552317057435,1.858623095144907,0.7886334684445764
55,55,55,7.498298487241009,0.0276055596768856,2.225164621366574,2.225164621366574,9.806267371459398e-06,1.27689790725708,0.4395180784879012,0.1737227037241846,19.025253484029022,409.54306350935,88.74211733774226,12.210748766575623,2.5627875249943712,0.09616487937562189,0.2252677149155691,0.2232903172393447,0.2789685778092028,0.00118879239491,17.216029932804215,52.66184687155572,199.6610963165048,68.64044114468635,18.09724630661949,8.901872046232274,21.56766469026953,0.0013267038183268,0.0013256988014678,0.0559899986491839,0.1782729721351905,85.41825103759766,1.0370530766130617,0.8490760326385498,0.5717961192131042,133.60516357421875,0.9572154784938104,42.85714285714285,2.033942699432373,0.5578769445419312,-1.1714321374893188,0.2710204081632653,0.1478278487920761,0.4949223697185516,1.400511308819121,21.1888827726668,7.682167067012255,1.8230993802699231,0.7771150801738622
56,56,56,7.496257531166052,0.0362069457769393,2.308986986261418,2.308986986261418,1.2599666661117226e-05,1.2987027168273926,0.5049669591526219,0.1861848380865816,17.184037930490298,362.0369819333535,80.04230124092935,11.303106212149991,2.2986880509784022,0.10984568451784929,0.247888096058504,0.2447162016989464,0.3028559502701614,0.0016977184205427,17.033013176067183,55.27918463417037,194.16085604307256,69.54563039727459,17.891947439037853,8.603445218991334,20.63454614012789,0.0018945589627019,0.0018931072436298,0.0576186844116996,0.1960623333892534,85.41825103759766,1.0370530766130617,0.8480492830276489,0.5632443428039551,133.60516357421875,0.9572154784938104,40.0,2.0203771591186523,0.5358110666275024,-1.2369036674499512,0.2595918367346939,0.1392170637845993,0.4929589331150055,1.2974857182577297,19.01307337275905,7.00509734258913,1.7713584110371985,0.7667979749539703
57,57,57,7.507312646478729,0.0320398807525634,2.260498227733101,2.260498227733101,0.0,1.2846224308013916,0.4680412138202082,0.1767657486091608,18.07945979026253,378.3274691577186,84.56749572059373,11.760751137889397,2.4058021643475387,0.10120051086295892,0.2307859510930018,0.2313819228672935,0.2882607783501346,0.0014313342491879,16.88559930306824,53.61992570971584,186.16129808968924,68.99011690184183,17.718722230158047,8.42498926595723,20.630100016416325,0.0015965034457696,0.0015958808169518,0.0556753288454994,0.1844664435089109,85.41825103759766,1.0370530766130617,0.8583162426948547,0.5955824851989746,133.60516357421875,0.9572154784938104,49.224489795918366,2.053666353225708,0.5947394371032715,-1.0624377727508545,0.2824489795918367,0.1619002074003219,0.472462922334671,1.3250630407035422,19.358291404192578,7.202815250743696,1.780897875796302,0.762081093595604
58,58,58,7.518997201288506,0.042113572359085,2.319346977442573,2.319346977442573,0.0,1.3164684772491455,0.521880760936941,0.1901152306633203,15.794982685081944,345.6934214121919,72.98417450680527,10.737438590159734,2.1871395182846096,0.11120828743621315,0.2530001222170221,0.2532553835460765,0.3135016630569803,0.0020342142231144,16.595369110941007,54.5371516475791,177.78582038343998,65.39806315172028,17.460862290465275,8.392613425327779,19.60784191742265,0.0022775436982769,0.0022747668165479,0.0563432325264745,0.2016425912359344,85.41825103759766,1.0370530766130617,0.851129412651062,0.5816948413848877,133.60516357421875,0.9572154784938104,40.89795918367347,2.0157816410064697,0.5391771197319031,-1.232168674468994,0.2693877551020408,0.1449006348848343,0.4687494039535522,1.20086242005256,17.6247208436391,6.323568680276708,1.7162865667939349,0.7606945369611637
59,59,59,7.50206960636975,0.0329767875373363,2.3518848448325733,2.3518848448325733,0.0,1.3032629489898682,0.5292775777026391,0.1851645440477134,16.853581197682757,361.5412344684837,78.2901615695521,11.1295605820534,2.2641699912978663,0.2540950532894502,0.2468257438014506,0.2442126435226003,0.3031192212153311,0.0015558294943254,16.708103461304862,57.875594233688815,152.4639266935866,63.33815376734173,17.540025579018618,8.361568070997414,19.42972286026245,0.0017372746080415,0.0017354311851764,0.0569844930301483,0.1999852724915149,58.89350509643555,1.104147662130592,0.9106776714324952,0.7336779236793518,133.47882080078125,0.94712702374914,43.3469387755102,2.0470967292785645,0.5900396108627319,-1.1147849559783936,0.2889795918367347,0.1984344571828842,0.6227701604366302,1.94261965783672,18.67345447320096,6.793060142372512,1.7406755082044512,0.7592802328200532
60,60,60,7.542430786511897,0.0477562025189399,2.2012705808275426,2.2012705808275426,2.2032752895029265e-05,1.565424561500549,0.4282929391559957,0.1632337040879382,22.60779880907914,678.7995054365479,114.13174956739228,13.001094362917792,2.3793016457517067,0.204070404876201,0.2134966968957633,0.2095419370747613,0.2716407239011932,0.0023631600443484,38.95383876308461,2113092981.7445576,244.6919720051688,110.31920853105665,40.60682389902145,18.57527855123388,56.099091559793024,0.0025283456754863,0.002514543594728,0.0464859309443603,0.1781520009847739,45.12736129760742,1.2283446474583064,0.9034907817840576,0.6893407106399536,65.29851531982422,1.167321055347701,36.81632653061224,2.017023086547852,0.5385041236877441,-1.2386746406555176,0.2448979591836734,0.1792510896921157,0.8293239772319794,2.33601053249597,30.269998909725476,8.922458029379667,1.7784530413767563,0.7218673703027875
61,61,61,7.3149496846634845,0.0427844077348709,2.276679499649888,2.276679499649888,0.0,1.5031802654266355,0.3841908019564061,0.1710807881581373,25.374918954447192,686.1383569191087,132.53893382931545,14.268251217334171,2.3325592936041306,0.2256466260105504,0.2160342143142463,0.2238772209731747,0.2876034836550769,0.0018819680688104,28.68169343534171,97.57205370295074,120.8622408999328,70.84846592553761,30.039212893820977,15.929801784129149,47.67576522131999,0.0020422464397427,0.0020388144253331,0.0448604066406532,0.1668542627388467,78.38738250732422,1.0285757373232818,0.944558560848236,0.8643098473548889,136.1134796142578,0.9389963940240608,42.204081632653065,2.0888547897338867,0.6281160116195679,-0.9806312918663024,0.3265306122448979,0.2135874778032302,0.7866104543209076,2.63614329447996,29.673737922824746,10.044968506032706,1.9969897784769088,0.7443717530236205
62,62,62,7.453411686433129,0.0726203024387359,2.077805149856071,2.077805149856071,0.0,1.3941348791122437,0.3210449265463852,0.1703753545462757,25.912004212334057,815.0456645991974,136.21579672502185,15.751828529461124,2.713619723562254,0.0817059753904551,0.2128656453639872,0.2173857080082399,0.2728248634788623,0.0030173785098048,18.812350049904232,2757679689.239012,403.08478292375486,195.27911935696224,60.89130103089276,24.54937860854761,78.41997528100454,0.0031688757972352,0.0031668300615814,0.0455483550886033,0.1383941496177809,32.42462158203125,1.3427715077458515,0.897330641746521,0.6652366518974304,58.11723709106445,1.2344633142537254,38.53061224489796,2.0168492794036865,0.5365310311317444,-1.2511602640151978,0.2032653061224489,0.140080451965332,0.827310174703598,1.8186794268316262,37.18145614973096,11.223583551947597,2.217468951102493,0.7959993736483981
63,63,63,7.335123976581803,0.0324618443846702,2.43753176701581,2.43753176701581,0.0,1.2846641540527344,0.3189404236117162,0.1346466332670451,25.900687465095924,798.230941172824,135.24918769710334,14.873548113428722,2.5339202866890216,0.1714062926621603,0.1646921120511321,0.1875337733598139,0.2652732269557731,0.0013077353820847,19.89354900846953,1016091222.4819186,121.1408117013534,54.93425429791194,21.07797050746941,12.511875369295652,34.59334083959298,0.0014589322460452,0.0014532272972829,0.0384700454798035,0.1557089423086514,116.4580535888672,0.9789364466499898,0.9681724905967712,0.9187169671058656,168.7740020751953,0.8914943077996699,51.26530612244898,2.1251494884490967,0.700863242149353,-0.8131680488586426,0.3346938775510204,0.2042746096849441,0.5145986378192902,2.201927545559373,27.93037485233157,8.184084586916816,1.8096627696754584,0.7409106731120578
64,64,64,7.550142562709127,0.1190026029944419,2.210447862250366,2.210447862250366,0.0,1.462874412536621,0.3051112047495437,0.1420741493838334,22.750839373966777,747.4228354453803,123.6352457772833,13.813251486807513,2.188063005899433,0.0739588304891502,0.1852734361274749,0.1898928069545258,0.255466934930887,0.0042412677468345,15.890547899635964,3562977377.441712,279.8410539514389,155.38718817203434,51.23832012546527,21.78589708251599,68.07836175661842,0.0044513769347247,0.0044484999184817,0.0363201626771036,0.1312268473355462,22.72259521484375,1.4493527387423786,0.8593429327011108,0.5134236216545105,27.440847396850582,1.397147685247181,18.20408163265306,2.003100633621216,0.4744082689285278,-1.405266046524048,0.2016326530612245,0.1013623550534248,0.8502291142940521,1.316201731148425,26.99546419286349,8.258730696518162,1.684412059114087,0.6487185459237231
